{"type":"FeatureCollection","features":[{"type":"Feature","properties":{"DISTRICT":"JHAPA","HQ":"BHADRAPUR","PROVINCE":1},"geometry":{"type":"Polygon","coordinates":[[[88.184761,26.782567],[88.19049,26.777103],[88.192718,26.77164],[88.190994,26.73377],[88.184226,26.712276],[88.173652,26.69594],[88.165832,26.639719],[88.14759,26.620536],[88.146614,26.611074],[88.137969,26.598176],[88.135047,26.574653],[88.133766,26.573797],[88.129943,26.576959],[88.128021,26.573238],[88.125152,26.572664],[88.12355,26.568939],[88.1175,26.570386],[88.117477,26.559768],[88.11174,26.558061],[88.111099,26.556053],[88.114883,26.543708],[88.114242,26.5417],[88.10659,26.537406],[88.108474,26.52765],[88.108139,26.519905],[88.098236,26.507585],[88.10427,26.500686],[88.104896,26.495525],[88.109024,26.490066],[88.108375,26.482604],[88.110588,26.472557],[88.109603,26.464529],[88.100624,26.436138],[88.090736,26.426109],[88.079887,26.411203],[88.074783,26.408344],[88.066825,26.408069],[88.060119,26.399179],[88.050254,26.394891],[88.038452,26.383428],[88.035896,26.379421],[88.035881,26.368513],[88.032058,26.363637],[88.019958,26.36107],[88.001831,26.365974],[87.99707,26.373718],[87.996772,26.391517],[87.986907,26.392959],[87.968772,26.398708],[87.945236,26.4125],[87.93441,26.416814],[87.930282,26.426286],[87.921691,26.431453],[87.929016,26.437763],[87.929023,26.443784],[87.924247,26.44666],[87.912147,26.446954],[87.906417,26.448678],[87.913108,26.454416],[87.913108,26.458435],[87.903884,26.476795],[87.894653,26.485124],[87.888916,26.47623],[87.882225,26.472217],[87.870117,26.46877],[87.867568,26.463891],[87.863433,26.463321],[87.866294,26.450979],[87.856742,26.444669],[87.854827,26.43893],[87.851005,26.436632],[87.836044,26.438644],[87.836044,26.447248],[87.831268,26.452413],[87.812789,26.463319],[87.80101,26.467332],[87.795272,26.466751],[87.793998,26.467905],[87.791458,26.46474],[87.794639,26.461011],[87.794006,26.459289],[87.778083,26.450103],[87.782546,26.447235],[87.778732,26.438913],[87.778732,26.435462],[87.780639,26.433458],[87.782875,26.434322],[87.778732,26.427146],[87.778099,26.421407],[87.773963,26.418531],[87.768241,26.410787],[87.764739,26.409063],[87.759963,26.409053],[87.756141,26.411348],[87.752319,26.416517],[87.747543,26.41794],[87.743408,26.415641],[87.738006,26.407028],[87.729721,26.411613],[87.723663,26.419075],[87.715698,26.425092],[87.70137,26.42938],[87.69786,26.434255],[87.682891,26.43338],[87.68386,26.427062],[87.682281,26.418167],[87.678138,26.420454],[87.679397,26.431653],[87.674919,26.445129],[87.665977,26.463203],[87.665321,26.474386],[87.662124,26.480415],[87.654464,26.487005],[87.644554,26.511087],[87.644836,26.531755],[87.646728,26.543521],[87.643188,26.564468],[87.641868,26.587419],[87.644409,26.594884],[87.651733,26.602354],[87.658729,26.612697],[87.659675,26.621017],[87.647506,26.64855],[87.647491,26.658302],[87.676467,26.697364],[87.686973,26.717178],[87.690147,26.728658],[87.689819,26.734401],[87.703231,26.732404],[87.709617,26.729825],[87.724311,26.718935],[87.73645,26.712343],[87.761672,26.706052],[87.768699,26.695442],[87.780509,26.684541],[87.785293,26.683965],[87.791679,26.687126],[87.800613,26.682542],[87.802848,26.683116],[87.807952,26.688858],[87.810501,26.689142],[87.813056,26.685695],[87.816566,26.670207],[87.822631,26.667907],[87.836029,26.666194],[87.844009,26.658445],[87.852302,26.658729],[87.864105,26.665899],[87.876869,26.678815],[87.882301,26.681968],[87.887725,26.681104],[87.897926,26.676227],[87.91484,26.673059],[87.924087,26.665884],[87.92823,26.664447],[87.929512,26.665884],[87.924415,26.679941],[87.925056,26.681661],[87.929199,26.682527],[87.93016,26.687397],[87.926017,26.694005],[87.926338,26.695718],[87.946151,26.719524],[87.951576,26.723543],[87.958602,26.725833],[87.98381,26.719493],[87.991821,26.74043],[88.005554,26.74529],[88.013221,26.744424],[88.020889,26.748144],[88.026008,26.755022],[88.027931,26.765636],[88.031448,26.765348],[88.032386,26.754444],[88.038444,26.750995],[88.047378,26.748682],[88.054092,26.751827],[88.060813,26.760139],[88.063705,26.770753],[88.0634,26.777355],[88.060546,26.785675],[88.066299,26.788827],[88.070777,26.789388],[88.080024,26.785644],[88.083862,26.786788],[88.094749,26.802261],[88.098899,26.801679],[88.100166,26.796224],[88.090881,26.787059],[88.089279,26.783622],[88.093063,26.76382],[88.096878,26.755205],[88.096549,26.750324],[88.10707,26.743135],[88.112785,26.733655],[88.116935,26.733072],[88.120132,26.735368],[88.123344,26.741382],[88.123687,26.752286],[88.128814,26.756868],[88.128829,26.764326],[88.134284,26.77407],[88.136833,26.774347],[88.139373,26.766597],[88.141288,26.766311],[88.146728,26.770023],[88.150566,26.775753],[88.15541,26.793247],[88.153839,26.801855],[88.154808,26.805017],[88.161499,26.799833],[88.167526,26.784038],[88.174858,26.78144],[88.184761,26.782567]]]}},{"type":"Feature","properties":{"DISTRICT":"ILAM","HQ":"ILAM","PROVINCE":1},"geometry":{"type":"Polygon","coordinates":[[[87.994583,27.105968],[87.995857,27.103673],[88.005142,27.103084],[88.016975,27.091018],[88.02433,27.086423],[88.02433,27.083263],[88.020149,27.078681],[88.019187,27.074661],[88.024612,27.065765],[88.030036,27.050836],[88.039291,27.037912],[88.050804,27.035028],[88.060722,27.030422],[88.079605,27.034982],[88.086952,27.024921],[88.089797,27.011718],[88.092674,27.008563],[88.103851,27.002796],[88.110229,26.99332],[88.118209,26.985845],[88.134841,26.984086],[88.134826,26.980648],[88.12648,26.966892],[88.122276,26.950836],[88.144279,26.925254],[88.146499,26.92037],[88.146156,26.912336],[88.138465,26.902025],[88.139083,26.898002],[88.162361,26.879882],[88.177345,26.866071],[88.176353,26.854026],[88.171539,26.848009],[88.171516,26.839405],[88.175308,26.824764],[88.180068,26.814134],[88.181602,26.793474],[88.184761,26.782567],[88.174858,26.78144],[88.167526,26.784038],[88.161499,26.799833],[88.154808,26.805017],[88.153839,26.801855],[88.15541,26.793247],[88.150566,26.775753],[88.146728,26.770023],[88.141288,26.766311],[88.139373,26.766597],[88.136833,26.774347],[88.134284,26.77407],[88.128829,26.764326],[88.128814,26.756868],[88.123687,26.752286],[88.123344,26.741382],[88.120132,26.735368],[88.116935,26.733072],[88.112785,26.733655],[88.10707,26.743135],[88.096549,26.750324],[88.096878,26.755205],[88.093063,26.76382],[88.089279,26.783622],[88.090881,26.787059],[88.100166,26.796224],[88.098899,26.801679],[88.094749,26.802261],[88.083862,26.786788],[88.080024,26.785644],[88.070777,26.789388],[88.066299,26.788827],[88.060546,26.785675],[88.0634,26.777355],[88.063705,26.770753],[88.060813,26.760139],[88.054092,26.751827],[88.047378,26.748682],[88.038444,26.750995],[88.032386,26.754444],[88.031448,26.765348],[88.027931,26.765636],[88.026008,26.755022],[88.020889,26.748144],[88.013221,26.744424],[88.005554,26.74529],[87.991821,26.74043],[87.98381,26.719493],[87.958602,26.725833],[87.951576,26.723543],[87.946151,26.719524],[87.926338,26.695718],[87.926017,26.694005],[87.93016,26.687397],[87.929199,26.682527],[87.925056,26.681661],[87.924415,26.679941],[87.929512,26.665884],[87.92823,26.664447],[87.924087,26.665884],[87.91484,26.673059],[87.897926,26.676227],[87.887725,26.681104],[87.882301,26.681968],[87.876869,26.678815],[87.864105,26.665899],[87.852302,26.658729],[87.844009,26.658445],[87.836029,26.666194],[87.822631,26.667907],[87.816566,26.670207],[87.813056,26.685695],[87.810501,26.689142],[87.807952,26.688858],[87.802848,26.683116],[87.800613,26.682542],[87.791679,26.687126],[87.785293,26.683965],[87.780509,26.684541],[87.768699,26.695442],[87.761672,26.706052],[87.73645,26.712343],[87.724311,26.718935],[87.709617,26.729825],[87.703231,26.732404],[87.689819,26.734401],[87.679244,26.766815],[87.678276,26.771974],[87.679862,26.78116],[87.678581,26.784885],[87.674743,26.788326],[87.660682,26.794622],[87.658119,26.797777],[87.658119,26.801218],[87.662895,26.808689],[87.660331,26.815853],[87.65361,26.822448],[87.650726,26.829044],[87.643692,26.831045],[87.634094,26.838781],[87.623855,26.843061],[87.597702,26.862251],[87.616477,26.860845],[87.640762,26.862316],[87.648422,26.866634],[87.665039,26.869237],[87.685485,26.879299],[87.687721,26.881889],[87.690574,26.896808],[87.697593,26.908294],[87.697914,26.912023],[87.68444,26.947301],[87.684738,26.959644],[87.690162,26.971408],[87.702957,26.977449],[87.708702,26.989511],[87.74163,27.017078],[87.748672,27.01938],[87.759552,27.018238],[87.769157,27.014801],[87.782592,27.015954],[87.82772,27.0415],[87.837005,27.042936],[87.852371,27.059005],[87.864219,27.064168],[87.886955,27.084243],[87.902656,27.091699],[87.912582,27.093414],[87.924438,27.09972],[87.942695,27.100564],[87.950706,27.104286],[87.977279,27.10254],[87.994583,27.105968]]]}},{"type":"Feature","properties":{"DISTRICT":"PANCHTHAR","HQ":"PHIDIM","PROVINCE":1},"geometry":{"type":"Polygon","coordinates":[[[88.073143,27.435216],[88.076019,27.428045],[88.07505,27.426326],[88.072158,27.423171],[88.058975,27.415735],[88.052536,27.408859],[88.048614,27.377885],[88.046043,27.373291],[88.047622,27.366409],[88.06044,27.351758],[88.065223,27.342857],[88.06649,27.331083],[88.053627,27.319057],[88.045898,27.304155],[88.045555,27.293251],[88.038803,27.289247],[88.035591,27.28408],[88.033287,27.252246],[88.015586,27.215539],[88.014923,27.202922],[88.015556,27.200048],[88.017799,27.198902],[88.018432,27.194881],[88.014236,27.177387],[88.019996,27.170492],[88.01165,27.160459],[88.011634,27.150709],[88.009056,27.142673],[87.993011,27.128063],[87.991386,27.112571],[87.994583,27.105968],[87.977279,27.10254],[87.950706,27.104286],[87.942695,27.100564],[87.924438,27.09972],[87.912582,27.093414],[87.902656,27.091699],[87.886955,27.084243],[87.864219,27.064168],[87.852371,27.059005],[87.837005,27.042936],[87.82772,27.0415],[87.782592,27.015954],[87.769157,27.014801],[87.759552,27.018238],[87.748672,27.01938],[87.74163,27.017078],[87.708702,26.989511],[87.702957,26.977449],[87.692085,26.973133],[87.688888,26.969692],[87.684738,26.959644],[87.684112,26.949308],[87.696945,26.916046],[87.697593,26.908294],[87.690574,26.896808],[87.687721,26.881889],[87.677177,26.874698],[87.665039,26.869237],[87.648422,26.866634],[87.640762,26.862316],[87.616477,26.860845],[87.596336,26.862249],[87.589309,26.859651],[87.585151,26.861654],[87.579383,26.8691],[87.570739,26.873966],[87.566886,26.882848],[87.561759,26.887149],[87.544181,26.886251],[87.531066,26.891096],[87.533111,26.904027],[87.524581,26.93054],[87.527778,26.937715],[87.527854,26.954172],[87.524703,26.957399],[87.501968,26.970722],[87.497764,26.974899],[87.495468,26.980583],[87.506881,26.984182],[87.51197,26.987854],[87.524284,27.003694],[87.542663,27.018909],[87.543937,27.027311],[87.538909,27.036977],[87.540321,27.045482],[87.546165,27.051513],[87.567886,27.064619],[87.571815,27.068576],[87.581306,27.086128],[87.595863,27.10153],[87.609741,27.108657],[87.622657,27.112051],[87.649604,27.130748],[87.656585,27.130243],[87.664627,27.131908],[87.677459,27.139648],[87.689628,27.141008],[87.69609,27.143814],[87.708511,27.151504],[87.71318,27.155286],[87.714393,27.175893],[87.718528,27.185091],[87.721405,27.187974],[87.739952,27.196067],[87.750503,27.205284],[87.751762,27.211894],[87.746994,27.220428],[87.73162,27.23294],[87.690093,27.259008],[87.680824,27.269237],[87.681457,27.27412],[87.685943,27.281003],[87.694595,27.28934],[87.69812,27.290777],[87.710319,27.286191],[87.726356,27.283626],[87.739837,27.277326],[87.747215,27.276754],[87.76229,27.279346],[87.781219,27.272748],[87.811691,27.275917],[87.847938,27.286247],[87.853393,27.285673],[87.8675,27.278209],[87.880012,27.281932],[87.885787,27.281074],[87.892845,27.282501],[87.903114,27.286516],[87.914337,27.285648],[87.928131,27.280763],[87.93711,27.28305],[87.945129,27.281316],[87.952186,27.282751],[87.957649,27.2859],[87.968566,27.296504],[87.978195,27.301376],[87.982383,27.311124],[87.988807,27.318862],[88.004219,27.324865],[88.006477,27.327737],[88.006805,27.333467],[88.020324,27.35325],[88.024856,27.377059],[88.039047,27.408309],[88.062538,27.431507],[88.073143,27.435216]]]}},{"type":"Feature","properties":{"DISTRICT":"TAPLEJUNG","HQ":"TAPLEJUNG","PROVINCE":1},"geometry":{"type":"Polygon","coordinates":[[[87.666313,27.807762],[87.686294,27.810941],[87.701766,27.811523],[87.725944,27.80581],[87.731422,27.809537],[87.735282,27.81356],[87.736251,27.820156],[87.741722,27.828765],[87.757835,27.840541],[87.767501,27.858047],[87.77169,27.862058],[87.780403,27.864646],[87.778137,27.879564],[87.786201,27.897636],[87.792976,27.902807],[87.803619,27.907684],[87.815559,27.919729],[87.823944,27.919733],[87.82653,27.921451],[87.82846,27.928337],[87.825881,27.933218],[87.825881,27.937803],[87.832664,27.948415],[87.837181,27.94985],[87.853317,27.948705],[87.858161,27.946687],[87.859764,27.936937],[87.857177,27.928333],[87.862342,27.920869],[87.864913,27.911979],[87.876205,27.913118],[87.890403,27.910526],[87.898788,27.911962],[87.912345,27.917398],[87.931701,27.916807],[87.938789,27.910205],[87.954277,27.907896],[87.957496,27.905887],[87.961357,27.897563],[87.964576,27.894401],[87.981658,27.887779],[87.990371,27.889495],[88.002967,27.897512],[88.018135,27.897201],[88.025238,27.903215],[88.030403,27.905496],[88.046516,27.898588],[88.063583,27.887083],[88.067131,27.887939],[88.075531,27.893949],[88.083274,27.894222],[88.086502,27.892202],[88.088424,27.887611],[88.089035,27.874128],[88.091918,27.868381],[88.096107,27.866651],[88.107398,27.866912],[88.112876,27.869487],[88.124847,27.881225],[88.130973,27.882646],[88.141296,27.880611],[88.158683,27.871105],[88.168334,27.867637],[88.179916,27.857564],[88.193763,27.853219],[88.19696,27.847478],[88.20436,27.840282],[88.203376,27.836843],[88.197235,27.833419],[88.193016,27.825685],[88.189468,27.823116],[88.176887,27.82028],[88.186187,27.809349],[88.188743,27.800743],[88.195167,27.794982],[88.196746,27.788099],[88.19448,27.782936],[88.185104,27.772924],[88.184417,27.762025],[88.181495,27.755722],[88.181144,27.746255],[88.175659,27.74196],[88.164375,27.73941],[88.15921,27.73512],[88.15689,27.715333],[88.150726,27.70272],[88.154891,27.694677],[88.155197,27.688941],[88.150337,27.679485],[88.14643,27.664867],[88.142227,27.658853],[88.123191,27.641107],[88.115707,27.610996],[88.113121,27.606702],[88.106353,27.601837],[88.090568,27.594413],[88.08023,27.579797],[88.077323,27.571487],[88.0802,27.56287],[88.076972,27.558002],[88.069564,27.55285],[88.067939,27.54454],[88.059547,27.535079],[88.065002,27.529052],[88.065315,27.52589],[88.060165,27.519014],[88.061111,27.512126],[88.058204,27.507545],[88.045967,27.497806],[88.045303,27.485191],[88.047531,27.474855],[88.067413,27.455888],[88.073143,27.435216],[88.062538,27.431507],[88.039047,27.408309],[88.024856,27.377059],[88.020324,27.35325],[88.006805,27.333467],[88.006477,27.327737],[88.004219,27.324865],[87.988807,27.318862],[87.982383,27.311124],[87.978195,27.301376],[87.968566,27.296504],[87.957649,27.2859],[87.952186,27.282751],[87.945129,27.281316],[87.93711,27.28305],[87.928131,27.280763],[87.914337,27.285648],[87.903114,27.286516],[87.892845,27.282501],[87.885787,27.281074],[87.880012,27.281932],[87.8675,27.278209],[87.853393,27.285673],[87.847938,27.286247],[87.811691,27.275917],[87.781219,27.272748],[87.76229,27.279346],[87.747215,27.276754],[87.739837,27.277326],[87.726356,27.283626],[87.710319,27.286191],[87.69812,27.290777],[87.694595,27.28934],[87.68338,27.278137],[87.680824,27.269237],[87.679542,27.270381],[87.652946,27.26852],[87.632064,27.272617],[87.62339,27.278345],[87.610229,27.283206],[87.600288,27.284341],[87.582,27.283155],[87.551521,27.28568],[87.541564,27.291118],[87.530975,27.291385],[87.525512,27.293373],[87.519165,27.297399],[87.510719,27.306259],[87.498832,27.312829],[87.490425,27.334619],[87.476249,27.350648],[87.471084,27.361536],[87.466888,27.366697],[87.460456,27.371269],[87.458831,27.377576],[87.459457,27.382169],[87.449455,27.397064],[87.448143,27.405096],[87.455482,27.418886],[87.460578,27.432952],[87.462074,27.467103],[87.463661,27.473419],[87.472938,27.48664],[87.470031,27.492664],[87.471267,27.508731],[87.477348,27.516782],[87.47763,27.529981],[87.484024,27.542049],[87.488189,27.546079],[87.484611,27.559553],[87.486846,27.565584],[87.491653,27.573053],[87.513778,27.597494],[87.5186,27.598081],[87.527618,27.594083],[87.531799,27.595521],[87.531776,27.603267],[87.538818,27.619636],[87.539115,27.628536],[87.540077,27.630546],[87.54747,27.632856],[87.543571,27.648057],[87.543876,27.654945],[87.547409,27.658966],[87.554115,27.681356],[87.562454,27.695714],[87.568252,27.696016],[87.575988,27.690576],[87.577606,27.688573],[87.578582,27.681112],[87.581489,27.677959],[87.593719,27.678846],[87.606613,27.67284],[87.612403,27.675432],[87.615615,27.679454],[87.619461,27.690073],[87.618156,27.698104],[87.622329,27.706148],[87.62844,27.710165],[87.634239,27.710464],[87.639068,27.708463],[87.642929,27.710758],[87.642265,27.723102],[87.65673,27.747211],[87.656066,27.760982],[87.665405,27.765588],[87.669906,27.770467],[87.670539,27.779077],[87.67247,27.782526],[87.669563,27.786819],[87.668914,27.789693],[87.670837,27.796005],[87.666641,27.802886],[87.666313,27.807762]]]}},{"type":"Feature","properties":{"DISTRICT":"MORANG","HQ":"BIRATNAGAR","PROVINCE":1},"geometry":{"type":"Polygon","coordinates":[[[87.580169,26.856014],[87.597702,26.862251],[87.623855,26.843061],[87.634094,26.838781],[87.643692,26.831045],[87.650726,26.829044],[87.65361,26.822448],[87.662567,26.812419],[87.662895,26.808689],[87.658119,26.801218],[87.65876,26.796339],[87.676658,26.787179],[87.679542,26.782886],[87.678276,26.771974],[87.679244,26.766815],[87.689178,26.738414],[87.690147,26.728658],[87.685058,26.713449],[87.671691,26.689613],[87.647491,26.658302],[87.647506,26.64855],[87.659675,26.621017],[87.658729,26.612697],[87.651733,26.602354],[87.644409,26.594884],[87.641868,26.587419],[87.643188,26.564468],[87.646728,26.543521],[87.644836,26.531755],[87.644554,26.511087],[87.654464,26.487005],[87.662124,26.480415],[87.665321,26.474386],[87.665977,26.463203],[87.674919,26.445129],[87.679397,26.431653],[87.677818,26.421892],[87.682281,26.418167],[87.681121,26.411951],[87.676322,26.40942],[87.661674,26.408702],[87.655601,26.406473],[87.653656,26.403619],[87.653854,26.393278],[87.65129,26.392152],[87.628395,26.392671],[87.619453,26.390172],[87.608207,26.380802],[87.600891,26.380588],[87.591064,26.383556],[87.584159,26.392234],[87.568,26.397844],[87.559143,26.402809],[87.5485,26.418987],[87.531669,26.422302],[87.518371,26.428743],[87.496162,26.434972],[87.480911,26.437688],[87.465324,26.438398],[87.452545,26.434204],[87.437812,26.42485],[87.428543,26.421194],[87.40689,26.419658],[87.392578,26.420639],[87.387458,26.417808],[87.380371,26.408958],[87.371139,26.408458],[87.368896,26.407047],[87.360176,26.392757],[87.357238,26.384737],[87.356788,26.370958],[87.359542,26.359447],[87.355041,26.35403],[87.347358,26.34892],[87.341316,26.34897],[87.317939,26.36667],[87.313186,26.368711],[87.301414,26.36823],[87.2919,26.371746],[87.270584,26.371326],[87.265838,26.374523],[87.267021,26.401214],[87.265167,26.408126],[87.260742,26.411314],[87.24932,26.415126],[87.24295,26.415172],[87.247131,26.420312],[87.248443,26.42461],[87.249191,26.438388],[87.248039,26.452756],[87.241844,26.473472],[87.246047,26.480916],[87.24868,26.490365],[87.25608,26.500078],[87.253082,26.521926],[87.259231,26.533655],[87.266593,26.537624],[87.282531,26.538938],[87.28733,26.540916],[87.289596,26.54491],[87.293708,26.577907],[87.292579,26.593992],[87.304206,26.611711],[87.305854,26.617731],[87.304008,26.625211],[87.291488,26.651433],[87.292533,26.661472],[87.311195,26.679428],[87.314216,26.696632],[87.330596,26.708848],[87.338798,26.732912],[87.342689,26.740055],[87.342468,26.750682],[87.329544,26.768302],[87.325477,26.777233],[87.324897,26.783267],[87.326812,26.786865],[87.341278,26.800592],[87.348701,26.812917],[87.355384,26.834426],[87.350395,26.847389],[87.373054,26.845199],[87.377853,26.846305],[87.388847,26.859424],[87.393989,26.862543],[87.419616,26.869503],[87.421546,26.871212],[87.42453,26.882102],[87.42807,26.884656],[87.435111,26.885746],[87.441162,26.883108],[87.454391,26.864908],[87.469696,26.861616],[87.478698,26.867275],[87.486061,26.86836],[87.492103,26.866008],[87.504127,26.855276],[87.508926,26.856098],[87.515365,26.860635],[87.52523,26.856807],[87.537063,26.858135],[87.549476,26.854005],[87.558769,26.856208],[87.580169,26.856014]]]}},{"type":"Feature","properties":{"DISTRICT":"SUNSARI","HQ":"INARUWA","PROVINCE":1},"geometry":{"type":"Polygon","coordinates":[[[87.350395,26.847389],[87.355384,26.834426],[87.348701,26.812917],[87.341278,26.800592],[87.326812,26.786865],[87.324897,26.783267],[87.325477,26.777233],[87.329544,26.768302],[87.342468,26.750682],[87.343353,26.742345],[87.330596,26.708848],[87.314216,26.696632],[87.311195,26.679428],[87.292533,26.661472],[87.291488,26.651433],[87.304008,26.625211],[87.305519,26.615716],[87.292579,26.593992],[87.293708,26.577907],[87.289596,26.54491],[87.28733,26.540916],[87.282531,26.538938],[87.270744,26.538446],[87.262123,26.535924],[87.259231,26.533655],[87.25341,26.523353],[87.25608,26.500078],[87.24868,26.490365],[87.246047,26.480916],[87.241844,26.473472],[87.248039,26.452756],[87.249191,26.438388],[87.248443,26.42461],[87.247131,26.420312],[87.24295,26.415172],[87.234344,26.412939],[87.225051,26.40554],[87.22187,26.404985],[87.213005,26.410787],[87.212715,26.414815],[87.2089,26.414838],[87.192016,26.412658],[87.188781,26.405792],[87.183982,26.402952],[87.16999,26.403619],[87.149353,26.410352],[87.138572,26.415592],[87.118644,26.4318],[87.101211,26.442533],[87.094253,26.448606],[87.092048,26.452066],[87.087478,26.48138],[87.087249,26.493446],[87.082901,26.509548],[87.081733,26.524774],[87.074851,26.543199],[87.073005,26.55268],[87.075057,26.57306],[87.073539,26.584268],[87.063041,26.586341],[87.048057,26.586427],[87.046058,26.573226],[87.042488,26.562915],[87.017127,26.533473],[86.991889,26.522413],[86.981704,26.52419],[86.97023,26.521959],[86.96482,26.52371],[86.937721,26.518968],[86.932907,26.512384],[86.929588,26.488859],[86.925125,26.487438],[86.913536,26.488199],[86.914985,26.496391],[86.929191,26.531352],[86.947525,26.561992],[86.952743,26.582057],[86.965316,26.606695],[86.968254,26.617876],[86.973388,26.623592],[86.979545,26.63935],[86.994636,26.657358],[87.005203,26.663904],[87.010345,26.66962],[87.025917,26.710025],[87.02951,26.723497],[87.055885,26.753786],[87.078643,26.768005],[87.091514,26.782859],[87.111053,26.79136],[87.128723,26.806463],[87.135856,26.821065],[87.144538,26.829048],[87.150032,26.836763],[87.155036,26.864875],[87.167587,26.876852],[87.17781,26.876785],[87.211585,26.865352],[87.222145,26.867286],[87.234054,26.877544],[87.240463,26.87951],[87.251617,26.876556],[87.257324,26.871065],[87.259513,26.866167],[87.300148,26.87247],[87.303634,26.869573],[87.311317,26.870658],[87.313537,26.869209],[87.327133,26.853593],[87.337684,26.854661],[87.345291,26.848285],[87.350395,26.847389]]]}},{"type":"Feature","properties":{"DISTRICT":"BHOJPUR","HQ":"BHOJPUR","PROVINCE":1},"geometry":{"type":"Polygon","coordinates":[[[86.946029,27.46042],[86.95565,27.458934],[86.965888,27.451993],[86.991828,27.4398],[87.013,27.436241],[87.025863,27.439039],[87.039077,27.447008],[87.045196,27.448984],[87.052902,27.448368],[87.061523,27.441131],[87.063446,27.44141],[87.086654,27.453622],[87.094703,27.456155],[87.106201,27.464042],[87.115043,27.459859],[87.133346,27.454931],[87.13816,27.452037],[87.142005,27.447429],[87.140708,27.443412],[87.129417,27.430494],[87.12812,27.426477],[87.131622,27.414672],[87.130294,27.402025],[87.133499,27.398862],[87.150505,27.39192],[87.155944,27.384998],[87.168777,27.378932],[87.18061,27.364526],[87.193099,27.355569],[87.195007,27.348669],[87.187904,27.338333],[87.192375,27.331996],[87.192359,27.328258],[87.186241,27.322235],[87.185585,27.31821],[87.190383,27.312452],[87.201904,27.303794],[87.203781,27.289697],[87.208564,27.281627],[87.206611,27.273296],[87.210762,27.267539],[87.207542,27.264961],[87.202087,27.26468],[87.200157,27.26268],[87.206512,27.247419],[87.215454,27.234739],[87.234001,27.220596],[87.243576,27.2082],[87.250572,27.194093],[87.262702,27.180248],[87.2723,27.175905],[87.274528,27.171873],[87.276382,27.155761],[87.272155,27.140537],[87.263145,27.13223],[87.247406,27.123943],[87.244812,27.117048],[87.241271,27.113317],[87.221694,27.105041],[87.210769,27.095867],[87.204002,27.086107],[87.19374,27.082979],[87.183761,27.06776],[87.181159,27.057126],[87.182083,27.045343],[87.196395,27.017982],[87.199874,27.005897],[87.199531,26.998998],[87.194702,26.991817],[87.181877,26.984664],[87.172859,26.968875],[87.164192,26.961708],[87.164817,26.956533],[87.159774,26.949447],[87.16349,26.94244],[87.150672,26.934995],[87.150978,26.931545],[87.159919,26.926631],[87.159912,26.924619],[87.153739,26.919244],[87.147171,26.923494],[87.132141,26.922733],[87.102989,26.914016],[87.091758,26.90719],[87.071281,26.904447],[87.061386,26.906221],[87.052719,26.900815],[87.041854,26.900594],[87.028404,26.896362],[87.013015,26.888978],[87.002143,26.887607],[86.983963,26.893447],[86.977943,26.901519],[86.967071,26.900136],[86.952774,26.903875],[86.95697,26.921443],[86.967231,26.927125],[86.966979,26.939189],[86.971847,26.950359],[86.971221,26.953529],[86.975486,26.971019],[86.972312,26.975343],[86.96434,26.97797],[86.960838,26.981138],[86.961502,26.985734],[86.969581,26.998901],[86.970909,27.007507],[86.965515,27.013853],[86.957847,27.016189],[86.952796,27.0277],[86.956352,27.033996],[86.970169,27.043399],[86.970512,27.047706],[86.966728,27.056337],[86.965812,27.064382],[86.957206,27.070167],[86.95375,27.08139],[86.940353,27.089492],[86.935577,27.094682],[86.921829,27.096761],[86.912597,27.106283],[86.902366,27.109779],[86.905616,27.117799],[86.916877,27.127513],[86.918182,27.131523],[86.916954,27.14186],[86.927612,27.157026],[86.927299,27.159328],[86.920623,27.167686],[86.919395,27.177455],[86.921379,27.188354],[86.930099,27.200376],[86.931419,27.207836],[86.930198,27.218173],[86.927665,27.224212],[86.912994,27.236917],[86.90377,27.249597],[86.902839,27.25506],[86.910896,27.263921],[86.920219,27.267612],[86.927917,27.268148],[86.944564,27.264328],[86.951301,27.265161],[86.96614,27.280588],[86.970695,27.290321],[86.97203,27.299215],[86.987785,27.306026],[86.984611,27.31064],[86.973419,27.316722],[86.969924,27.321914],[86.964172,27.325389],[86.953964,27.336057],[86.953063,27.345827],[86.950531,27.352733],[86.935157,27.356826],[86.931053,27.369483],[86.934974,27.381521],[86.934043,27.386693],[86.927001,27.390464],[86.918701,27.397674],[86.91394,27.408615],[86.913993,27.417797],[86.909881,27.429586],[86.911186,27.433315],[86.916671,27.438167],[86.932762,27.444126],[86.942123,27.451543],[86.946029,27.46042]]]}},{"type":"Feature","properties":{"DISTRICT":"DHANKUTA","HQ":"DHANKUTA","PROVINCE":1},"geometry":{"type":"Polygon","coordinates":[[[87.407249,27.13779],[87.407836,27.132904],[87.399436,27.124938],[87.396415,27.111465],[87.400711,27.092195],[87.40126,27.083002],[87.399948,27.082246],[87.406295,27.073019],[87.426338,27.051361],[87.431068,27.040422],[87.43222,27.021158],[87.444587,27.0027],[87.444541,26.995223],[87.439956,26.980592],[87.440116,26.969261],[87.444602,26.970077],[87.462478,26.967058],[87.471809,26.973005],[87.483985,26.975193],[87.490447,26.980878],[87.495841,26.980398],[87.497764,26.974899],[87.501968,26.970722],[87.524703,26.957399],[87.527854,26.954172],[87.527778,26.937715],[87.524581,26.93054],[87.533111,26.904027],[87.531066,26.891096],[87.544181,26.886251],[87.561759,26.887149],[87.566886,26.882848],[87.570739,26.873966],[87.579383,26.8691],[87.585151,26.861654],[87.590927,26.860069],[87.580169,26.856014],[87.558769,26.856208],[87.549476,26.854005],[87.537063,26.858135],[87.52523,26.856807],[87.515365,26.860635],[87.508926,26.856098],[87.504127,26.855276],[87.492103,26.866008],[87.486061,26.86836],[87.478698,26.867275],[87.469696,26.861616],[87.454391,26.864908],[87.441162,26.883108],[87.435111,26.885746],[87.430641,26.885498],[87.42453,26.882102],[87.421546,26.871212],[87.419616,26.869503],[87.393989,26.862543],[87.387229,26.857711],[87.380432,26.848007],[87.373054,26.845199],[87.345291,26.848285],[87.337684,26.854661],[87.327133,26.853593],[87.313537,26.869209],[87.311317,26.870658],[87.303634,26.869573],[87.300148,26.87247],[87.259513,26.866167],[87.257324,26.871065],[87.251617,26.876556],[87.240463,26.87951],[87.234054,26.877544],[87.222145,26.867286],[87.211585,26.865352],[87.17781,26.876785],[87.167587,26.876852],[87.170524,26.884866],[87.168395,26.898956],[87.165573,26.905866],[87.156997,26.912811],[87.153739,26.919244],[87.159912,26.924619],[87.159919,26.926631],[87.150978,26.931545],[87.150672,26.934995],[87.16349,26.94244],[87.159774,26.949447],[87.164817,26.956533],[87.164192,26.961708],[87.172859,26.968875],[87.181877,26.984664],[87.193099,26.990673],[87.197593,26.994974],[87.199859,27.001003],[87.196395,27.017982],[87.182083,27.045343],[87.181159,27.057126],[87.182792,27.065179],[87.19374,27.082979],[87.204002,27.086107],[87.210769,27.095867],[87.221694,27.105041],[87.241271,27.113317],[87.244812,27.117048],[87.247406,27.123943],[87.263145,27.13223],[87.272155,27.140537],[87.276046,27.151735],[87.276397,27.158063],[87.274528,27.171873],[87.2723,27.175905],[87.268928,27.178205],[87.276489,27.184247],[87.288063,27.189661],[87.309654,27.183069],[87.317337,27.182147],[87.328933,27.188667],[87.343025,27.188272],[87.355567,27.193054],[87.360046,27.192438],[87.378196,27.180814],[87.383171,27.164981],[87.39009,27.151998],[87.402145,27.139846],[87.407249,27.13779]]]}},{"type":"Feature","properties":{"DISTRICT":"TEHRATHUM","HQ":"MYANGLUNG","PROVINCE":1},"geometry":{"type":"Polygon","coordinates":[[[87.519165,27.297399],[87.530975,27.291385],[87.541564,27.291118],[87.554733,27.285116],[87.582,27.283155],[87.600288,27.284341],[87.610229,27.283206],[87.62339,27.278345],[87.632064,27.272617],[87.652946,27.26852],[87.679542,27.270381],[87.690093,27.259008],[87.73162,27.23294],[87.746994,27.220428],[87.751075,27.214263],[87.751136,27.207014],[87.747947,27.201829],[87.742195,27.197509],[87.721405,27.187974],[87.718528,27.185091],[87.714393,27.175893],[87.71318,27.155286],[87.708511,27.151504],[87.69609,27.143814],[87.689628,27.141008],[87.677459,27.139648],[87.664627,27.131908],[87.656585,27.130243],[87.649604,27.130748],[87.622657,27.112051],[87.609741,27.108657],[87.595863,27.10153],[87.581306,27.086128],[87.571815,27.068576],[87.567886,27.064619],[87.546165,27.051513],[87.540321,27.045482],[87.538909,27.036977],[87.543937,27.027311],[87.542663,27.018909],[87.524284,27.003694],[87.51197,26.987854],[87.500007,26.981275],[87.490447,26.980878],[87.483985,26.975193],[87.471809,26.973005],[87.462478,26.967058],[87.444602,26.970077],[87.440116,26.969261],[87.439956,26.980592],[87.444541,26.995223],[87.444587,27.0027],[87.43222,27.021158],[87.431068,27.040422],[87.426338,27.051361],[87.406295,27.073019],[87.399948,27.082246],[87.40126,27.083002],[87.400711,27.092195],[87.396415,27.111465],[87.399436,27.124938],[87.408493,27.134618],[87.407249,27.13779],[87.408271,27.1441],[87.405487,27.154174],[87.408432,27.160749],[87.416191,27.167867],[87.423606,27.172395],[87.449661,27.182508],[87.466804,27.198444],[87.467277,27.212799],[87.469924,27.220527],[87.474182,27.229389],[87.481323,27.238222],[87.480499,27.250576],[87.489227,27.257678],[87.492233,27.269134],[87.519165,27.297399]]]}},{"type":"Feature","properties":{"DISTRICT":"SANKHUWASABHA","HQ":"KHANDBARI","PROVINCE":1},"geometry":{"type":"Polygon","coordinates":[[[87.66381,27.820178],[87.666641,27.802886],[87.670837,27.796005],[87.668914,27.789693],[87.669563,27.786819],[87.67247,27.782526],[87.670539,27.779077],[87.669906,27.770467],[87.665405,27.765588],[87.656066,27.760982],[87.65673,27.747211],[87.642265,27.723102],[87.642929,27.710758],[87.639068,27.708463],[87.634239,27.710464],[87.62844,27.710165],[87.622329,27.706148],[87.618156,27.698104],[87.619461,27.690073],[87.615615,27.679454],[87.612403,27.675432],[87.606613,27.67284],[87.593719,27.678846],[87.581489,27.677959],[87.578582,27.681112],[87.577606,27.688573],[87.575988,27.690576],[87.568252,27.696016],[87.562454,27.695714],[87.554115,27.681356],[87.547409,27.658966],[87.543876,27.654945],[87.543571,27.648057],[87.54747,27.632856],[87.540077,27.630546],[87.539115,27.628536],[87.538818,27.619636],[87.531776,27.603267],[87.531799,27.595521],[87.527618,27.594083],[87.5186,27.598081],[87.513778,27.597494],[87.491653,27.573053],[87.486846,27.565584],[87.484611,27.559553],[87.488189,27.546079],[87.484024,27.542049],[87.47763,27.529981],[87.477348,27.516782],[87.471267,27.508731],[87.470031,27.492664],[87.472938,27.48664],[87.465576,27.477727],[87.462394,27.469116],[87.460578,27.432952],[87.455482,27.418886],[87.449096,27.40854],[87.448486,27.399351],[87.452041,27.392189],[87.458808,27.383888],[87.460456,27.371269],[87.466888,27.366697],[87.471084,27.361536],[87.476249,27.350648],[87.490425,27.334619],[87.498832,27.312829],[87.510719,27.306259],[87.519165,27.297399],[87.492233,27.269134],[87.489227,27.257678],[87.480499,27.250576],[87.481323,27.238222],[87.474182,27.229389],[87.469924,27.220527],[87.467277,27.212799],[87.466804,27.198444],[87.451919,27.183929],[87.445793,27.180246],[87.423606,27.172395],[87.410377,27.162748],[87.405487,27.154174],[87.408271,27.1441],[87.407249,27.13779],[87.402145,27.139846],[87.39009,27.151998],[87.383171,27.164981],[87.378196,27.180814],[87.360046,27.192438],[87.355567,27.193054],[87.343025,27.188272],[87.328933,27.188667],[87.317337,27.182147],[87.309654,27.183069],[87.288063,27.189661],[87.276489,27.184247],[87.268928,27.178205],[87.264938,27.178808],[87.250572,27.194093],[87.243576,27.2082],[87.232727,27.222034],[87.212257,27.238201],[87.206512,27.247419],[87.200157,27.26268],[87.202087,27.26468],[87.207542,27.264961],[87.210762,27.267539],[87.206611,27.273296],[87.208564,27.281627],[87.203781,27.289697],[87.201904,27.303794],[87.190383,27.312452],[87.185585,27.31821],[87.186241,27.322235],[87.192359,27.328258],[87.192375,27.331996],[87.187904,27.338333],[87.195007,27.348669],[87.193099,27.355569],[87.18061,27.364526],[87.168777,27.378932],[87.155944,27.384998],[87.150505,27.39192],[87.133499,27.398862],[87.130294,27.402025],[87.131622,27.414672],[87.12812,27.426477],[87.129417,27.430494],[87.140708,27.443412],[87.142005,27.447429],[87.13816,27.452037],[87.133346,27.454931],[87.115043,27.459859],[87.106201,27.464042],[87.094703,27.456155],[87.086654,27.453622],[87.063446,27.44141],[87.061523,27.441131],[87.052902,27.448368],[87.045196,27.448984],[87.039077,27.447008],[87.025863,27.439039],[87.013,27.436241],[86.991828,27.4398],[86.965888,27.451993],[86.95565,27.458934],[86.946029,27.46042],[86.951202,27.466426],[86.953826,27.476457],[86.962524,27.479864],[86.965431,27.483297],[86.961639,27.493074],[86.950134,27.504329],[86.946632,27.509799],[86.946998,27.517267],[86.949592,27.521556],[86.951576,27.53045],[86.954162,27.533304],[86.965446,27.539276],[86.97097,27.548728],[86.970092,27.563085],[86.967552,27.568267],[86.964355,27.571155],[86.955368,27.57378],[86.956024,27.576652],[86.960876,27.580932],[86.961227,27.586097],[86.960327,27.597301],[86.956207,27.607088],[86.960739,27.611658],[86.962066,27.618825],[86.965316,27.624261],[86.986373,27.648273],[86.990974,27.664606],[86.990745,27.678682],[86.992431,27.691015],[87.009933,27.712766],[87.013587,27.728221],[87.011032,27.731111],[87.003631,27.731435],[86.999786,27.734045],[86.996948,27.744102],[86.985389,27.74905],[86.983154,27.752508],[86.986755,27.762248],[86.982635,27.772605],[86.990104,27.782617],[86.992073,27.793716],[87.008239,27.806198],[87.012367,27.814889],[86.998764,27.827354],[86.9878,27.826839],[86.984588,27.828292],[86.995628,27.841728],[86.995986,27.846891],[86.99089,27.857545],[86.994468,27.861833],[86.993835,27.864416],[86.987724,27.866176],[86.984191,27.869064],[86.983573,27.873371],[86.978126,27.878282],[86.978546,27.893783],[86.972488,27.905294],[86.975753,27.912452],[86.984848,27.922168],[86.983604,27.929355],[86.985618,27.942546],[86.988586,27.952585],[86.990203,27.953723],[87.003433,27.953651],[87.015708,27.956737],[87.018608,27.956151],[87.025993,27.950372],[87.036956,27.949737],[87.041786,27.947406],[87.052963,27.93069],[87.058418,27.926933],[87.073539,27.921392],[87.077064,27.917922],[87.080505,27.903549],[87.088447,27.885982],[87.10707,27.875253],[87.10884,27.853422],[87.111053,27.846801],[87.126777,27.838382],[87.140312,27.838298],[87.166641,27.825492],[87.19239,27.821876],[87.217544,27.823717],[87.228805,27.82162],[87.23796,27.837062],[87.242828,27.841333],[87.253822,27.844987],[87.261611,27.851825],[87.271278,27.850894],[87.282196,27.846792],[87.304069,27.841745],[87.307548,27.834541],[87.31459,27.829036],[87.321014,27.826692],[87.336822,27.828577],[87.358413,27.828695],[87.362617,27.830381],[87.369499,27.8421],[87.373077,27.845512],[87.388275,27.850561],[87.400222,27.85218],[87.419319,27.860347],[87.423179,27.85946],[87.424438,27.856287],[87.431137,27.84963],[87.431419,27.845314],[87.427192,27.841905],[87.405227,27.837215],[87.405517,27.833765],[87.414222,27.833982],[87.434143,27.828359],[87.443122,27.82426],[87.451499,27.824188],[87.460876,27.827262],[87.475189,27.839483],[87.488471,27.846261],[87.504928,27.847547],[87.538421,27.844938],[87.547851,27.852602],[87.552185,27.865198],[87.562858,27.868259],[87.570869,27.863586],[87.57891,27.862649],[87.585601,27.855978],[87.590522,27.835554],[87.589431,27.825229],[87.590682,27.821765],[87.602943,27.822797],[87.60646,27.820749],[87.611526,27.812953],[87.613136,27.812938],[87.617744,27.820934],[87.631652,27.825386],[87.632354,27.830257],[87.635627,27.834251],[87.659515,27.837451],[87.668525,27.836786],[87.669776,27.83361],[87.664184,27.824195],[87.66381,27.820178]]]}},{"type":"Feature","properties":{"DISTRICT":"SAPTARI","HQ":"RAJBIRAJ","PROVINCE":2},"geometry":{"type":"Polygon","coordinates":[[[87.027648,26.717603],[87.010345,26.66962],[87.005203,26.663904],[86.994636,26.657358],[86.979545,26.63935],[86.973388,26.623592],[86.968254,26.617876],[86.965316,26.606695],[86.952743,26.582057],[86.947525,26.561992],[86.929191,26.531352],[86.914985,26.496391],[86.913536,26.488199],[86.8945,26.485712],[86.892929,26.479705],[86.895507,26.463426],[86.876731,26.457082],[86.865722,26.457866],[86.862968,26.456752],[86.859306,26.451349],[86.850723,26.448595],[86.84513,26.441953],[86.834335,26.440143],[86.82341,26.442071],[86.805717,26.446781],[86.78334,26.456546],[86.772293,26.458696],[86.752113,26.444206],[86.747734,26.437307],[86.747489,26.430427],[86.74308,26.425659],[86.734443,26.423133],[86.728599,26.424179],[86.719169,26.43572],[86.709739,26.435438],[86.700378,26.439229],[86.69387,26.450151],[86.689949,26.452039],[86.679206,26.453659],[86.654922,26.460727],[86.642395,26.461969],[86.639015,26.46597],[86.630126,26.4678],[86.628059,26.469663],[86.626266,26.477659],[86.621345,26.480697],[86.617408,26.485563],[86.607803,26.486829],[86.592597,26.492458],[86.573486,26.496753],[86.564811,26.50443],[86.563423,26.509899],[86.556228,26.522951],[86.547805,26.53515],[86.541046,26.539535],[86.528625,26.544435],[86.523918,26.544889],[86.514488,26.540695],[86.497497,26.542829],[86.487442,26.548274],[86.489295,26.553131],[86.48838,26.556241],[86.483016,26.559917],[86.483581,26.563585],[86.495109,26.567363],[86.495567,26.577054],[86.504219,26.588779],[86.50843,26.602167],[86.510795,26.624694],[86.505195,26.651954],[86.503967,26.673259],[86.505516,26.687595],[86.510833,26.702287],[86.511123,26.709051],[86.50801,26.723379],[86.515037,26.73237],[86.523216,26.737092],[86.526069,26.744298],[86.526657,26.753927],[86.522811,26.77079],[86.523132,26.77526],[86.533462,26.79581],[86.531211,26.816661],[86.53762,26.835012],[86.539093,26.843948],[86.536148,26.882665],[86.536972,26.886495],[86.540954,26.887655],[86.562797,26.886262],[86.565521,26.884401],[86.568061,26.878919],[86.577095,26.871759],[86.579605,26.85164],[86.58628,26.841058],[86.593597,26.834777],[86.601661,26.818964],[86.604255,26.796495],[86.603424,26.779743],[86.604591,26.776342],[86.634544,26.760097],[86.65966,26.748548],[86.668159,26.740983],[86.670112,26.735569],[86.669761,26.729429],[86.667266,26.72516],[86.667579,26.720619],[86.662788,26.708509],[86.673233,26.694608],[86.681106,26.688198],[86.688316,26.688232],[86.693771,26.690059],[86.708068,26.70589],[86.71524,26.702989],[86.725997,26.709167],[86.735855,26.710596],[86.740097,26.708707],[86.744735,26.699289],[86.753822,26.693038],[86.758361,26.68592],[86.770988,26.696949],[86.790016,26.704627],[86.795898,26.708734],[86.802818,26.710424],[86.820396,26.707847],[86.832473,26.71245],[86.840911,26.709289],[86.84275,26.704793],[86.843933,26.692325],[86.852409,26.691287],[86.854179,26.694196],[86.86766,26.702219],[86.871887,26.70997],[86.887069,26.712863],[86.893463,26.720869],[86.905265,26.730693],[86.909828,26.739698],[86.911468,26.763322],[86.916137,26.767387],[86.921096,26.765882],[86.926681,26.760522],[86.930503,26.74957],[86.935874,26.742603],[86.946701,26.737749],[86.961845,26.73834],[86.965003,26.736166],[86.966453,26.731958],[86.965728,26.723533],[86.967041,26.718576],[86.969665,26.715841],[86.978759,26.713819],[86.988571,26.71615],[86.999809,26.712945],[87.027648,26.717603]]]}},{"type":"Feature","properties":{"DISTRICT":"SIRAHA","HQ":"SIRAHA","PROVINCE":2},"geometry":{"type":"Polygon","coordinates":[[[86.260978,26.912715],[86.269622,26.929159],[86.27787,26.933347],[86.291351,26.928213],[86.303688,26.927867],[86.317588,26.924577],[86.33979,26.915012],[86.362922,26.908987],[86.373703,26.906986],[86.407394,26.906473],[86.427185,26.899728],[86.445861,26.88973],[86.455482,26.886821],[86.487098,26.885322],[86.494445,26.888328],[86.505577,26.889274],[86.513198,26.887165],[86.52256,26.889238],[86.527961,26.886999],[86.536972,26.886495],[86.536087,26.878358],[86.539093,26.843948],[86.53762,26.835012],[86.531211,26.816661],[86.533462,26.79581],[86.523132,26.77526],[86.522811,26.77079],[86.526657,26.753927],[86.526069,26.744298],[86.523216,26.737092],[86.515037,26.73237],[86.50801,26.723379],[86.511123,26.709051],[86.510833,26.702287],[86.505516,26.687595],[86.503967,26.673259],[86.505195,26.651954],[86.510795,26.624694],[86.50843,26.602167],[86.504219,26.588779],[86.495567,26.577054],[86.495109,26.567363],[86.485694,26.564531],[86.482917,26.562156],[86.483016,26.559917],[86.48838,26.556241],[86.489295,26.553131],[86.487442,26.548274],[86.452713,26.567361],[86.424232,26.573623],[86.399299,26.58255],[86.395942,26.584188],[86.394783,26.592979],[86.391876,26.594736],[86.38124,26.596162],[86.35749,26.603452],[86.343612,26.605375],[86.341735,26.60832],[86.344116,26.614894],[86.336891,26.618122],[86.309417,26.619707],[86.294921,26.613243],[86.275848,26.617959],[86.261138,26.614307],[86.248268,26.610122],[86.241188,26.605083],[86.236854,26.599895],[86.235969,26.590209],[86.233978,26.589134],[86.226737,26.591434],[86.218315,26.590593],[86.214515,26.592929],[86.21022,26.59147],[86.203781,26.596807],[86.199951,26.596441],[86.19667,26.594057],[86.195213,26.605607],[86.191818,26.609823],[86.19371,26.613191],[86.19149,26.614309],[86.177528,26.614715],[86.174484,26.616287],[86.168395,26.614049],[86.161956,26.613929],[86.155014,26.609338],[86.150932,26.60926],[86.159225,26.63191],[86.180969,26.658529],[86.196304,26.671184],[86.19915,26.680175],[86.198501,26.700551],[86.196716,26.70613],[86.189033,26.71544],[86.185424,26.728729],[86.174842,26.735359],[86.166313,26.743064],[86.150154,26.77086],[86.147705,26.785915],[86.148445,26.800483],[86.150817,26.807125],[86.16072,26.82368],[86.16426,26.837308],[86.163871,26.847806],[86.137588,26.886075],[86.13327,26.894546],[86.134384,26.902797],[86.139511,26.909473],[86.144615,26.925376],[86.148696,26.93017],[86.155967,26.934177],[86.159858,26.933576],[86.16291,26.925973],[86.171691,26.922632],[86.189155,26.906579],[86.204643,26.901855],[86.214935,26.896432],[86.22113,26.890354],[86.22438,26.889686],[86.227394,26.900907],[86.235649,26.901466],[86.24002,26.903495],[86.249336,26.91271],[86.257186,26.911487],[86.260978,26.912715]]]}},{"type":"Feature","properties":{"DISTRICT":"UDAYAPUR","HQ":"TRIYUGA","PROVINCE":1},"geometry":{"type":"Polygon","coordinates":[[[86.43048,27.148286],[86.439086,27.149812],[86.441062,27.148979],[86.440788,27.14738],[86.430633,27.140829],[86.428703,27.135566],[86.431419,27.133014],[86.44635,27.132856],[86.449653,27.131109],[86.454475,27.12302],[86.460563,27.118249],[86.465156,27.112352],[86.466751,27.107509],[86.470115,27.105237],[86.487403,27.109527],[86.498817,27.109867],[86.504043,27.112792],[86.513786,27.112972],[86.521926,27.117477],[86.527458,27.127691],[86.536727,27.135162],[86.549697,27.141216],[86.559204,27.14289],[86.5848,27.15327],[86.594017,27.152593],[86.601394,27.144588],[86.60807,27.141292],[86.648002,27.133426],[86.670051,27.121686],[86.684097,27.106704],[86.694648,27.101697],[86.698944,27.097915],[86.704444,27.081665],[86.71141,27.073028],[86.715042,27.063808],[86.721717,27.056951],[86.730377,27.038249],[86.743278,27.02873],[86.745903,27.024681],[86.751159,27.009756],[86.757247,26.999002],[86.760108,26.974456],[86.76725,26.95807],[86.767578,26.950605],[86.765563,26.94139],[86.76696,26.92542],[86.773025,26.901981],[86.779357,26.88692],[86.787101,26.883663],[86.792083,26.879301],[86.811729,26.873134],[86.827529,26.873497],[86.836097,26.87729],[86.842674,26.88397],[86.858001,26.886867],[86.87001,26.89348],[86.895408,26.897554],[86.914527,26.89763],[86.933212,26.905288],[86.952774,26.903875],[86.967071,26.900136],[86.976669,26.901809],[86.987152,26.891706],[87.002143,26.887607],[87.009819,26.888427],[87.041854,26.900594],[87.052719,26.900815],[87.061386,26.906221],[87.071281,26.904447],[87.091758,26.90719],[87.102989,26.914016],[87.112915,26.91596],[87.122856,26.920494],[87.143341,26.923814],[87.151313,26.921749],[87.156997,26.912811],[87.165573,26.905866],[87.170249,26.890899],[87.169532,26.879993],[87.165008,26.873704],[87.155036,26.864875],[87.150032,26.836763],[87.144538,26.829048],[87.135856,26.821065],[87.128723,26.806463],[87.111053,26.79136],[87.091514,26.782859],[87.078643,26.768005],[87.055885,26.753786],[87.032089,26.726928],[87.027648,26.717603],[86.999809,26.712945],[86.988571,26.71615],[86.978759,26.713819],[86.969665,26.715841],[86.967041,26.718576],[86.965728,26.723533],[86.966453,26.731958],[86.965003,26.736166],[86.961845,26.73834],[86.946701,26.737749],[86.935874,26.742603],[86.930503,26.74957],[86.926681,26.760522],[86.921096,26.765882],[86.916137,26.767387],[86.911468,26.763322],[86.909828,26.739698],[86.905265,26.730693],[86.893463,26.720869],[86.887069,26.712863],[86.871887,26.70997],[86.86766,26.702219],[86.854179,26.694196],[86.852409,26.691287],[86.843933,26.692325],[86.84275,26.704793],[86.840911,26.709289],[86.832473,26.71245],[86.820396,26.707847],[86.802818,26.710424],[86.795898,26.708734],[86.790016,26.704627],[86.770988,26.696949],[86.758361,26.68592],[86.753822,26.693038],[86.744735,26.699289],[86.740097,26.708707],[86.735855,26.710596],[86.725997,26.709167],[86.71524,26.702989],[86.708068,26.70589],[86.693771,26.690059],[86.688316,26.688232],[86.681106,26.688198],[86.673233,26.694608],[86.662788,26.708509],[86.667579,26.720619],[86.667266,26.72516],[86.669761,26.729429],[86.670112,26.735569],[86.668159,26.740983],[86.65966,26.748548],[86.634544,26.760097],[86.604591,26.776342],[86.603424,26.779743],[86.604255,26.796495],[86.601661,26.818964],[86.593597,26.834777],[86.58628,26.841058],[86.579605,26.85164],[86.577095,26.871759],[86.568061,26.878919],[86.565521,26.884401],[86.562797,26.886262],[86.550483,26.887893],[86.527961,26.886999],[86.52256,26.889238],[86.513198,26.887165],[86.505577,26.889274],[86.494445,26.888328],[86.487098,26.885322],[86.455482,26.886821],[86.445861,26.88973],[86.427185,26.899728],[86.407394,26.906473],[86.373703,26.906986],[86.362922,26.908987],[86.33979,26.915012],[86.317588,26.924577],[86.303688,26.927867],[86.291351,26.928213],[86.27787,26.933347],[86.281356,26.936632],[86.283256,26.945678],[86.286247,26.949722],[86.290252,26.952785],[86.308067,26.960186],[86.316024,26.962121],[86.332199,26.961566],[86.357826,26.964303],[86.365615,26.972827],[86.369415,26.979562],[86.368835,26.993627],[86.373298,27.006559],[86.375732,27.021223],[86.385444,27.034151],[86.371162,27.043233],[86.363945,27.059436],[86.354644,27.068078],[86.353942,27.073539],[86.360893,27.095222],[86.358901,27.099374],[86.354461,27.103038],[86.350944,27.103763],[86.335998,27.102645],[86.313934,27.106197],[86.309417,27.108703],[86.310333,27.110649],[86.322593,27.111791],[86.329109,27.11511],[86.3423,27.138801],[86.34764,27.145462],[86.351486,27.145191],[86.359191,27.140981],[86.363487,27.141111],[86.369934,27.14392],[86.375152,27.150516],[86.3749,27.160511],[86.384887,27.173782],[86.387733,27.181722],[86.397514,27.179443],[86.40644,27.171491],[86.420051,27.168081],[86.424674,27.150413],[86.43048,27.148286]]]}},{"type":"Feature","properties":{"DISTRICT":"KHOTANG","HQ":"DIKTEL","PROVINCE":1},"geometry":{"type":"Polygon","coordinates":[[[86.911087,27.43313],[86.909881,27.429586],[86.913993,27.417797],[86.91394,27.408615],[86.917419,27.399118],[86.927001,27.390464],[86.934043,27.386693],[86.934974,27.381521],[86.931053,27.369483],[86.935157,27.356826],[86.950531,27.352733],[86.953063,27.345827],[86.953964,27.336057],[86.964172,27.325389],[86.969924,27.321914],[86.973419,27.316722],[86.9878,27.30775],[86.987785,27.306026],[86.984886,27.303741],[86.97203,27.299215],[86.970695,27.290321],[86.96614,27.280588],[86.951301,27.265161],[86.944564,27.264328],[86.927917,27.268148],[86.920219,27.267612],[86.910896,27.263921],[86.902839,27.25506],[86.90377,27.249597],[86.912994,27.236917],[86.927665,27.224212],[86.930198,27.218173],[86.931419,27.207836],[86.930099,27.200376],[86.921379,27.188354],[86.919395,27.177455],[86.920623,27.167686],[86.927299,27.159328],[86.927612,27.157026],[86.916954,27.14186],[86.918182,27.131523],[86.916877,27.127513],[86.905616,27.117799],[86.902366,27.109779],[86.912597,27.106283],[86.921829,27.096761],[86.935577,27.094682],[86.940353,27.089492],[86.95375,27.08139],[86.957206,27.070167],[86.965812,27.064382],[86.966728,27.056337],[86.970512,27.047706],[86.970169,27.043399],[86.956352,27.033996],[86.952796,27.0277],[86.957847,27.016189],[86.965515,27.013853],[86.970909,27.007507],[86.969581,26.998901],[86.960525,26.983152],[86.96434,26.97797],[86.97454,26.973602],[86.975471,26.968437],[86.971557,26.955244],[86.971847,26.950359],[86.966979,26.939189],[86.967231,26.927125],[86.95697,26.921443],[86.952774,26.903875],[86.930328,26.905044],[86.914527,26.89763],[86.895408,26.897554],[86.87001,26.89348],[86.858001,26.886867],[86.842674,26.88397],[86.831451,26.874765],[86.822662,26.872877],[86.811729,26.873134],[86.792083,26.879301],[86.787101,26.883663],[86.779357,26.88692],[86.773025,26.901981],[86.76696,26.92542],[86.765563,26.94139],[86.767578,26.950605],[86.76725,26.95807],[86.760108,26.974456],[86.757247,26.999002],[86.751159,27.009756],[86.748374,27.019483],[86.743278,27.02873],[86.730377,27.038249],[86.721717,27.056951],[86.715042,27.063808],[86.71141,27.073028],[86.704444,27.081665],[86.698944,27.097915],[86.694648,27.101697],[86.684097,27.106704],[86.670051,27.121686],[86.648002,27.133426],[86.60807,27.141292],[86.601394,27.144588],[86.594017,27.152593],[86.5848,27.15327],[86.559204,27.14289],[86.549697,27.141216],[86.536727,27.135162],[86.527458,27.127691],[86.521926,27.117477],[86.513786,27.112972],[86.504043,27.112792],[86.498817,27.109867],[86.487403,27.109527],[86.470115,27.105237],[86.466751,27.107509],[86.465156,27.112352],[86.460563,27.118249],[86.454475,27.12302],[86.449653,27.131109],[86.44635,27.132856],[86.431419,27.133014],[86.428703,27.135566],[86.42913,27.138837],[86.440788,27.14738],[86.441062,27.148979],[86.439086,27.149812],[86.434364,27.149829],[86.442634,27.159378],[86.452926,27.166217],[86.472358,27.171573],[86.477645,27.178348],[86.485183,27.181076],[86.490562,27.185213],[86.514549,27.189874],[86.523002,27.193687],[86.532752,27.202703],[86.541877,27.208566],[86.550636,27.219375],[86.555221,27.221792],[86.557579,27.225149],[86.560676,27.226549],[86.56565,27.224308],[86.574874,27.227939],[86.580566,27.226665],[86.586227,27.2278],[86.590934,27.225685],[86.599464,27.233961],[86.603111,27.23352],[86.612861,27.237764],[86.622627,27.238567],[86.624275,27.245433],[86.632026,27.248956],[86.634757,27.255529],[86.637886,27.258535],[86.658454,27.26534],[86.672355,27.272064],[86.674064,27.274217],[86.671737,27.277515],[86.674171,27.288852],[86.671043,27.298019],[86.679115,27.301361],[86.687339,27.313541],[86.685111,27.326826],[86.686065,27.334278],[86.6828,27.338857],[86.683525,27.35968],[86.682319,27.368877],[86.68592,27.380533],[86.683517,27.394567],[86.694664,27.396732],[86.752677,27.397731],[86.759132,27.399827],[86.76773,27.410514],[86.786094,27.414066],[86.798721,27.420043],[86.809707,27.427417],[86.819534,27.438364],[86.825805,27.440692],[86.834953,27.434782],[86.861122,27.435695],[86.873626,27.430767],[86.877479,27.430599],[86.89405,27.437257],[86.901229,27.436704],[86.911087,27.43313]]]}},{"type":"Feature","properties":{"DISTRICT":"OKHALDHUNGA","HQ":"SIDDHICHARAN","PROVINCE":1},"geometry":{"type":"Polygon","coordinates":[[[86.358657,27.527318],[86.384651,27.519084],[86.399383,27.519563],[86.403221,27.518207],[86.409194,27.512924],[86.419021,27.493482],[86.424674,27.487312],[86.428588,27.487039],[86.440605,27.491277],[86.459869,27.45309],[86.473541,27.447671],[86.500152,27.425695],[86.507621,27.417865],[86.511001,27.411865],[86.516586,27.407325],[86.526695,27.404579],[86.535087,27.398693],[86.552162,27.380601],[86.564788,27.370529],[86.56948,27.353893],[86.57637,27.346466],[86.581993,27.344966],[86.61621,27.344812],[86.626228,27.341073],[86.634368,27.340408],[86.649925,27.341424],[86.656753,27.343238],[86.66732,27.349313],[86.676269,27.359247],[86.682319,27.368877],[86.683525,27.35968],[86.6828,27.338857],[86.686065,27.334278],[86.685111,27.326826],[86.687339,27.313541],[86.679115,27.301361],[86.671043,27.298019],[86.674171,27.288852],[86.671737,27.277515],[86.674064,27.274217],[86.672355,27.272064],[86.658454,27.26534],[86.637886,27.258535],[86.634757,27.255529],[86.632026,27.248956],[86.624275,27.245433],[86.622627,27.238567],[86.612861,27.237764],[86.603111,27.23352],[86.599464,27.233961],[86.590934,27.225685],[86.586227,27.2278],[86.580566,27.226665],[86.574874,27.227939],[86.56565,27.224308],[86.560676,27.226549],[86.557579,27.225149],[86.555221,27.221792],[86.550636,27.219375],[86.541877,27.208566],[86.532752,27.202703],[86.523002,27.193687],[86.514549,27.189874],[86.490562,27.185213],[86.485183,27.181076],[86.477645,27.178348],[86.472358,27.171573],[86.452926,27.166217],[86.442634,27.159378],[86.434364,27.149829],[86.43048,27.148286],[86.424674,27.150413],[86.420051,27.168081],[86.40644,27.171491],[86.397514,27.179443],[86.389778,27.181177],[86.38031,27.191268],[86.376678,27.193149],[86.362533,27.199947],[86.347572,27.203544],[86.344505,27.209596],[86.345497,27.226575],[86.340873,27.23133],[86.318367,27.232522],[86.311729,27.235118],[86.272232,27.253166],[86.268981,27.260028],[86.266937,27.260505],[86.262351,27.258369],[86.254623,27.250635],[86.232078,27.238504],[86.226882,27.238494],[86.205444,27.251745],[86.208129,27.258741],[86.213043,27.263256],[86.215751,27.269824],[86.22583,27.275686],[86.242866,27.29149],[86.238471,27.296449],[86.2406,27.305896],[86.231597,27.320709],[86.223297,27.323144],[86.223037,27.326023],[86.224693,27.32829],[86.220573,27.330949],[86.219429,27.335748],[86.220481,27.350494],[86.223602,27.359188],[86.221664,27.363737],[86.227752,27.368223],[86.223838,27.38438],[86.228523,27.395013],[86.237655,27.406177],[86.24028,27.416025],[86.251953,27.425333],[86.261299,27.448432],[86.26757,27.456745],[86.282844,27.465446],[86.313217,27.488973],[86.329833,27.506254],[86.341346,27.521179],[86.350921,27.525964],[86.358657,27.527318]]]}},{"type":"Feature","properties":{"DISTRICT":"SOLUKHUMBU","HQ":"DUDHKUNDA","PROVINCE":1},"geometry":{"type":"Polygon","coordinates":[[[86.518463,27.956907],[86.51284,27.969987],[86.519126,27.97624],[86.513977,27.985935],[86.516326,28.001399],[86.523918,28.021287],[86.533012,28.028993],[86.532791,28.036159],[86.535491,28.043941],[86.533729,28.046997],[86.535446,28.049846],[86.53897,28.05216],[86.550804,28.053012],[86.556762,28.058105],[86.56134,28.066146],[86.566177,28.069997],[86.566535,28.072401],[86.560966,28.079921],[86.567474,28.091444],[86.56388,28.106399],[86.566261,28.109983],[86.57685,28.113311],[86.588638,28.11025],[86.595672,28.105585],[86.606536,28.101274],[86.609542,28.091136],[86.605895,28.089176],[86.604789,28.084478],[86.609138,28.077548],[86.613578,28.075998],[86.625869,28.07661],[86.637054,28.073038],[86.653747,28.078119],[86.660102,28.084012],[86.663658,28.096136],[86.667022,28.100053],[86.672042,28.103036],[86.680923,28.104763],[86.688171,28.108869],[86.697296,28.109558],[86.710517,28.107627],[86.719329,28.108837],[86.730133,28.105319],[86.737693,28.105344],[86.749473,28.098541],[86.750389,28.095085],[86.749053,28.088844],[86.753288,28.083055],[86.761329,28.080541],[86.764961,28.077749],[86.764205,28.075176],[86.754966,28.067602],[86.751724,28.051401],[86.751991,28.04388],[86.758216,28.037662],[86.771041,28.03968],[86.775489,28.038991],[86.77951,28.03602],[86.782173,28.029153],[86.791145,28.021295],[86.804641,28.024971],[86.8124,28.021768],[86.821121,28.021545],[86.827201,28.018482],[86.83493,28.017002],[86.847541,28.021423],[86.851875,28.029056],[86.855194,28.030622],[86.869094,28.027458],[86.872879,28.022523],[86.874061,28.012872],[86.889884,28.001638],[86.897369,27.997922],[86.913528,27.995182],[86.927062,27.989889],[86.934928,27.978708],[86.932983,27.967657],[86.936843,27.96364],[86.951805,27.959077],[86.962837,27.958522],[86.977432,27.955499],[86.983512,27.952604],[86.988586,27.952585],[86.983604,27.929355],[86.984848,27.922168],[86.975753,27.912452],[86.972488,27.905294],[86.978546,27.893783],[86.978126,27.878282],[86.983573,27.873371],[86.984191,27.869064],[86.987724,27.866176],[86.993835,27.864416],[86.994468,27.861833],[86.99089,27.857545],[86.995986,27.846891],[86.995628,27.841728],[86.984588,27.828292],[86.9878,27.826839],[86.998764,27.827354],[87.012367,27.814889],[87.008239,27.806198],[86.992073,27.793716],[86.990104,27.782617],[86.982635,27.772605],[86.986755,27.762248],[86.983154,27.752508],[86.985389,27.74905],[86.996948,27.744102],[86.999786,27.734045],[87.003631,27.731435],[87.011032,27.731111],[87.013587,27.728221],[87.009933,27.712766],[86.992431,27.691015],[86.990745,27.678682],[86.990974,27.664606],[86.986373,27.648273],[86.965316,27.624261],[86.962066,27.618825],[86.960739,27.611658],[86.956207,27.607088],[86.960327,27.597301],[86.961227,27.586097],[86.960876,27.580932],[86.956024,27.576652],[86.955368,27.57378],[86.964355,27.571155],[86.967552,27.568267],[86.970092,27.563085],[86.97097,27.548728],[86.965446,27.539276],[86.954162,27.533304],[86.951576,27.53045],[86.946006,27.51239],[86.950134,27.504329],[86.961639,27.493074],[86.965431,27.483297],[86.962524,27.479864],[86.953826,27.476457],[86.951202,27.466426],[86.943756,27.457277],[86.942123,27.451543],[86.932762,27.444126],[86.916671,27.438167],[86.911087,27.43313],[86.901229,27.436704],[86.89405,27.437257],[86.877479,27.430599],[86.873626,27.430767],[86.861122,27.435695],[86.834953,27.434782],[86.825805,27.440692],[86.819534,27.438364],[86.809707,27.427417],[86.798721,27.420043],[86.786094,27.414066],[86.76773,27.410514],[86.759132,27.399827],[86.752677,27.397731],[86.723258,27.397865],[86.684722,27.395183],[86.683517,27.394567],[86.68592,27.380533],[86.682319,27.368877],[86.67234,27.354127],[86.66732,27.349313],[86.656753,27.343238],[86.634368,27.340408],[86.626228,27.341073],[86.61621,27.344812],[86.581993,27.344966],[86.57637,27.346466],[86.571929,27.350072],[86.56948,27.353893],[86.564788,27.370529],[86.552162,27.380601],[86.535087,27.398693],[86.526695,27.404579],[86.516586,27.407325],[86.511001,27.411865],[86.507621,27.417865],[86.500152,27.425695],[86.473541,27.447671],[86.459869,27.45309],[86.440605,27.491277],[86.428588,27.487039],[86.424674,27.487312],[86.419021,27.493482],[86.409194,27.512924],[86.403221,27.518207],[86.399383,27.519563],[86.384651,27.519084],[86.358657,27.527318],[86.364013,27.543449],[86.37075,27.551759],[86.373764,27.56063],[86.378372,27.567882],[86.38697,27.575828],[86.401618,27.584289],[86.417602,27.590839],[86.427909,27.601564],[86.437713,27.608005],[86.441429,27.625324],[86.445472,27.631238],[86.446975,27.636917],[86.458877,27.651258],[86.458076,27.658969],[86.460052,27.671003],[86.467567,27.675701],[86.479766,27.686815],[86.492797,27.693048],[86.511718,27.696393],[86.524208,27.692148],[86.532966,27.692222],[86.538726,27.694173],[86.544006,27.702552],[86.553291,27.711917],[86.557983,27.724599],[86.561035,27.739198],[86.566528,27.744535],[86.569076,27.751159],[86.573982,27.756042],[86.574165,27.759309],[86.567825,27.766666],[86.566932,27.771493],[86.569694,27.779609],[86.568748,27.785249],[86.571868,27.795425],[86.569625,27.804636],[86.565101,27.808071],[86.545379,27.81328],[86.543502,27.817029],[86.549171,27.829706],[86.555862,27.858779],[86.555229,27.8686],[86.557167,27.881662],[86.554214,27.895412],[86.561447,27.917823],[86.56108,27.919033],[86.555282,27.919727],[86.553382,27.922159],[86.552947,27.927556],[86.550155,27.930915],[86.539787,27.936767],[86.535087,27.94169],[86.530487,27.940536],[86.523338,27.941703],[86.52037,27.946098],[86.518463,27.956907]]]}},{"type":"Feature","properties":{"DISTRICT":"DHANUSA","HQ":"JANAKPUR","PROVINCE":2},"geometry":{"type":"Polygon","coordinates":[[[86.263481,26.916873],[86.260978,26.912715],[86.257186,26.911487],[86.249336,26.91271],[86.24002,26.903495],[86.235649,26.901466],[86.227394,26.900907],[86.22438,26.889686],[86.22113,26.890354],[86.214935,26.896432],[86.204643,26.901855],[86.189155,26.906579],[86.171691,26.922632],[86.16291,26.925973],[86.159858,26.933576],[86.155967,26.934177],[86.148696,26.93017],[86.144615,26.925376],[86.139511,26.909473],[86.134384,26.902797],[86.13327,26.894546],[86.137588,26.886075],[86.163871,26.847806],[86.16426,26.837308],[86.16072,26.82368],[86.150817,26.807125],[86.148445,26.800483],[86.147705,26.785915],[86.150154,26.77086],[86.166313,26.743064],[86.174842,26.735359],[86.185424,26.728729],[86.189033,26.71544],[86.196716,26.70613],[86.198501,26.700551],[86.19915,26.680175],[86.196304,26.671184],[86.180969,26.658529],[86.159225,26.63191],[86.150932,26.60926],[86.139038,26.627336],[86.119598,26.629375],[86.109771,26.63298],[86.078437,26.647281],[86.072196,26.654853],[86.024795,26.664793],[86.009643,26.657266],[85.981246,26.659141],[85.967071,26.652755],[85.961967,26.653116],[85.957748,26.649446],[85.954711,26.640872],[85.95578,26.629657],[85.948638,26.623437],[85.947227,26.616287],[85.927787,26.618299],[85.929252,26.611385],[85.918701,26.610393],[85.906486,26.605974],[85.899322,26.598325],[85.89289,26.595829],[85.888916,26.587852],[85.87191,26.582925],[85.864395,26.572978],[85.859222,26.569604],[85.855697,26.568801],[85.852531,26.569993],[85.850036,26.573476],[85.853591,26.576007],[85.854263,26.577728],[85.852401,26.580619],[85.857658,26.588878],[85.859359,26.594888],[85.854156,26.607315],[85.856132,26.610734],[85.854019,26.61766],[85.85501,26.619655],[85.855995,26.62108],[85.86206,26.620704],[85.864006,26.6224],[85.866409,26.631845],[85.8722,26.634347],[85.876106,26.638593],[85.882514,26.639656],[85.885787,26.643917],[85.898735,26.653488],[85.900978,26.653739],[85.901054,26.658048],[85.898246,26.661539],[85.898384,26.669006],[85.905189,26.674367],[85.908798,26.679767],[85.906967,26.684394],[85.899093,26.690546],[85.891708,26.706163],[85.897415,26.721014],[85.901077,26.74682],[85.895324,26.764427],[85.910369,26.78259],[85.911476,26.790906],[85.906646,26.801874],[85.913749,26.810054],[85.916801,26.817365],[85.920021,26.840368],[85.922782,26.844875],[85.923042,26.850475],[85.921081,26.859994],[85.907417,26.866228],[85.899002,26.878126],[85.891502,26.901037],[85.897514,26.909534],[85.900215,26.916515],[85.904899,26.948865],[85.913986,26.984743],[85.914993,26.994194],[85.912109,27.006099],[85.91262,27.010581],[85.928512,27.031089],[85.926795,27.036548],[85.920677,27.038486],[85.917312,27.042434],[85.931724,27.044042],[85.947105,27.061565],[85.948173,27.06505],[85.947036,27.069013],[85.939208,27.074922],[85.939666,27.084875],[85.942611,27.089773],[85.94683,27.092584],[85.951232,27.087923],[85.966766,27.078207],[85.974861,27.048788],[85.993339,27.025808],[86.003204,27.022212],[86.046714,27.018667],[86.090309,27.019695],[86.114891,27.014705],[86.158309,26.991308],[86.18663,26.982219],[86.18975,26.978147],[86.194839,26.976335],[86.196983,26.971706],[86.219451,26.958686],[86.219985,26.953794],[86.22219,26.95174],[86.235214,26.946926],[86.240852,26.940799],[86.26081,26.930683],[86.25872,26.922672],[86.263481,26.916873]]]}},{"type":"Feature","properties":{"DISTRICT":"MAHOTTARI","HQ":"JALESHWAR","PROVINCE":2},"geometry":{"type":"Polygon","coordinates":[[[85.94683,27.092584],[85.940757,27.08686],[85.938606,27.078889],[85.939208,27.074922],[85.947036,27.069013],[85.948173,27.06505],[85.947105,27.061565],[85.931724,27.044042],[85.917312,27.042434],[85.920677,27.038486],[85.926795,27.036548],[85.928512,27.031089],[85.91262,27.010581],[85.912109,27.006099],[85.914993,26.994194],[85.913986,26.984743],[85.904899,26.948865],[85.900215,26.916515],[85.897514,26.909534],[85.891502,26.901037],[85.899002,26.878126],[85.907417,26.866228],[85.921081,26.859994],[85.923042,26.850475],[85.922782,26.844875],[85.920021,26.840368],[85.916801,26.817365],[85.913749,26.810054],[85.906646,26.801874],[85.911476,26.790906],[85.910369,26.78259],[85.895324,26.764427],[85.901077,26.74682],[85.897415,26.721014],[85.891708,26.706163],[85.899093,26.690546],[85.906967,26.684394],[85.908798,26.679767],[85.905189,26.674367],[85.898384,26.669006],[85.898246,26.661539],[85.901054,26.658048],[85.900978,26.653739],[85.898735,26.653488],[85.885787,26.643917],[85.882514,26.639656],[85.876106,26.638593],[85.8722,26.634347],[85.866409,26.631845],[85.864006,26.6224],[85.86206,26.620704],[85.855995,26.62108],[85.85501,26.619655],[85.854019,26.61766],[85.856132,26.610734],[85.854156,26.607315],[85.837661,26.613302],[85.833992,26.604442],[85.828834,26.601934],[85.82405,26.602005],[85.81929,26.603507],[85.809257,26.613988],[85.805587,26.623519],[85.774719,26.629413],[85.767463,26.634399],[85.750602,26.638359],[85.73648,26.652915],[85.740745,26.659461],[85.739532,26.663217],[85.731636,26.668491],[85.729476,26.673122],[85.728393,26.684911],[85.729911,26.699254],[85.728149,26.708185],[85.731094,26.712736],[85.731239,26.721069],[85.737602,26.738506],[85.732711,26.751491],[85.737426,26.784748],[85.735687,26.795694],[85.728332,26.81475],[85.721748,26.822589],[85.706893,26.833415],[85.686058,26.842405],[85.681091,26.864343],[85.682632,26.869413],[85.691383,26.878162],[85.692153,26.882501],[85.700119,26.89052],[85.70333,26.89055],[85.704841,26.8985],[85.711189,26.906511],[85.711067,26.917335],[85.713348,26.929626],[85.725151,26.953577],[85.73468,26.966653],[85.738502,26.984745],[85.735961,26.995555],[85.73751,27.001346],[85.743072,27.008619],[85.750022,27.035396],[85.757171,27.04557],[85.769935,27.057239],[85.781074,27.071058],[85.784027,27.077684],[85.781982,27.089483],[85.79161,27.127557],[85.793518,27.144763],[85.811317,27.153997],[85.819793,27.161924],[85.82302,27.162736],[85.827903,27.166975],[85.831764,27.167493],[85.845115,27.160419],[85.845695,27.157245],[85.840423,27.149274],[85.842903,27.144077],[85.857856,27.137537],[85.865715,27.128238],[85.869262,27.129333],[85.876823,27.139856],[85.884933,27.144905],[85.888786,27.145143],[85.900558,27.139513],[85.908149,27.133947],[85.937461,27.123167],[85.940269,27.119106],[85.939498,27.11194],[85.94683,27.092584]]]}},{"type":"Feature","properties":{"DISTRICT":"SARLAHI","HQ":"MALANGWA","PROVINCE":2},"geometry":{"type":"Polygon","coordinates":[[[85.819145,27.161357],[85.811317,27.153997],[85.793518,27.144763],[85.79161,27.127557],[85.781982,27.089483],[85.784027,27.077684],[85.781074,27.071058],[85.769935,27.057239],[85.757171,27.04557],[85.750022,27.035396],[85.743072,27.008619],[85.73751,27.001346],[85.735961,26.995555],[85.738502,26.984745],[85.73468,26.966653],[85.725151,26.953577],[85.713348,26.929626],[85.711067,26.917335],[85.711189,26.906511],[85.704841,26.8985],[85.70333,26.89055],[85.700119,26.89052],[85.692153,26.882501],[85.691383,26.878162],[85.688217,26.873798],[85.682632,26.869413],[85.681091,26.864343],[85.686058,26.842405],[85.672561,26.846513],[85.647979,26.849702],[85.642982,26.857238],[85.63993,26.866462],[85.633308,26.872583],[85.624313,26.870401],[85.608741,26.856517],[85.590034,26.846988],[85.588432,26.846719],[85.586044,26.857664],[85.581275,26.859737],[85.572219,26.853246],[85.569847,26.844366],[85.567253,26.84239],[85.559906,26.842765],[85.557243,26.836193],[85.545082,26.835771],[85.523666,26.815345],[85.508323,26.815816],[85.505744,26.814416],[85.501838,26.809862],[85.498847,26.802146],[85.494644,26.799032],[85.484458,26.80203],[85.477294,26.792915],[85.467338,26.789875],[85.451873,26.781436],[85.43856,26.78992],[85.425422,26.787771],[85.418449,26.791873],[85.412063,26.792236],[85.408203,26.79055],[85.405883,26.784835],[85.401023,26.780006],[85.385887,26.772132],[85.376792,26.761322],[85.372291,26.759645],[85.361465,26.762346],[85.355667,26.759256],[85.33982,26.745349],[85.332641,26.74382],[85.329284,26.745525],[85.333358,26.767543],[85.330627,26.778768],[85.331352,26.785358],[85.335258,26.790487],[85.341705,26.794155],[85.343673,26.797861],[85.341491,26.802486],[85.334831,26.806577],[85.335899,26.815176],[85.351348,26.846591],[85.356239,26.853147],[85.367553,26.861927],[85.373016,26.887132],[85.378562,26.895112],[85.392166,26.907022],[85.395515,26.917901],[85.403968,26.927278],[85.406272,26.932134],[85.4085,26.954221],[85.406211,26.974346],[85.395645,27.021835],[85.397613,27.024972],[85.408294,27.033182],[85.414382,27.056091],[85.437332,27.069906],[85.438636,27.071609],[85.43946,27.084527],[85.454635,27.092105],[85.455802,27.106735],[85.459037,27.109001],[85.471923,27.112581],[85.478576,27.129732],[85.490585,27.143781],[85.530456,27.141542],[85.541107,27.146005],[85.544311,27.145965],[85.552307,27.144153],[85.562263,27.145175],[85.574058,27.140439],[85.581138,27.142072],[85.598777,27.142141],[85.609649,27.139713],[85.62471,27.139238],[85.638526,27.140781],[85.651107,27.145217],[85.669601,27.158195],[85.678649,27.162389],[85.692047,27.177438],[85.698875,27.1828],[85.730163,27.193017],[85.769454,27.182147],[85.798416,27.16854],[85.819145,27.161357]]]}},{"type":"Feature","properties":{"DISTRICT":"SINDHULI","HQ":"KAMALAMAI","PROVINCE":3},"geometry":{"type":"Polygon","coordinates":[[[85.819976,27.450504],[85.829391,27.447395],[85.833877,27.438785],[85.852516,27.426355],[85.858695,27.424825],[85.861335,27.425622],[85.873733,27.417861],[85.877258,27.419469],[85.882553,27.417156],[85.890472,27.419574],[85.894912,27.414888],[85.902839,27.41653],[85.922302,27.408025],[85.926719,27.405694],[85.942756,27.386938],[85.951622,27.381507],[85.956832,27.38941],[85.962997,27.390241],[85.967407,27.388704],[85.972785,27.379299],[85.980773,27.371494],[85.985351,27.353435],[85.98632,27.343214],[85.989891,27.337741],[86.004852,27.338624],[86.024375,27.321474],[86.027984,27.311269],[86.035011,27.312095],[86.038551,27.309762],[86.043022,27.302715],[86.053619,27.298057],[86.057159,27.294939],[86.058067,27.291803],[86.077423,27.293512],[86.079193,27.291944],[86.080146,27.282506],[86.091659,27.273931],[86.101364,27.270853],[86.110168,27.270908],[86.116302,27.274089],[86.128662,27.268659],[86.138458,27.253778],[86.143768,27.248304],[86.151725,27.244407],[86.155242,27.243652],[86.158714,27.249956],[86.163101,27.252347],[86.19738,27.255708],[86.205505,27.253009],[86.205444,27.251745],[86.226882,27.238494],[86.232078,27.238504],[86.254623,27.250635],[86.262351,27.258369],[86.266937,27.260505],[86.268981,27.260028],[86.272232,27.253166],[86.286216,27.24764],[86.296981,27.241111],[86.318367,27.232522],[86.336776,27.231943],[86.344436,27.229],[86.345695,27.222442],[86.344505,27.209596],[86.347572,27.203544],[86.362533,27.199947],[86.38031,27.191268],[86.389778,27.181177],[86.387733,27.181722],[86.384887,27.173782],[86.3749,27.160511],[86.375152,27.150516],[86.369934,27.14392],[86.363487,27.141111],[86.359191,27.140981],[86.351486,27.145191],[86.34764,27.145462],[86.3423,27.138801],[86.329109,27.11511],[86.322593,27.111791],[86.312332,27.111434],[86.309417,27.108703],[86.313934,27.106197],[86.324417,27.10408],[86.335998,27.102645],[86.354461,27.103038],[86.360542,27.097578],[86.359878,27.09081],[86.353942,27.073539],[86.354644,27.068078],[86.363945,27.059436],[86.371162,27.043233],[86.385444,27.034151],[86.375732,27.021223],[86.373298,27.006559],[86.368835,26.993627],[86.369415,26.979562],[86.365615,26.972827],[86.356216,26.963222],[86.312309,26.961589],[86.290252,26.952785],[86.283256,26.945678],[86.281356,26.936632],[86.269622,26.929159],[86.263481,26.916873],[86.25872,26.922672],[86.26081,26.930683],[86.240852,26.940799],[86.235214,26.946926],[86.22219,26.95174],[86.219985,26.953794],[86.219451,26.958686],[86.196983,26.971706],[86.194839,26.976335],[86.18975,26.978147],[86.18663,26.982219],[86.158309,26.991308],[86.114891,27.014705],[86.090309,27.019695],[86.046714,27.018667],[86.003204,27.022212],[85.993339,27.025808],[85.974861,27.048788],[85.966766,27.078207],[85.951232,27.087923],[85.94683,27.092584],[85.939498,27.11194],[85.940269,27.119106],[85.937461,27.123167],[85.908149,27.133947],[85.900558,27.139513],[85.888786,27.145143],[85.884933,27.144905],[85.876823,27.139856],[85.869262,27.129333],[85.865715,27.128238],[85.857856,27.137537],[85.846076,27.142307],[85.840698,27.146686],[85.840423,27.149274],[85.845695,27.157245],[85.845115,27.160419],[85.837181,27.165409],[85.831764,27.167493],[85.827903,27.166975],[85.819145,27.161357],[85.798416,27.16854],[85.769454,27.182147],[85.730163,27.193017],[85.698875,27.1828],[85.692047,27.177438],[85.678649,27.162389],[85.669601,27.158195],[85.651107,27.145217],[85.638526,27.140781],[85.62471,27.139238],[85.609649,27.139713],[85.598777,27.142141],[85.581138,27.142072],[85.574058,27.140439],[85.562263,27.145175],[85.552307,27.144153],[85.544311,27.145965],[85.541107,27.146005],[85.530456,27.141542],[85.490585,27.143781],[85.491485,27.157152],[85.495399,27.161989],[85.505424,27.167322],[85.504188,27.170495],[85.505867,27.175361],[85.5046,27.176811],[85.49398,27.174638],[85.48793,27.177867],[85.484397,27.177621],[85.48188,27.181377],[85.483528,27.18423],[85.492233,27.187005],[85.489448,27.194503],[85.489822,27.198226],[85.508102,27.19687],[85.511352,27.199703],[85.511734,27.203716],[85.508628,27.211219],[85.508399,27.217258],[85.505233,27.220735],[85.493103,27.225471],[85.489311,27.229528],[85.487777,27.234432],[85.487472,27.25798],[85.481834,27.268093],[85.474525,27.27363],[85.442893,27.285757],[85.435264,27.291294],[85.432426,27.295352],[85.426849,27.310338],[85.425056,27.319831],[85.425476,27.327293],[85.430091,27.335857],[85.446945,27.346012],[85.454147,27.355407],[85.47126,27.36067],[85.475181,27.365217],[85.477851,27.372648],[85.494003,27.377923],[85.503593,27.37437],[85.511314,27.366472],[85.510681,27.358707],[85.514831,27.352624],[85.52375,27.350452],[85.537147,27.355585],[85.550476,27.346649],[85.565544,27.340906],[85.57444,27.340541],[85.578979,27.342857],[85.590141,27.344558],[85.615554,27.343679],[85.629486,27.347219],[85.635276,27.35136],[85.639083,27.35185],[85.641883,27.351196],[85.644264,27.343505],[85.649147,27.339244],[85.658332,27.335929],[85.66423,27.337669],[85.677864,27.346403],[85.683959,27.345746],[85.692543,27.340177],[85.703506,27.342626],[85.708396,27.34687],[85.708854,27.355476],[85.700019,27.365362],[85.699798,27.371398],[85.703933,27.388011],[85.710693,27.394042],[85.715652,27.402591],[85.725418,27.40965],[85.728965,27.410459],[85.745315,27.407375],[85.768302,27.397876],[85.777336,27.399761],[85.779312,27.402603],[85.77816,27.410375],[85.792808,27.416425],[85.802398,27.42345],[85.805801,27.429672],[85.807548,27.44016],[85.819976,27.450504]]]}},{"type":"Feature","properties":{"DISTRICT":"RAMECHHAP","HQ":"MANTHALI","PROVINCE":3},"geometry":{"type":"Polygon","coordinates":[[[86.358657,27.527318],[86.350921,27.525964],[86.341346,27.521179],[86.329833,27.506254],[86.313217,27.488973],[86.282844,27.465446],[86.26757,27.456745],[86.261299,27.448432],[86.251953,27.425333],[86.24028,27.416025],[86.237655,27.406177],[86.228523,27.395013],[86.223838,27.38438],[86.227752,27.368223],[86.221664,27.363737],[86.223602,27.359188],[86.220481,27.350494],[86.219429,27.335748],[86.220573,27.330949],[86.224693,27.32829],[86.223037,27.326023],[86.223297,27.323144],[86.231597,27.320709],[86.2406,27.305896],[86.238471,27.296449],[86.242866,27.29149],[86.22583,27.275686],[86.215751,27.269824],[86.213043,27.263256],[86.208129,27.258741],[86.205505,27.253009],[86.19738,27.255708],[86.191215,27.255674],[86.179809,27.253242],[86.163101,27.252347],[86.158714,27.249956],[86.155242,27.243652],[86.143768,27.248304],[86.138458,27.253778],[86.128662,27.268659],[86.116302,27.274089],[86.110168,27.270908],[86.101364,27.270853],[86.091659,27.273931],[86.080146,27.282506],[86.079193,27.291944],[86.077423,27.293512],[86.058067,27.291803],[86.057159,27.294939],[86.053619,27.298057],[86.043022,27.302715],[86.038551,27.309762],[86.035011,27.312095],[86.027984,27.311269],[86.024375,27.321474],[86.004852,27.338624],[85.989891,27.337741],[85.98632,27.343214],[85.985351,27.353435],[85.980773,27.371494],[85.972785,27.379299],[85.967407,27.388704],[85.962997,27.390241],[85.956832,27.38941],[85.951622,27.381507],[85.942756,27.386938],[85.926719,27.405694],[85.922302,27.408025],[85.902839,27.41653],[85.894912,27.414888],[85.890472,27.419574],[85.882553,27.417156],[85.877258,27.419469],[85.873733,27.417861],[85.861335,27.425622],[85.858695,27.424825],[85.848976,27.427886],[85.84806,27.430244],[85.836547,27.43645],[85.829391,27.447395],[85.819976,27.450504],[85.813255,27.455926],[85.812667,27.460678],[85.817932,27.467395],[85.817878,27.472387],[85.812202,27.479009],[85.806129,27.497762],[85.802017,27.502485],[85.808898,27.509576],[85.815376,27.512079],[85.823913,27.52173],[85.824371,27.52919],[85.832977,27.542858],[85.834075,27.550315],[85.829261,27.569341],[85.830657,27.575645],[85.833274,27.577905],[85.851875,27.579721],[85.864425,27.578363],[85.88105,27.571807],[85.893295,27.572204],[85.901756,27.577255],[85.922409,27.574924],[85.928192,27.561355],[85.936225,27.560379],[85.939582,27.563474],[85.938194,27.575561],[85.944519,27.586389],[85.944686,27.595291],[85.956184,27.590242],[85.965301,27.595853],[85.972755,27.598039],[85.977104,27.593954],[85.978607,27.588188],[85.980438,27.565757],[85.99398,27.545715],[85.994491,27.5391],[85.992744,27.531948],[85.996818,27.526136],[85.992675,27.511262],[86.011138,27.500923],[86.024719,27.504169],[86.031791,27.503776],[86.040122,27.50192],[86.047431,27.497503],[86.058746,27.499908],[86.065803,27.498945],[86.073905,27.501977],[86.085441,27.49921],[86.098693,27.502449],[86.107002,27.497419],[86.116386,27.48352],[86.120468,27.480178],[86.119064,27.474744],[86.121093,27.474243],[86.127143,27.478931],[86.14006,27.495189],[86.147895,27.500808],[86.147125,27.510301],[86.155731,27.521945],[86.159606,27.538255],[86.175071,27.554382],[86.195709,27.571287],[86.204612,27.581197],[86.242141,27.589199],[86.265167,27.59686],[86.27938,27.598623],[86.288536,27.604791],[86.294982,27.604969],[86.296997,27.608961],[86.30249,27.609439],[86.308517,27.61997],[86.314453,27.640846],[86.334556,27.661186],[86.340576,27.671136],[86.340713,27.677167],[86.343437,27.683727],[86.358474,27.692951],[86.374588,27.692663],[86.382698,27.69511],[86.395195,27.70581],[86.411224,27.715864],[86.423522,27.719581],[86.426803,27.722114],[86.429306,27.732986],[86.416687,27.745275],[86.414115,27.759971],[86.416381,27.774299],[86.423309,27.780782],[86.424026,27.783927],[86.419265,27.787456],[86.417747,27.791801],[86.421424,27.797477],[86.42369,27.811508],[86.433158,27.816223],[86.437866,27.824468],[86.442817,27.829263],[86.450935,27.831417],[86.461738,27.823749],[86.478805,27.821992],[86.483222,27.817892],[86.484046,27.811557],[86.489799,27.80915],[86.499534,27.811271],[86.50975,27.806478],[86.527496,27.80615],[86.540115,27.807638],[86.545379,27.81328],[86.568229,27.806482],[86.571868,27.795425],[86.568748,27.785249],[86.569694,27.779609],[86.567359,27.774131],[86.567214,27.768625],[86.574531,27.758327],[86.569076,27.751159],[86.566528,27.744535],[86.561035,27.739198],[86.557983,27.724599],[86.551773,27.709747],[86.544006,27.702552],[86.538726,27.694173],[86.535743,27.692829],[86.522148,27.692403],[86.511718,27.696393],[86.495063,27.693706],[86.479766,27.686815],[86.467567,27.675701],[86.460052,27.671003],[86.458076,27.658969],[86.458877,27.651258],[86.446975,27.636917],[86.445472,27.631238],[86.441429,27.625324],[86.437713,27.608005],[86.427909,27.601564],[86.417602,27.590839],[86.401618,27.584289],[86.38697,27.575828],[86.378372,27.567882],[86.373764,27.56063],[86.37075,27.551759],[86.364013,27.543449],[86.358657,27.527318]]]}},{"type":"Feature","properties":{"DISTRICT":"DOLAKHA","HQ":"BHIMESHWAR","PROVINCE":3},"geometry":{"type":"Polygon","coordinates":[[[86.518463,27.956907],[86.52037,27.946098],[86.523338,27.941703],[86.530487,27.940536],[86.535087,27.94169],[86.539787,27.936767],[86.550155,27.930915],[86.552947,27.927556],[86.553382,27.922159],[86.555282,27.919727],[86.56108,27.919033],[86.561447,27.917823],[86.554214,27.895412],[86.557167,27.881662],[86.555229,27.8686],[86.555862,27.858779],[86.549171,27.829706],[86.543861,27.819152],[86.545379,27.81328],[86.540115,27.807638],[86.527496,27.80615],[86.50975,27.806478],[86.499534,27.811271],[86.489799,27.80915],[86.484046,27.811557],[86.483222,27.817892],[86.478805,27.821992],[86.461738,27.823749],[86.450935,27.831417],[86.442817,27.829263],[86.437866,27.824468],[86.433158,27.816223],[86.42369,27.811508],[86.421424,27.797477],[86.417747,27.791801],[86.419265,27.787456],[86.424026,27.783927],[86.423309,27.780782],[86.416381,27.774299],[86.414115,27.759971],[86.416687,27.745275],[86.429306,27.732986],[86.426803,27.722114],[86.423522,27.719581],[86.411224,27.715864],[86.395195,27.70581],[86.382698,27.69511],[86.374588,27.692663],[86.358474,27.692951],[86.343437,27.683727],[86.340713,27.677167],[86.340576,27.671136],[86.334556,27.661186],[86.314453,27.640846],[86.308517,27.61997],[86.30249,27.609439],[86.296997,27.608961],[86.294982,27.604969],[86.288536,27.604791],[86.27938,27.598623],[86.265167,27.59686],[86.242141,27.589199],[86.204612,27.581197],[86.195709,27.571287],[86.175071,27.554382],[86.159606,27.538255],[86.155731,27.521945],[86.147125,27.510301],[86.147895,27.500808],[86.14006,27.495189],[86.127143,27.478931],[86.121093,27.474243],[86.119064,27.474744],[86.120468,27.480178],[86.116386,27.48352],[86.107002,27.497419],[86.098693,27.502449],[86.085441,27.49921],[86.073905,27.501977],[86.065803,27.498945],[86.058746,27.499908],[86.047431,27.497503],[86.040122,27.50192],[86.031791,27.503776],[86.024719,27.504169],[86.011138,27.500923],[85.992675,27.511262],[85.996818,27.526136],[85.992744,27.531948],[85.994491,27.5391],[85.99398,27.545715],[85.980438,27.565757],[85.978607,27.588188],[85.977104,27.593954],[85.972755,27.598039],[85.965301,27.595853],[85.956184,27.590242],[85.944686,27.595291],[85.944519,27.586389],[85.938194,27.575561],[85.939582,27.563474],[85.936225,27.560379],[85.928192,27.561355],[85.922409,27.574924],[85.901756,27.577255],[85.893295,27.572204],[85.88105,27.571807],[85.86827,27.577445],[85.851875,27.579721],[85.855354,27.588516],[85.859954,27.593339],[85.872955,27.600053],[85.878677,27.613759],[85.88549,27.616828],[85.888671,27.61448],[85.891265,27.615304],[85.892265,27.617307],[85.890388,27.620489],[85.893714,27.625904],[85.907043,27.63261],[85.91555,27.639953],[85.915916,27.642248],[85.906845,27.657037],[85.908218,27.661607],[85.912498,27.666723],[85.914314,27.665256],[85.928153,27.66419],[85.940811,27.669172],[85.941551,27.674333],[85.936569,27.683891],[85.942871,27.693273],[85.938941,27.707696],[85.952713,27.719844],[85.965652,27.739469],[85.97277,27.740804],[85.982345,27.735485],[86.00669,27.743453],[86.030189,27.741371],[86.041061,27.752985],[86.041427,27.755281],[86.03923,27.75818],[86.028427,27.766962],[86.02626,27.771884],[86.027709,27.779903],[86.031738,27.787883],[86.026397,27.795719],[86.027549,27.804889],[86.021301,27.815904],[86.012779,27.826082],[86.01226,27.832704],[86.018547,27.840358],[86.028373,27.847967],[86.033821,27.862531],[86.04364,27.869279],[86.052047,27.886671],[86.057334,27.89262],[86.066833,27.899364],[86.069847,27.905063],[86.067993,27.909114],[86.069328,27.911388],[86.07933,27.910951],[86.093711,27.919342],[86.122634,27.927789],[86.125617,27.931482],[86.124137,27.938108],[86.115547,27.944852],[86.108917,27.952709],[86.106155,27.976306],[86.101196,27.986728],[86.093688,27.999769],[86.079177,28.017808],[86.078277,28.021549],[86.085815,28.026609],[86.089813,28.032287],[86.088623,28.054134],[86.094955,28.063232],[86.080924,28.090158],[86.092063,28.097164],[86.095634,28.097404],[86.105552,28.091791],[86.113288,28.090515],[86.127014,28.097192],[86.132545,28.114912],[86.140403,28.119096],[86.142143,28.125101],[86.15097,28.129274],[86.158561,28.136613],[86.179435,28.144323],[86.179496,28.147195],[86.174468,28.154458],[86.173393,28.165393],[86.175094,28.169385],[86.177719,28.171062],[86.186157,28.171789],[86.191528,28.165384],[86.197113,28.153799],[86.195358,28.147226],[86.198051,28.136552],[86.204406,28.130704],[86.217308,28.112966],[86.221572,28.100551],[86.221138,28.095096],[86.209121,28.092996],[86.206809,28.091024],[86.205276,28.079271],[86.210243,28.069423],[86.219024,28.040845],[86.226524,28.028367],[86.222572,28.024986],[86.221832,28.020406],[86.222785,27.988786],[86.229011,27.977483],[86.235366,27.972202],[86.238914,27.97186],[86.257789,27.977857],[86.271369,27.97821],[86.279067,27.975488],[86.290718,27.976154],[86.295509,27.973487],[86.303276,27.958993],[86.315948,27.947284],[86.320518,27.949213],[86.331459,27.96195],[86.334709,27.96276],[86.339332,27.952625],[86.335044,27.948678],[86.339859,27.947156],[86.347091,27.938127],[86.36557,27.94067],[86.37619,27.938758],[86.386367,27.931692],[86.410377,27.907411],[86.415527,27.906747],[86.428153,27.907955],[86.441383,27.907142],[86.446342,27.911939],[86.454185,27.915817],[86.467727,27.928491],[86.4691,27.932207],[86.467376,27.941137],[86.469749,27.945976],[86.490539,27.950767],[86.501335,27.956026],[86.518463,27.956907]]]}},{"type":"Feature","properties":{"DISTRICT":"BHAKTAPUR","HQ":"BHAKTAPUR","PROVINCE":3},"geometry":{"type":"Polygon","coordinates":[[[85.524353,27.728116],[85.528541,27.723812],[85.526596,27.71721],[85.527221,27.707441],[85.524627,27.69481],[85.522689,27.69165],[85.512039,27.68964],[85.50914,27.687631],[85.491035,27.648286],[85.478454,27.642831],[85.4691,27.633928],[85.456848,27.634496],[85.445892,27.62903],[85.419532,27.620319],[85.416236,27.62585],[85.404884,27.634973],[85.39006,27.650156],[85.36428,27.661878],[85.362022,27.66789],[85.360733,27.669328],[85.358215,27.668865],[85.360794,27.678049],[85.367248,27.68725],[85.398849,27.703073],[85.410789,27.711694],[85.417243,27.720895],[85.426597,27.722906],[85.434661,27.726644],[85.440147,27.726942],[85.451118,27.724357],[85.460144,27.719772],[85.468528,27.7215],[85.476272,27.71949],[85.524353,27.728116]]]}},{"type":"Feature","properties":{"DISTRICT":"DHADING","HQ":"NILKANTHA","PROVINCE":3},"geometry":{"type":"Polygon","coordinates":[[[85.108879,28.344396],[85.113105,28.339815],[85.122528,28.335252],[85.122558,28.323196],[85.128097,28.314029],[85.141426,28.300863],[85.156364,28.291147],[85.167098,28.27511],[85.171638,28.273393],[85.180709,28.276004],[85.188186,28.267702],[85.199874,28.258831],[85.208,28.244785],[85.219696,28.231039],[85.219711,28.222141],[85.213897,28.210062],[85.203544,28.202001],[85.196807,28.166667],[85.176742,28.15743],[85.158645,28.139869],[85.158332,28.134992],[85.162895,28.123517],[85.159996,28.116909],[85.126037,28.104175],[85.12442,28.101589],[85.127044,28.08954],[85.126724,28.0858],[85.124465,28.083503],[85.113479,28.077152],[85.078887,28.067565],[85.062438,28.048841],[85.054031,28.047088],[85.047576,28.043622],[85.040481,28.03585],[85.027893,28.028331],[85.013999,28.024549],[84.98973,28.028474],[84.999183,28.008413],[85.009895,27.994968],[85.014099,27.995273],[85.016059,27.990112],[85.01744,27.964284],[85.009094,27.947881],[85.008247,27.911994],[85.013206,27.877571],[85.023933,27.857797],[85.025268,27.84546],[85.022377,27.840862],[85.014083,27.808965],[85.018592,27.812133],[85.030525,27.815916],[85.043769,27.813955],[85.047973,27.810234],[85.049285,27.804214],[85.056091,27.795618],[85.070625,27.79194],[85.078369,27.791967],[85.090324,27.786836],[85.106811,27.77569],[85.114562,27.772556],[85.12104,27.762815],[85.126205,27.760828],[85.139106,27.765163],[85.169433,27.765541],[85.180397,27.77073],[85.205566,27.769651],[85.219436,27.772548],[85.23944,27.773454],[85.261062,27.779243],[85.265579,27.776096],[85.270759,27.759164],[85.270126,27.751411],[85.267868,27.747962],[85.263351,27.746515],[85.254638,27.747652],[85.24916,27.744478],[85.241416,27.744461],[85.2369,27.741298],[85.233375,27.722911],[85.226936,27.717441],[85.210174,27.709083],[85.198905,27.696996],[85.189567,27.679183],[85.174758,27.677129],[85.164772,27.672151],[85.146492,27.668279],[85.141876,27.670032],[85.130981,27.681226],[85.08496,27.690124],[85.084259,27.701456],[85.077316,27.70268],[85.068946,27.699785],[85.051506,27.708042],[85.042793,27.709743],[85.012176,27.703023],[84.996047,27.705545],[84.988311,27.704368],[84.974555,27.695285],[84.949981,27.686378],[84.927009,27.688302],[84.915664,27.695388],[84.908493,27.697549],[84.900405,27.693798],[84.885604,27.668903],[84.881744,27.667741],[84.858146,27.682271],[84.841346,27.689355],[84.831024,27.690748],[84.801467,27.669353],[84.799537,27.669628],[84.797576,27.673921],[84.797851,27.683113],[84.795578,27.686542],[84.790077,27.689954],[84.793907,27.698013],[84.7929,27.705188],[84.789001,27.710622],[84.774444,27.719152],[84.764717,27.72857],[84.75695,27.733407],[84.748886,27.733648],[84.72248,27.726898],[84.709579,27.727388],[84.691871,27.722122],[84.682815,27.727231],[84.673408,27.734926],[84.672424,27.738355],[84.688705,27.764583],[84.687721,27.767444],[84.68029,27.768548],[84.674743,27.778272],[84.65493,27.799098],[84.657806,27.802848],[84.674453,27.816028],[84.682914,27.812765],[84.697448,27.81142],[84.704895,27.807159],[84.70977,27.802022],[84.719787,27.800067],[84.726585,27.79667],[84.732719,27.796131],[84.742019,27.805082],[84.750411,27.805128],[84.75846,27.809194],[84.764549,27.81726],[84.767448,27.817569],[84.77555,27.811582],[84.779418,27.812177],[84.7807,27.813911],[84.776054,27.837707],[84.766258,27.857746],[84.761062,27.86174],[84.749671,27.877166],[84.747367,27.884908],[84.739913,27.890029],[84.737625,27.893747],[84.734222,27.922433],[84.740249,27.94141],[84.748565,27.95696],[84.773376,27.96916],[84.78495,27.980419],[84.792312,27.994235],[84.798751,27.999439],[84.80973,28.001508],[84.816177,28.005556],[84.813552,28.011857],[84.816719,28.024795],[84.813446,28.03281],[84.8134,28.040561],[84.820793,28.049217],[84.822669,28.061565],[84.826515,28.068187],[84.838638,28.102121],[84.842491,28.107595],[84.843757,28.113626],[84.846336,28.11594],[84.854759,28.114259],[84.8619,28.110851],[84.871932,28.109464],[84.880668,28.110366],[84.897529,28.104715],[84.913391,28.103061],[84.922767,28.106264],[84.927894,28.117486],[84.933052,28.122961],[84.953109,28.125637],[84.955688,28.128229],[84.956321,28.131675],[84.954978,28.143722],[84.973258,28.188585],[84.971603,28.197477],[84.963775,28.209789],[84.96376,28.213516],[84.982482,28.231969],[85.031265,28.274076],[85.036109,28.28012],[85.03804,28.283288],[85.036033,28.300786],[85.037307,28.307971],[85.043434,28.319187],[85.048927,28.324373],[85.077415,28.341989],[85.090713,28.344043],[85.108879,28.344396]]]}},{"type":"Feature","properties":{"DISTRICT":"KATHMANDU","HQ":"KATHMANDU","PROVINCE":3},"geometry":{"type":"Polygon","coordinates":[[[85.261062,27.779243],[85.270095,27.778688],[85.272354,27.780124],[85.283645,27.789905],[85.300735,27.809459],[85.308158,27.812917],[85.328819,27.813241],[85.38047,27.809577],[85.395324,27.81505],[85.430839,27.811342],[85.448593,27.813365],[85.451499,27.81681],[85.458923,27.814519],[85.463119,27.810504],[85.469238,27.787536],[85.471817,27.78409],[85.485687,27.782375],[85.493431,27.779796],[85.500854,27.774055],[85.504066,27.760847],[85.499847,27.744482],[85.502426,27.737306],[85.505966,27.734149],[85.524353,27.728116],[85.476272,27.71949],[85.468528,27.7215],[85.460144,27.719772],[85.451118,27.724357],[85.440147,27.726942],[85.434661,27.726644],[85.426597,27.722906],[85.417243,27.720895],[85.410789,27.711694],[85.398849,27.703073],[85.367248,27.68725],[85.360794,27.678049],[85.358215,27.668865],[85.354347,27.667419],[85.347579,27.667699],[85.33113,27.681747],[85.319519,27.688909],[85.313713,27.690616],[85.304039,27.689741],[85.29953,27.685424],[85.2947,27.671636],[85.296318,27.659868],[85.284408,27.644348],[85.283767,27.640035],[85.286026,27.63574],[85.292793,27.630868],[85.294731,27.626279],[85.292167,27.610479],[85.294105,27.605312],[85.287986,27.596977],[85.282829,27.595243],[85.278656,27.582321],[85.267707,27.572824],[85.267059,27.576265],[85.26416,27.577699],[85.248374,27.579677],[85.23645,27.583957],[85.230644,27.588541],[85.231285,27.591411],[85.240936,27.603782],[85.237701,27.619276],[85.233497,27.624439],[85.214485,27.625829],[85.207717,27.627826],[85.20642,27.630121],[85.208351,27.632997],[85.215118,27.636171],[85.217369,27.639043],[85.22734,27.653425],[85.227012,27.656579],[85.209274,27.664005],[85.189567,27.679183],[85.198905,27.696996],[85.210174,27.709083],[85.226936,27.717441],[85.233375,27.722911],[85.2369,27.741298],[85.241416,27.744461],[85.24916,27.744478],[85.254638,27.747652],[85.263351,27.746515],[85.267868,27.747962],[85.270126,27.751411],[85.270759,27.759164],[85.265579,27.776096],[85.261062,27.779243]]]}},{"type":"Feature","properties":{"DISTRICT":"KAVREPALANCHOWK","HQ":"DHULIKHEL","PROVINCE":3},"geometry":{"type":"Polygon","coordinates":[[[85.500854,27.774055],[85.51667,27.776933],[85.536369,27.785827],[85.545082,27.784971],[85.553787,27.776641],[85.561828,27.759122],[85.570198,27.749938],[85.578582,27.746198],[85.598258,27.742462],[85.603424,27.74274],[85.60794,27.745033],[85.632736,27.723489],[85.655624,27.715139],[85.677833,27.699329],[85.681365,27.693864],[85.683921,27.683815],[85.688095,27.678636],[85.695793,27.662839],[85.703819,27.653354],[85.705718,27.641574],[85.707649,27.639272],[85.710556,27.640996],[85.714462,27.653915],[85.73291,27.67427],[85.740653,27.675125],[85.791244,27.665565],[85.813827,27.668964],[85.818656,27.666938],[85.824424,27.657455],[85.83921,27.647657],[85.849166,27.638442],[85.862991,27.630088],[85.872947,27.621728],[85.876144,27.616844],[85.877822,27.612302],[85.872955,27.600053],[85.859954,27.593339],[85.855354,27.588516],[85.851325,27.579095],[85.836509,27.579008],[85.830657,27.575645],[85.829261,27.569341],[85.834075,27.550315],[85.832977,27.542858],[85.824371,27.52919],[85.823913,27.52173],[85.815376,27.512079],[85.808898,27.509576],[85.802017,27.502485],[85.806129,27.497762],[85.812202,27.479009],[85.817878,27.472387],[85.817932,27.467395],[85.812423,27.458772],[85.813255,27.455926],[85.819976,27.450504],[85.807548,27.44016],[85.805801,27.429672],[85.802398,27.42345],[85.792808,27.416425],[85.77816,27.410375],[85.779312,27.402603],[85.777336,27.399761],[85.768302,27.397876],[85.745315,27.407375],[85.728965,27.410459],[85.725418,27.40965],[85.715652,27.402591],[85.710693,27.394042],[85.703933,27.388011],[85.699798,27.371398],[85.700019,27.365362],[85.708854,27.355476],[85.708396,27.34687],[85.703506,27.342626],[85.692543,27.340177],[85.683959,27.345746],[85.677864,27.346403],[85.66423,27.337669],[85.658332,27.335929],[85.649147,27.339244],[85.644264,27.343505],[85.641883,27.351196],[85.639083,27.35185],[85.635276,27.35136],[85.629486,27.347219],[85.615554,27.343679],[85.590141,27.344558],[85.578979,27.342857],[85.57444,27.340541],[85.565544,27.340906],[85.550476,27.346649],[85.537147,27.355585],[85.520957,27.350421],[85.514831,27.352624],[85.510681,27.358707],[85.511314,27.366472],[85.500411,27.376413],[85.495292,27.37791],[85.489494,27.377117],[85.479156,27.373502],[85.476715,27.368793],[85.475273,27.371772],[85.479461,27.376935],[85.475601,27.379232],[85.469825,27.386985],[85.463394,27.386409],[85.459541,27.392154],[85.449241,27.388988],[85.447319,27.399032],[85.441856,27.403051],[85.429954,27.405345],[85.423202,27.402471],[85.41613,27.414812],[85.414527,27.430311],[85.421295,27.443811],[85.410675,27.4461],[85.411964,27.449546],[85.414863,27.453569],[85.439331,27.471393],[85.443199,27.47771],[85.442245,27.487756],[85.444503,27.494939],[85.441932,27.504127],[85.44387,27.513599],[85.442276,27.529966],[85.440666,27.537719],[85.438095,27.5403],[85.40686,27.547744],[85.400421,27.551181],[85.396881,27.554914],[85.391723,27.565532],[85.404617,27.581911],[85.408493,27.605751],[85.41397,27.616085],[85.421386,27.621261],[85.445892,27.62903],[85.456848,27.634496],[85.4691,27.633928],[85.478454,27.642831],[85.491035,27.648286],[85.50914,27.687631],[85.512039,27.68964],[85.522689,27.69165],[85.524627,27.69481],[85.527221,27.707441],[85.526596,27.71721],[85.528541,27.723812],[85.527893,27.725816],[85.523063,27.728979],[85.505966,27.734149],[85.500488,27.740463],[85.499847,27.744482],[85.504066,27.760847],[85.500854,27.774055]]]}},{"type":"Feature","properties":{"DISTRICT":"LALITPUR","HQ":"LALITPUR","PROVINCE":3},"geometry":{"type":"Polygon","coordinates":[[[85.419532,27.620319],[85.41397,27.616085],[85.408493,27.605751],[85.404617,27.581911],[85.391723,27.565532],[85.396881,27.554914],[85.400421,27.551181],[85.40686,27.547744],[85.438095,27.5403],[85.440666,27.537719],[85.442276,27.529966],[85.44387,27.513599],[85.441932,27.504127],[85.444503,27.494939],[85.442565,27.491775],[85.443527,27.480295],[85.44223,27.474838],[85.431282,27.464496],[85.414863,27.453569],[85.410675,27.4461],[85.421295,27.443811],[85.417106,27.43749],[85.414207,27.427726],[85.41613,27.414812],[85.420951,27.40677],[85.409049,27.403322],[85.4039,27.403606],[85.396507,27.407899],[85.386535,27.409616],[85.364021,27.425674],[85.349868,27.427953],[85.332168,27.434251],[85.320907,27.43538],[85.313507,27.442892],[85.30249,27.448202],[85.295082,27.45038],[85.266563,27.452978],[85.257385,27.47101],[85.248558,27.482013],[85.246589,27.494012],[85.241706,27.497354],[85.238815,27.503213],[85.241874,27.518449],[85.243865,27.521425],[85.250183,27.524225],[85.250625,27.528541],[85.246475,27.533481],[85.24031,27.536804],[85.237678,27.542215],[85.25296,27.557605],[85.258392,27.568109],[85.267707,27.572824],[85.278656,27.582321],[85.282829,27.595243],[85.287986,27.596977],[85.294105,27.605312],[85.292167,27.610479],[85.294731,27.626279],[85.292793,27.630868],[85.286026,27.63574],[85.283767,27.640035],[85.284408,27.644348],[85.296318,27.659868],[85.2947,27.671636],[85.30017,27.68629],[85.305656,27.690319],[85.315971,27.690048],[85.325004,27.68633],[85.347579,27.667699],[85.354347,27.667419],[85.360733,27.669328],[85.36428,27.661878],[85.39006,27.650156],[85.404884,27.634973],[85.416236,27.62585],[85.419532,27.620319]]]}},{"type":"Feature","properties":{"DISTRICT":"NUWAKOT","HQ":"BIDUR","PROVINCE":3},"geometry":{"type":"Polygon","coordinates":[[[85.126724,28.0858],[85.133201,28.085535],[85.139358,28.081531],[85.143905,28.073795],[85.146514,28.064615],[85.146209,28.056577],[85.136863,28.041912],[85.137207,28.032728],[85.139801,28.030145],[85.148216,28.027587],[85.186996,28.018745],[85.184799,28.010179],[85.186759,27.999275],[85.180328,27.981174],[85.18325,27.974],[85.228515,27.97182],[85.237182,27.973007],[85.262786,27.968448],[85.277992,27.96216],[85.294784,27.977983],[85.303512,27.983163],[85.330352,27.986371],[85.339721,27.995855],[85.343925,28.008207],[85.351036,28.012237],[85.368499,28.017139],[85.403755,28.040445],[85.410232,28.058824],[85.412498,28.060836],[85.426734,28.062282],[85.430946,28.073766],[85.439689,28.082395],[85.443901,28.084114],[85.448745,28.075502],[85.472686,28.061166],[85.491111,28.04108],[85.495956,28.02873],[85.494308,28.001741],[85.491065,27.990829],[85.492996,27.981643],[85.49266,27.973606],[85.490074,27.971591],[85.484252,27.971302],[85.481979,27.958387],[85.483261,27.940584],[85.48809,27.926519],[85.48841,27.916755],[85.480636,27.900674],[85.477073,27.888034],[85.460906,27.879127],[85.454765,27.872234],[85.455734,27.865629],[85.464767,27.850419],[85.464439,27.847257],[85.455718,27.839786],[85.453773,27.835765],[85.45021,27.814233],[85.439231,27.811635],[85.425994,27.811342],[85.395324,27.81505],[85.38047,27.809577],[85.311386,27.813499],[85.300735,27.809459],[85.283645,27.789905],[85.270095,27.778688],[85.261062,27.779243],[85.244926,27.774328],[85.219436,27.772548],[85.205566,27.769651],[85.180397,27.77073],[85.169433,27.765541],[85.139106,27.765163],[85.126205,27.760828],[85.12104,27.762815],[85.114562,27.772556],[85.106811,27.77569],[85.090324,27.786836],[85.078369,27.791967],[85.070625,27.79194],[85.056091,27.795618],[85.049285,27.804214],[85.047973,27.810234],[85.043769,27.813955],[85.030525,27.815916],[85.018592,27.812133],[85.014083,27.808965],[85.022377,27.840862],[85.025268,27.84546],[85.023933,27.857797],[85.013206,27.877571],[85.008247,27.911994],[85.009094,27.947881],[85.01744,27.964284],[85.016059,27.990112],[85.014099,27.995273],[85.009895,27.994968],[84.999183,28.008413],[84.98973,28.028474],[85.013999,28.024549],[85.027893,28.028331],[85.040481,28.03585],[85.047576,28.043622],[85.054031,28.047088],[85.062438,28.048841],[85.078887,28.067565],[85.113479,28.077152],[85.121559,28.081197],[85.126724,28.0858]]]}},{"type":"Feature","properties":{"DISTRICT":"RASUWA","HQ":"DHUNCHE","PROVINCE":3},"geometry":{"type":"Polygon","coordinates":[[[85.122528,28.335252],[85.132255,28.336721],[85.142646,28.330438],[85.153358,28.32903],[85.164054,28.329925],[85.18061,28.32538],[85.185798,28.327119],[85.194206,28.337186],[85.201988,28.338932],[85.207511,28.336936],[85.238685,28.317207],[85.244529,28.310333],[85.250389,28.297998],[85.253959,28.293983],[85.269523,28.294595],[85.279457,28.286788],[85.285285,28.285942],[85.311859,28.290876],[85.342651,28.30212],[85.346542,28.299829],[85.349792,28.287511],[85.355621,28.285226],[85.368591,28.285535],[85.377342,28.276659],[85.388359,28.284425],[85.410728,28.305961],[85.413322,28.309692],[85.415908,28.322881],[85.418502,28.326902],[85.449958,28.33497],[85.464553,28.335271],[85.490173,28.330711],[85.50856,28.33279],[85.527694,28.32648],[85.563026,28.309257],[85.596427,28.305524],[85.599624,28.280546],[85.604454,28.262451],[85.607688,28.255561],[85.6119,28.25527],[85.630401,28.265882],[85.645034,28.284542],[85.66259,28.301467],[85.662269,28.304344],[85.656768,28.310951],[85.656135,28.317264],[85.663948,28.327026],[85.666572,28.339941],[85.670158,28.345392],[85.675354,28.34797],[85.685409,28.346244],[85.686714,28.348541],[85.687698,28.352558],[85.685775,28.362323],[85.686126,28.374088],[85.688095,28.382131],[85.692001,28.384136],[85.711151,28.385267],[85.720855,28.373479],[85.721466,28.359981],[85.731796,28.34188],[85.73143,28.327814],[85.736915,28.31919],[85.738517,28.313167],[85.736824,28.289329],[85.741638,28.272674],[85.746086,28.245391],[85.753822,28.232456],[85.773864,28.216064],[85.774818,28.209745],[85.778045,28.206289],[85.795837,28.198223],[85.795158,28.191041],[85.792228,28.185878],[85.784423,28.178426],[85.773712,28.172698],[85.752975,28.172737],[85.728019,28.169321],[85.718635,28.171634],[85.715393,28.169338],[85.712776,28.162452],[85.71083,28.161306],[85.692672,28.155294],[85.657684,28.150154],[85.643409,28.139831],[85.635284,28.129785],[85.630424,28.127201],[85.623306,28.129503],[85.617813,28.134105],[85.616539,28.14645],[85.612663,28.151618],[85.608459,28.154203],[85.601982,28.155645],[85.589675,28.153062],[85.556007,28.165122],[85.540779,28.164834],[85.524253,28.155651],[85.507728,28.152194],[85.493469,28.139844],[85.492492,28.136692],[85.498306,28.122621],[85.497009,28.116874],[85.490844,28.106544],[85.487609,28.104244],[85.474014,28.101936],[85.457817,28.091022],[85.436126,28.080089],[85.430946,28.073766],[85.426734,28.062282],[85.412498,28.060836],[85.410232,28.058824],[85.403755,28.040445],[85.368499,28.017139],[85.351036,28.012237],[85.343925,28.008207],[85.339721,27.995855],[85.330352,27.986371],[85.303512,27.983163],[85.294784,27.977983],[85.277992,27.96216],[85.262786,27.968448],[85.237182,27.973007],[85.228515,27.97182],[85.18325,27.974],[85.180328,27.981174],[85.186759,27.999275],[85.184799,28.010179],[85.186996,28.018745],[85.148216,28.027587],[85.139801,28.030145],[85.137207,28.032728],[85.136863,28.041912],[85.146209,28.056577],[85.146514,28.064615],[85.143905,28.073795],[85.139358,28.081531],[85.133201,28.085535],[85.126724,28.0858],[85.12442,28.101589],[85.127975,28.105617],[85.151588,28.113149],[85.159996,28.116909],[85.161933,28.119209],[85.162895,28.123517],[85.158332,28.134992],[85.158645,28.139869],[85.176742,28.15743],[85.196807,28.166667],[85.203544,28.202001],[85.213897,28.210062],[85.218742,28.218978],[85.220344,28.228458],[85.217742,28.233901],[85.206054,28.247648],[85.199874,28.258831],[85.188186,28.267702],[85.180709,28.276004],[85.171638,28.273393],[85.167098,28.27511],[85.156364,28.291147],[85.141426,28.300863],[85.130699,28.311168],[85.122558,28.323196],[85.122528,28.335252]]]}},{"type":"Feature","properties":{"DISTRICT":"SINDHUPALCHOK","HQ":"CHAUTARA","PROVINCE":3},"geometry":{"type":"Polygon","coordinates":[[[85.443901,28.084114],[85.457817,28.091022],[85.474014,28.101936],[85.487609,28.104244],[85.490844,28.106544],[85.497009,28.116874],[85.498306,28.122621],[85.492492,28.136692],[85.493469,28.139844],[85.507728,28.152194],[85.524253,28.155651],[85.540779,28.164834],[85.556007,28.165122],[85.589675,28.153062],[85.601982,28.155645],[85.608459,28.154203],[85.612663,28.151618],[85.616539,28.14645],[85.617813,28.134105],[85.623306,28.129503],[85.630424,28.127201],[85.635284,28.129785],[85.643409,28.139831],[85.657684,28.150154],[85.692672,28.155294],[85.71083,28.161306],[85.712776,28.162452],[85.715393,28.169338],[85.718635,28.171634],[85.728019,28.169321],[85.737098,28.169883],[85.752975,28.172737],[85.773712,28.172698],[85.780853,28.175559],[85.794181,28.188459],[85.795837,28.198223],[85.803283,28.196483],[85.813667,28.199625],[85.816871,28.192152],[85.823654,28.185251],[85.845024,28.182615],[85.851112,28.166526],[85.869476,28.142938],[85.8694,28.125993],[85.871322,28.121686],[85.87519,28.117944],[85.892654,28.111867],[85.897483,28.106689],[85.899719,28.10008],[85.900299,28.086002],[85.896331,28.068782],[85.901115,28.053556],[85.918853,28.04059],[85.927215,28.030797],[85.965232,28.000541],[85.973945,27.996778],[85.976844,27.993324],[85.976165,27.987579],[85.973548,27.982421],[85.959571,27.969543],[85.956596,27.957487],[85.949752,27.946594],[85.944557,27.942022],[85.964225,27.932773],[85.980323,27.920373],[85.996109,27.911127],[86.004188,27.910528],[86.012611,27.913658],[86.017456,27.913358],[86.028083,27.907285],[86.034858,27.905546],[86.048446,27.90722],[86.053604,27.904899],[86.063278,27.896789],[86.052047,27.886671],[86.04364,27.869279],[86.033821,27.862531],[86.028373,27.847967],[86.015914,27.837812],[86.011558,27.829549],[86.027549,27.804889],[86.026397,27.795719],[86.031738,27.787883],[86.027709,27.779903],[86.02626,27.771884],[86.028427,27.766962],[86.03923,27.75818],[86.041427,27.755281],[86.041061,27.752985],[86.030189,27.741371],[86.00669,27.743453],[85.982345,27.735485],[85.97277,27.740804],[85.965652,27.739469],[85.952713,27.719844],[85.938941,27.707696],[85.942871,27.693273],[85.936569,27.683891],[85.941551,27.674333],[85.940811,27.669172],[85.928153,27.66419],[85.914314,27.665256],[85.912498,27.666723],[85.908218,27.661607],[85.906845,27.657037],[85.915916,27.642248],[85.91555,27.639953],[85.907043,27.63261],[85.893714,27.625904],[85.890388,27.620489],[85.892265,27.617307],[85.891265,27.615304],[85.888671,27.61448],[85.88549,27.616828],[85.880958,27.615457],[85.877822,27.612302],[85.872947,27.621728],[85.868133,27.62605],[85.849166,27.638442],[85.83921,27.647657],[85.824424,27.657455],[85.818656,27.666938],[85.813827,27.668964],[85.791244,27.665565],[85.740653,27.675125],[85.73291,27.67427],[85.714462,27.653915],[85.710556,27.640996],[85.707649,27.639272],[85.705718,27.641574],[85.703819,27.653354],[85.695793,27.662839],[85.688095,27.678636],[85.683921,27.683815],[85.681365,27.693864],[85.677833,27.699329],[85.655624,27.715139],[85.632736,27.723489],[85.60794,27.745033],[85.603424,27.74274],[85.598258,27.742462],[85.578582,27.746198],[85.570198,27.749938],[85.561828,27.759122],[85.553787,27.776641],[85.545082,27.784971],[85.536369,27.785827],[85.51667,27.776933],[85.500854,27.774055],[85.493431,27.779796],[85.485687,27.782375],[85.474075,27.782951],[85.469238,27.787536],[85.463119,27.810504],[85.458923,27.814519],[85.451499,27.81681],[85.453773,27.835765],[85.455718,27.839786],[85.464439,27.847257],[85.464767,27.850419],[85.455734,27.865629],[85.454765,27.872234],[85.460906,27.879127],[85.477073,27.888034],[85.480636,27.900674],[85.48841,27.916755],[85.48809,27.926519],[85.483261,27.940584],[85.481979,27.958387],[85.484252,27.971302],[85.490074,27.971591],[85.49266,27.973606],[85.492996,27.981643],[85.491065,27.990829],[85.494308,28.001741],[85.495956,28.02873],[85.491111,28.04108],[85.477539,28.056293],[85.469131,28.064033],[85.448745,28.075502],[85.443901,28.084114]]]}},{"type":"Feature","properties":{"DISTRICT":"BARA","HQ":"KALAIYA","PROVINCE":2},"geometry":{"type":"Polygon","coordinates":[[[84.956428,27.364748],[84.978355,27.356739],[84.983505,27.362409],[85.001045,27.365253],[85.005004,27.362926],[85.005058,27.358036],[85.019386,27.355161],[85.032798,27.359115],[85.048355,27.361129],[85.061767,27.365711],[85.064163,27.364004],[85.08007,27.364006],[85.09027,27.362007],[85.094375,27.356864],[85.099433,27.335559],[85.109992,27.323328],[85.119293,27.320348],[85.123062,27.316463],[85.12284,27.312778],[85.125869,27.306816],[85.132003,27.298286],[85.143409,27.290025],[85.146926,27.279756],[85.15747,27.267692],[85.16555,27.264007],[85.184188,27.259872],[85.184783,27.251539],[85.188499,27.246496],[85.196113,27.243497],[85.204238,27.248323],[85.226066,27.246047],[85.251129,27.248899],[85.256828,27.244962],[85.26033,27.234634],[85.268264,27.224784],[85.266235,27.207572],[85.256958,27.188077],[85.254821,27.175647],[85.243507,27.153898],[85.233421,27.139797],[85.233406,27.134679],[85.205604,27.118402],[85.198417,27.110593],[85.19654,27.105289],[85.198211,27.098459],[85.202705,27.091989],[85.200172,27.074804],[85.203712,27.070085],[85.190574,27.052568],[85.18946,27.048473],[85.198181,27.049913],[85.202049,27.048725],[85.202873,27.042869],[85.207832,27.03478],[85.207565,27.029603],[85.196907,27.022399],[85.186798,27.018136],[85.186431,27.015596],[85.191886,27.009824],[85.184211,27.006088],[85.177696,26.995975],[85.171607,26.981725],[85.17163,26.979017],[85.173889,26.977827],[85.176765,26.972547],[85.177474,26.965768],[85.17498,26.951763],[85.178367,26.945976],[85.178016,26.942523],[85.171615,26.94058],[85.169654,26.938154],[85.174011,26.931846],[85.182182,26.929542],[85.183486,26.927419],[85.182182,26.923503],[85.177917,26.91991],[85.180702,26.903923],[85.176322,26.898378],[85.178504,26.891536],[85.167442,26.88836],[85.174781,26.885017],[85.177139,26.879964],[85.17601,26.878055],[85.17382,26.878215],[85.173599,26.874881],[85.181724,26.868459],[85.147727,26.87014],[85.134361,26.867292],[85.121307,26.871],[85.105667,26.870666],[85.097892,26.866184],[85.088081,26.866168],[85.086174,26.86449],[85.089309,26.859333],[85.089141,26.856515],[85.083343,26.853431],[85.070976,26.853281],[85.061462,26.849594],[85.029418,26.854648],[85.03495,26.859237],[85.032745,26.861518],[85.034652,26.868495],[85.03334,26.871303],[85.036277,26.872932],[85.044807,26.872364],[85.046737,26.878015],[85.054458,26.881],[85.056999,26.883607],[85.056884,26.888156],[85.053916,26.889856],[85.021896,26.891866],[85.009681,26.895341],[84.99781,26.901519],[84.997848,26.904102],[85.003585,26.907197],[85.00135,26.911724],[84.969093,26.917455],[84.96775,26.92251],[84.96923,26.927694],[84.975883,26.934875],[84.975761,26.939937],[84.969139,26.952884],[84.964012,26.958019],[84.933433,26.967033],[84.921295,26.96791],[84.911109,26.966388],[84.901115,26.97068],[84.890205,26.970706],[84.887039,26.977691],[84.874168,26.980493],[84.878051,26.986717],[84.885742,26.984676],[84.900535,26.999067],[84.916893,27.018915],[84.920036,27.031978],[84.909309,27.030778],[84.895477,27.0268],[84.891807,27.027404],[84.927444,27.088422],[84.930877,27.088069],[84.936752,27.090936],[84.9412,27.09546],[84.943771,27.100831],[84.945655,27.115346],[84.955116,27.120088],[84.961196,27.127216],[84.961349,27.13072],[84.952224,27.146816],[84.952316,27.161258],[84.962509,27.193824],[84.966957,27.199703],[84.964302,27.202571],[84.964225,27.20664],[84.969924,27.215444],[84.967041,27.232053],[84.972526,27.25118],[84.975769,27.256921],[84.977104,27.270444],[84.962409,27.301847],[84.956672,27.317974],[84.955413,27.326602],[84.946434,27.33814],[84.948066,27.343318],[84.955841,27.352783],[84.956428,27.364748]]]}},{"type":"Feature","properties":{"DISTRICT":"PARSA","HQ":"BIRGANJ","PROVINCE":2},"geometry":{"type":"Polygon","coordinates":[[[84.720825,27.43024],[84.727584,27.439737],[84.738357,27.443748],[84.762351,27.436618],[84.781471,27.438123],[84.800437,27.436115],[84.805358,27.429378],[84.80931,27.427518],[84.814208,27.418073],[84.822463,27.416994],[84.834045,27.418365],[84.848503,27.410844],[84.852615,27.406919],[84.856376,27.399585],[84.877601,27.39713],[84.890014,27.388031],[84.898475,27.385749],[84.903953,27.375444],[84.911674,27.375858],[84.92794,27.367362],[84.950553,27.361055],[84.956428,27.364748],[84.955841,27.352783],[84.948066,27.343318],[84.946434,27.33814],[84.955413,27.326602],[84.956672,27.317974],[84.962409,27.301847],[84.977104,27.270444],[84.975769,27.256921],[84.972526,27.25118],[84.967041,27.232053],[84.969924,27.215444],[84.964225,27.20664],[84.964302,27.202571],[84.966957,27.199703],[84.962509,27.193824],[84.952316,27.161258],[84.952224,27.146816],[84.961349,27.13072],[84.961196,27.127216],[84.955116,27.120088],[84.945655,27.115346],[84.943771,27.100831],[84.9412,27.09546],[84.936752,27.090936],[84.930877,27.088069],[84.927444,27.088422],[84.891807,27.027404],[84.895477,27.0268],[84.909309,27.030778],[84.920036,27.031978],[84.916893,27.018915],[84.900535,26.999067],[84.885742,26.984676],[84.878051,26.986717],[84.874168,26.980493],[84.858413,26.988721],[84.858039,27.008554],[84.851875,27.008794],[84.84748,27.010822],[84.843933,27.017518],[84.839004,27.021558],[84.830574,27.023153],[84.81562,27.018074],[84.811614,27.004871],[84.809906,27.003067],[84.801109,27.003335],[84.795822,26.995292],[84.791404,27.009347],[84.781806,27.017248],[84.776618,27.016164],[84.77108,27.012548],[84.762413,27.003267],[84.738777,27.014144],[84.727729,27.014553],[84.721336,27.017942],[84.716361,27.024568],[84.711395,27.02659],[84.695945,27.02983],[84.66793,27.040596],[84.651641,27.044107],[84.649497,27.04593],[84.651092,27.055433],[84.648826,27.065584],[84.651039,27.072507],[84.657379,27.078496],[84.66574,27.081632],[84.668724,27.084362],[84.671913,27.094739],[84.677818,27.09963],[84.677551,27.109462],[84.679908,27.115467],[84.678321,27.123382],[84.684478,27.137771],[84.686271,27.151473],[84.689285,27.156793],[84.688682,27.158164],[84.683135,27.159543],[84.683601,27.163288],[84.681289,27.167518],[84.683845,27.173065],[84.687583,27.190753],[84.686447,27.198333],[84.689605,27.206588],[84.68898,27.210206],[84.692932,27.217031],[84.69075,27.23047],[84.675758,27.25366],[84.66819,27.269805],[84.633445,27.327348],[84.625724,27.336008],[84.609764,27.336122],[84.592201,27.33962],[84.566589,27.347795],[84.533638,27.351341],[84.523872,27.354335],[84.513381,27.354221],[84.492897,27.358934],[84.483634,27.35865],[84.481193,27.357097],[84.480102,27.358091],[84.481094,27.360347],[84.492263,27.366683],[84.496528,27.373466],[84.509033,27.380674],[84.524559,27.384298],[84.529464,27.383438],[84.532852,27.380826],[84.535758,27.384595],[84.541992,27.385419],[84.539772,27.391544],[84.540306,27.402761],[84.5484,27.404111],[84.550804,27.406843],[84.549537,27.409528],[84.542892,27.410377],[84.536705,27.414617],[84.538322,27.418148],[84.544631,27.422355],[84.551345,27.42962],[84.553092,27.437629],[84.556716,27.440778],[84.558761,27.445741],[84.558769,27.453792],[84.563041,27.460968],[84.569725,27.462196],[84.578216,27.454637],[84.599754,27.453088],[84.61296,27.44909],[84.62973,27.44806],[84.643218,27.442161],[84.650047,27.429182],[84.652641,27.427537],[84.661689,27.430164],[84.672546,27.427745],[84.699539,27.432092],[84.720825,27.43024]]]}},{"type":"Feature","properties":{"DISTRICT":"RAUTAHAT","HQ":"GAUR","PROVINCE":2},"geometry":{"type":"Polygon","coordinates":[[[85.268264,27.224784],[85.273704,27.228157],[85.281791,27.229637],[85.31195,27.230436],[85.339363,27.221673],[85.353195,27.221342],[85.357429,27.214061],[85.364402,27.211046],[85.378097,27.211233],[85.382751,27.208498],[85.39756,27.206266],[85.401107,27.196449],[85.411865,27.194368],[85.419227,27.189577],[85.432723,27.190902],[85.441764,27.185541],[85.447555,27.185623],[85.451438,27.182363],[85.457374,27.170368],[85.466033,27.163503],[85.480766,27.1623],[85.490402,27.163604],[85.498916,27.168994],[85.503761,27.176713],[85.505867,27.175361],[85.504188,27.170495],[85.505424,27.167322],[85.495399,27.161989],[85.491485,27.157152],[85.490318,27.143093],[85.478576,27.129732],[85.473548,27.114574],[85.469657,27.111173],[85.459037,27.109001],[85.455802,27.106735],[85.454635,27.092105],[85.43946,27.084527],[85.438636,27.071609],[85.43505,27.067632],[85.414382,27.056091],[85.408294,27.033182],[85.397613,27.024972],[85.395645,27.021835],[85.406211,26.974346],[85.4085,26.954221],[85.406272,26.932134],[85.403968,26.927278],[85.395515,26.917901],[85.392166,26.907022],[85.378562,26.895112],[85.373016,26.887132],[85.367553,26.861927],[85.356239,26.853147],[85.351348,26.846591],[85.335899,26.815176],[85.334831,26.806577],[85.341491,26.802486],[85.343673,26.797861],[85.341705,26.794155],[85.335258,26.790487],[85.331352,26.785358],[85.330627,26.778768],[85.333358,26.767543],[85.329284,26.745525],[85.32125,26.750375],[85.303535,26.754714],[85.270347,26.755388],[85.242561,26.761842],[85.217216,26.759279],[85.209449,26.761474],[85.204734,26.765132],[85.194183,26.777492],[85.193878,26.78899],[85.192054,26.792549],[85.185043,26.795204],[85.183273,26.799911],[85.183883,26.803251],[85.179527,26.809955],[85.179786,26.815988],[85.192169,26.828378],[85.194183,26.838569],[85.193702,26.856283],[85.196907,26.863203],[85.194877,26.867797],[85.181724,26.868459],[85.176712,26.871564],[85.173599,26.874881],[85.17382,26.878215],[85.17601,26.878055],[85.177139,26.879964],[85.174781,26.885017],[85.167442,26.88836],[85.178504,26.891536],[85.176322,26.898378],[85.180702,26.903923],[85.177917,26.91991],[85.182182,26.923503],[85.183486,26.927419],[85.182182,26.929542],[85.174011,26.931846],[85.169654,26.938154],[85.171615,26.94058],[85.178016,26.942523],[85.178367,26.945976],[85.17498,26.951763],[85.177474,26.965768],[85.176765,26.972547],[85.173889,26.977827],[85.17163,26.979017],[85.171607,26.981725],[85.177696,26.995975],[85.184211,27.006088],[85.191886,27.009824],[85.186431,27.015596],[85.186798,27.018136],[85.196907,27.022399],[85.207565,27.029603],[85.207832,27.03478],[85.202873,27.042869],[85.202049,27.048725],[85.198181,27.049913],[85.18946,27.048473],[85.190574,27.052568],[85.203712,27.070085],[85.200172,27.074804],[85.202705,27.091989],[85.198211,27.098459],[85.19654,27.105289],[85.198417,27.110593],[85.205604,27.118402],[85.233406,27.134679],[85.233421,27.139797],[85.243507,27.153898],[85.254821,27.175647],[85.256958,27.188077],[85.266235,27.207572],[85.268264,27.224784]]]}},{"type":"Feature","properties":{"DISTRICT":"CHITWAN","HQ":"BHARATPUR","PROVINCE":3},"geometry":{"type":"Polygon","coordinates":[[[84.674453,27.816028],[84.65493,27.799098],[84.674743,27.778272],[84.68029,27.768548],[84.687721,27.767444],[84.688705,27.764583],[84.672424,27.738355],[84.673408,27.734926],[84.691871,27.722122],[84.709579,27.727388],[84.72248,27.726898],[84.748886,27.733648],[84.75695,27.733407],[84.764717,27.72857],[84.774444,27.719152],[84.789001,27.710622],[84.794212,27.701175],[84.790077,27.689954],[84.795578,27.686542],[84.797851,27.683113],[84.788719,27.683616],[84.78144,27.672958],[84.774269,27.668466],[84.768692,27.658216],[84.759742,27.655824],[84.749481,27.65072],[84.743232,27.659175],[84.738769,27.659761],[84.723495,27.643564],[84.723632,27.633955],[84.733764,27.625143],[84.740798,27.611404],[84.7332,27.582447],[84.723869,27.576255],[84.715744,27.566339],[84.71054,27.56462],[84.693298,27.565589],[84.685394,27.549982],[84.683341,27.535923],[84.684082,27.520395],[84.692359,27.500923],[84.697639,27.478944],[84.694221,27.465675],[84.694015,27.457162],[84.705688,27.443647],[84.723785,27.434623],[84.720825,27.43024],[84.699539,27.432092],[84.672546,27.427745],[84.661689,27.430164],[84.652641,27.427537],[84.650047,27.429182],[84.643218,27.442161],[84.62973,27.44806],[84.61296,27.44909],[84.599754,27.453088],[84.578216,27.454637],[84.569725,27.462196],[84.563041,27.460968],[84.558769,27.453792],[84.558761,27.445741],[84.556716,27.440778],[84.553092,27.437629],[84.551345,27.42962],[84.544631,27.422355],[84.538322,27.418148],[84.536705,27.414617],[84.542892,27.410377],[84.549537,27.409528],[84.550804,27.406843],[84.5484,27.404111],[84.540306,27.402761],[84.539772,27.391544],[84.541992,27.385419],[84.535758,27.384595],[84.532852,27.380826],[84.529464,27.383438],[84.524559,27.384298],[84.509033,27.380674],[84.496528,27.373466],[84.492263,27.366683],[84.481094,27.360347],[84.480102,27.358091],[84.481193,27.357097],[84.474891,27.354125],[84.467521,27.359956],[84.455116,27.362979],[84.444435,27.37021],[84.429092,27.371643],[84.421157,27.368844],[84.417533,27.369832],[84.410736,27.368082],[84.404014,27.369617],[84.395736,27.368362],[84.382942,27.374765],[84.36914,27.372295],[84.353096,27.373245],[84.342674,27.376502],[84.333656,27.376737],[84.328453,27.380121],[84.299842,27.388782],[84.295677,27.383846],[84.293533,27.384906],[84.278915,27.39599],[84.277374,27.399127],[84.278854,27.409902],[84.276535,27.420846],[84.271469,27.430385],[84.266967,27.433427],[84.261085,27.434675],[84.260559,27.442487],[84.256774,27.44853],[84.252784,27.451753],[84.246772,27.453052],[84.237327,27.45161],[84.233657,27.455183],[84.2247,27.448102],[84.221939,27.440765],[84.213554,27.441347],[84.209289,27.445421],[84.208992,27.4545],[84.207077,27.460687],[84.20935,27.466354],[84.206642,27.469882],[84.201583,27.471702],[84.188072,27.470952],[84.180526,27.474462],[84.174537,27.474439],[84.163551,27.483085],[84.154647,27.483652],[84.150146,27.486402],[84.147789,27.495277],[84.151153,27.500904],[84.152542,27.512535],[84.151588,27.515457],[84.145942,27.517101],[84.141189,27.516344],[84.131942,27.511327],[84.126152,27.5109],[84.121871,27.512165],[84.118217,27.517629],[84.115036,27.518907],[84.102943,27.517871],[84.100334,27.512826],[84.100418,27.502084],[84.095237,27.490165],[84.086807,27.483322],[84.078887,27.482975],[84.071617,27.479078],[84.067947,27.466207],[84.062103,27.462097],[84.060752,27.458568],[84.062858,27.453083],[84.056831,27.44857],[84.056274,27.444425],[84.03022,27.436565],[84.024108,27.433025],[84.007865,27.439741],[83.999938,27.440137],[83.996231,27.44198],[83.986183,27.441888],[83.980178,27.439439],[83.967201,27.444129],[83.951911,27.439411],[83.949172,27.440856],[83.946037,27.44593],[83.934066,27.447385],[83.941955,27.457939],[83.94371,27.462747],[83.94461,27.475675],[83.942413,27.486848],[83.944808,27.49139],[83.965881,27.503074],[83.971977,27.510221],[83.971488,27.516662],[83.963714,27.524631],[83.958015,27.525909],[83.953956,27.524698],[83.944763,27.515798],[83.933525,27.512466],[83.92366,27.516456],[83.92102,27.520885],[83.920639,27.534343],[83.922073,27.539424],[83.92604,27.544004],[83.934867,27.544794],[83.949943,27.542032],[83.969116,27.543704],[84.036033,27.540287],[84.070503,27.547576],[84.107803,27.549324],[84.112472,27.550947],[84.123527,27.559268],[84.127891,27.570537],[84.151565,27.596567],[84.18753,27.625118],[84.203346,27.635108],[84.29071,27.670761],[84.323913,27.687404],[84.329788,27.694782],[84.336624,27.698776],[84.35704,27.701684],[84.367156,27.691978],[84.374794,27.686954],[84.387153,27.685445],[84.398254,27.689201],[84.426673,27.703981],[84.431526,27.710874],[84.430488,27.720188],[84.425102,27.735095],[84.425666,27.739006],[84.44062,27.747045],[84.452651,27.763366],[84.466842,27.756994],[84.469757,27.757272],[84.473976,27.761564],[84.471092,27.768468],[84.46659,27.773078],[84.457237,27.778564],[84.438507,27.783226],[84.433372,27.79071],[84.43148,27.803354],[84.436691,27.812528],[84.446426,27.821388],[84.46389,27.820755],[84.477165,27.824146],[84.491378,27.820652],[84.501083,27.820611],[84.515609,27.815387],[84.517875,27.81624],[84.521125,27.819095],[84.524734,27.829998],[84.527992,27.834577],[84.530586,27.836284],[84.551605,27.835342],[84.554527,27.836765],[84.558433,27.841915],[84.562385,27.855682],[84.577362,27.863479],[84.586738,27.875925],[84.589988,27.877737],[84.594596,27.877817],[84.611618,27.871679],[84.62313,27.877141],[84.638351,27.862977],[84.648956,27.859651],[84.650154,27.854991],[84.661285,27.846994],[84.663848,27.83008],[84.674453,27.816028]]]}},{"type":"Feature","properties":{"DISTRICT":"MAKWANPUR","HQ":"HETAUDA","PROVINCE":3},"geometry":{"type":"Polygon","coordinates":[[[85.189567,27.679183],[85.209274,27.664005],[85.227012,27.656579],[85.22734,27.653425],[85.217369,27.639043],[85.215118,27.636171],[85.208351,27.632997],[85.20642,27.630121],[85.207717,27.627826],[85.214485,27.625829],[85.233497,27.624439],[85.237701,27.619276],[85.240936,27.603782],[85.231285,27.591411],[85.230644,27.588541],[85.232582,27.585966],[85.248374,27.579677],[85.267059,27.576265],[85.267707,27.572824],[85.258392,27.568109],[85.25296,27.557605],[85.237678,27.542215],[85.24031,27.536804],[85.246475,27.533481],[85.250625,27.528541],[85.250183,27.524225],[85.243865,27.521425],[85.241874,27.518449],[85.238815,27.503213],[85.241706,27.497354],[85.246589,27.494012],[85.248558,27.482013],[85.257385,27.47101],[85.266563,27.452978],[85.295082,27.45038],[85.30249,27.448202],[85.313507,27.442892],[85.320907,27.43538],[85.332168,27.434251],[85.349868,27.427953],[85.364021,27.425674],[85.386535,27.409616],[85.396507,27.407899],[85.4039,27.403606],[85.409049,27.403322],[85.420951,27.40677],[85.423202,27.402471],[85.429954,27.405345],[85.441856,27.403051],[85.447319,27.399032],[85.449241,27.388988],[85.459541,27.392154],[85.462425,27.386985],[85.469825,27.386985],[85.475601,27.379232],[85.479461,27.376935],[85.475273,27.371772],[85.476715,27.368793],[85.475181,27.365217],[85.47126,27.36067],[85.454147,27.355407],[85.446945,27.346012],[85.430091,27.335857],[85.425476,27.327293],[85.425056,27.319831],[85.427772,27.307458],[85.435264,27.291294],[85.450233,27.281946],[85.474525,27.27363],[85.481834,27.268093],[85.487472,27.25798],[85.487777,27.234432],[85.489311,27.229528],[85.493103,27.225471],[85.507774,27.218694],[85.508628,27.211219],[85.511734,27.203716],[85.511352,27.199703],[85.508102,27.19687],[85.489822,27.198226],[85.489448,27.194503],[85.492233,27.187005],[85.483528,27.18423],[85.48188,27.181377],[85.484397,27.177621],[85.48793,27.177867],[85.49398,27.174638],[85.503761,27.176713],[85.498916,27.168994],[85.494239,27.165813],[85.486419,27.162549],[85.466033,27.163503],[85.457374,27.170368],[85.451438,27.182363],[85.447555,27.185623],[85.441764,27.185541],[85.432723,27.190902],[85.419227,27.189577],[85.411865,27.194368],[85.401107,27.196449],[85.39756,27.206266],[85.382751,27.208498],[85.378097,27.211233],[85.364402,27.211046],[85.357429,27.214061],[85.353195,27.221342],[85.339363,27.221673],[85.31195,27.230436],[85.281791,27.229637],[85.273704,27.228157],[85.268264,27.224784],[85.26033,27.234634],[85.256828,27.244962],[85.251129,27.248899],[85.226066,27.246047],[85.204238,27.248323],[85.196113,27.243497],[85.188499,27.246496],[85.184783,27.251539],[85.184188,27.259872],[85.161613,27.265192],[85.153572,27.271457],[85.146926,27.279756],[85.143409,27.290025],[85.132003,27.298286],[85.125869,27.306816],[85.12284,27.312778],[85.123062,27.316463],[85.119293,27.320348],[85.109992,27.323328],[85.105369,27.327777],[85.099433,27.335559],[85.094375,27.356864],[85.09027,27.362007],[85.08007,27.364006],[85.064163,27.364004],[85.061767,27.365711],[85.048355,27.361129],[85.032798,27.359115],[85.019386,27.355161],[85.005058,27.358036],[85.005004,27.362926],[85.001045,27.365253],[84.983505,27.362409],[84.978355,27.356739],[84.955528,27.365062],[84.950553,27.361055],[84.92794,27.367362],[84.911674,27.375858],[84.903953,27.375444],[84.898475,27.385749],[84.890014,27.388031],[84.877601,27.39713],[84.856376,27.399585],[84.852615,27.406919],[84.848503,27.410844],[84.834045,27.418365],[84.822463,27.416994],[84.814208,27.418073],[84.80931,27.427518],[84.805358,27.429378],[84.800437,27.436115],[84.781471,27.438123],[84.762351,27.436618],[84.738357,27.443748],[84.727584,27.439737],[84.723785,27.434623],[84.705688,27.443647],[84.694015,27.457162],[84.694221,27.465675],[84.697639,27.478944],[84.692359,27.500923],[84.684082,27.520395],[84.683174,27.529476],[84.684494,27.545652],[84.686943,27.554536],[84.693298,27.565589],[84.71054,27.56462],[84.715744,27.566339],[84.723869,27.576255],[84.7332,27.582447],[84.740798,27.611404],[84.733764,27.625143],[84.723632,27.633955],[84.723495,27.643564],[84.738769,27.659761],[84.743232,27.659175],[84.749481,27.65072],[84.759742,27.655824],[84.768692,27.658216],[84.774269,27.668466],[84.78144,27.672958],[84.788719,27.683616],[84.797851,27.683113],[84.797576,27.673921],[84.799537,27.669628],[84.801467,27.669353],[84.816894,27.679479],[84.828765,27.689872],[84.836822,27.690486],[84.862342,27.680278],[84.881744,27.667741],[84.885604,27.668903],[84.900405,27.693798],[84.908493,27.697549],[84.915664,27.695388],[84.927009,27.688302],[84.949981,27.686378],[84.974555,27.695285],[84.988311,27.704368],[84.996047,27.705545],[85.012176,27.703023],[85.042793,27.709743],[85.051506,27.708042],[85.068946,27.699785],[85.077316,27.70268],[85.084259,27.701456],[85.08496,27.690124],[85.130981,27.681226],[85.141876,27.670032],[85.146492,27.668279],[85.164772,27.672151],[85.174758,27.677129],[85.189567,27.679183]]]}},{"type":"Feature","properties":{"DISTRICT":"GORKHA","HQ":"GORKHA","PROVINCE":4},"geometry":{"type":"Polygon","coordinates":[[[84.493682,28.736864],[84.507095,28.746007],[84.51461,28.749132],[84.523399,28.7448],[84.539054,28.744167],[84.545913,28.745292],[84.556053,28.751855],[84.558967,28.747253],[84.572944,28.736],[84.580116,28.735109],[84.595779,28.73649],[84.603927,28.735019],[84.620574,28.737245],[84.627418,28.735208],[84.646919,28.722204],[84.650146,28.71644],[84.652694,28.705232],[84.668289,28.69425],[84.669532,28.68477],[84.676361,28.680719],[84.688095,28.680379],[84.691345,28.678928],[84.695884,28.673734],[84.704994,28.670822],[84.705291,28.665647],[84.700012,28.655624],[84.698921,28.636962],[84.715522,28.633436],[84.723312,28.627944],[84.726539,28.623044],[84.734985,28.618694],[84.75225,28.618024],[84.784126,28.609525],[84.801345,28.601964],[84.819511,28.590951],[84.835105,28.585399],[84.856201,28.574651],[84.864387,28.58006],[84.869941,28.582033],[84.883636,28.583097],[84.896392,28.58991],[84.905525,28.591575],[84.913009,28.590373],[84.922492,28.594915],[84.939788,28.597957],[84.943702,28.597639],[84.947883,28.591295],[84.949783,28.58496],[84.953346,28.582929],[84.99028,28.59617],[84.99356,28.598447],[84.993255,28.600746],[84.98809,28.606813],[84.992073,28.614831],[85.018394,28.642501],[85.030891,28.65389],[85.039405,28.65814],[85.041427,28.665306],[85.052261,28.672981],[85.059852,28.682691],[85.072532,28.679145],[85.082572,28.6716],[85.114669,28.686002],[85.123138,28.684783],[85.13253,28.677812],[85.138946,28.668001],[85.146392,28.662479],[85.147323,28.658161],[85.155685,28.646894],[85.166412,28.643646],[85.185005,28.644348],[85.189521,28.640005],[85.187805,28.631689],[85.190063,28.629661],[85.19754,28.628162],[85.196807,28.620409],[85.192123,28.608678],[85.187828,28.60325],[85.178306,28.596725],[85.177627,28.593864],[85.185035,28.58576],[85.183341,28.579744],[85.191711,28.570478],[85.187034,28.559316],[85.189872,28.550672],[85.186447,28.535194],[85.181861,28.532649],[85.17276,28.534162],[85.170135,28.532457],[85.166404,28.518129],[85.159446,28.506698],[85.155029,28.489212],[85.147819,28.484674],[85.131248,28.487398],[85.123756,28.4866],[85.116828,28.47746],[85.111167,28.465154],[85.100997,28.456619],[85.099662,28.45347],[85.100616,28.451171],[85.114212,28.44359],[85.113754,28.430959],[85.117843,28.416854],[85.118041,28.403924],[85.128669,28.393493],[85.123695,28.384057],[85.112937,28.349388],[85.108879,28.344396],[85.090713,28.344043],[85.077415,28.341989],[85.048927,28.324373],[85.043434,28.319187],[85.037307,28.307971],[85.036033,28.300786],[85.03804,28.283288],[85.036109,28.28012],[85.031265,28.274076],[84.982482,28.231969],[84.96376,28.213516],[84.963775,28.209789],[84.971603,28.197477],[84.973258,28.188585],[84.954978,28.143722],[84.956321,28.131675],[84.955688,28.128229],[84.953109,28.125637],[84.933052,28.122961],[84.927894,28.117486],[84.922767,28.106264],[84.913391,28.103061],[84.897529,28.104715],[84.880668,28.110366],[84.871932,28.109464],[84.8619,28.110851],[84.854759,28.114259],[84.846336,28.11594],[84.843757,28.113626],[84.842491,28.107595],[84.838638,28.102121],[84.826515,28.068187],[84.822669,28.061565],[84.820793,28.049217],[84.8134,28.040561],[84.813446,28.03281],[84.816719,28.024795],[84.813552,28.011857],[84.816177,28.005556],[84.80973,28.001508],[84.798751,27.999439],[84.792312,27.994235],[84.78495,27.980419],[84.773376,27.96916],[84.750167,27.958404],[84.746635,27.954944],[84.736114,27.931343],[84.734222,27.922433],[84.73664,27.896898],[84.738609,27.891462],[84.749,27.882625],[84.749671,27.877166],[84.761062,27.86174],[84.766258,27.857746],[84.776054,27.837707],[84.777732,27.825658],[84.781013,27.816497],[84.7807,27.813911],[84.777488,27.811305],[84.767448,27.817569],[84.764549,27.81726],[84.75846,27.809194],[84.750411,27.805128],[84.742019,27.805082],[84.732719,27.796131],[84.726585,27.79667],[84.719787,27.800067],[84.70977,27.802022],[84.704895,27.807159],[84.697448,27.81142],[84.682914,27.812765],[84.674453,27.816028],[84.663848,27.83008],[84.661285,27.846994],[84.650154,27.854991],[84.648956,27.859651],[84.638351,27.862977],[84.625335,27.876401],[84.620719,27.876905],[84.611618,27.871679],[84.594596,27.877817],[84.589988,27.877737],[84.583511,27.872943],[84.577362,27.863479],[84.573684,27.861074],[84.563957,27.857128],[84.554649,27.860021],[84.55368,27.861177],[84.556312,27.869199],[84.548233,27.87153],[84.546348,27.88274],[84.544097,27.885623],[84.544456,27.891937],[84.547729,27.900251],[84.547431,27.904272],[84.543258,27.912038],[84.53971,27.91378],[84.507339,27.913331],[84.507041,27.918796],[84.509979,27.923946],[84.483467,27.931514],[84.479598,27.934402],[84.475418,27.940732],[84.461181,27.944232],[84.457321,27.948835],[84.450836,27.946569],[84.445007,27.946876],[84.431427,27.950647],[84.426254,27.953536],[84.425292,27.956415],[84.424385,27.971061],[84.426353,27.977657],[84.431228,27.983098],[84.450065,27.995378],[84.458526,28.004251],[84.465385,28.017435],[84.468376,28.036375],[84.471969,28.043542],[84.483695,28.057563],[84.49311,28.060695],[84.491897,28.078495],[84.484138,28.083126],[84.483177,28.086862],[84.4887,28.08856],[84.502944,28.085058],[84.547119,28.102115],[84.556915,28.115283],[84.560203,28.123598],[84.578071,28.130701],[84.582984,28.139009],[84.591117,28.144142],[84.602493,28.148401],[84.60836,28.153251],[84.615882,28.164417],[84.617218,28.171308],[84.639732,28.192453],[84.643348,28.200185],[84.643386,28.207937],[84.638961,28.228065],[84.642585,28.23781],[84.651756,28.25097],[84.656723,28.267026],[84.652915,28.283132],[84.652961,28.291164],[84.665107,28.31265],[84.672721,28.33616],[84.67469,28.339017],[84.688056,28.34613],[84.696578,28.358438],[84.694343,28.364194],[84.680442,28.377466],[84.677268,28.390407],[84.661125,28.410009],[84.650123,28.420394],[84.644348,28.434497],[84.637565,28.443141],[84.632705,28.446035],[84.620674,28.446952],[84.613182,28.44555],[84.605384,28.447875],[84.597953,28.456813],[84.591835,28.468894],[84.581466,28.478412],[84.574325,28.481027],[84.569145,28.487367],[84.569534,28.500856],[84.573829,28.513475],[84.564163,28.534757],[84.562255,28.543386],[84.562614,28.551134],[84.554183,28.558055],[84.552352,28.58419],[84.544967,28.608337],[84.545707,28.627578],[84.538909,28.636783],[84.536331,28.643974],[84.525283,28.652633],[84.529556,28.659505],[84.519172,28.67016],[84.51757,28.676771],[84.518898,28.682506],[84.523826,28.691106],[84.519599,28.693996],[84.507873,28.696615],[84.501686,28.700082],[84.487091,28.719373],[84.486778,28.72339],[84.493011,28.731698],[84.493682,28.736864]]]}},{"type":"Feature","properties":{"DISTRICT":"KASKI","HQ":"POKHARA","PROVINCE":4},"geometry":{"type":"Polygon","coordinates":[[[84.280487,28.470991],[84.277542,28.466114],[84.251808,28.443771],[84.249191,28.438035],[84.250152,28.427986],[84.247207,28.422531],[84.234832,28.411643],[84.220176,28.395305],[84.220123,28.359992],[84.212936,28.341062],[84.211624,28.3313],[84.202507,28.319259],[84.200866,28.304908],[84.193054,28.296302],[84.192405,28.292861],[84.204719,28.277055],[84.212501,28.272161],[84.216384,28.264402],[84.218948,28.244308],[84.217613,28.224784],[84.211418,28.206993],[84.205894,28.201259],[84.197448,28.196683],[84.195823,28.193241],[84.19841,28.190082],[84.211387,28.188045],[84.21981,28.180286],[84.220108,28.169666],[84.231399,28.137207],[84.221015,28.131475],[84.220359,28.1266],[84.22779,28.115102],[84.231338,28.10275],[84.231002,28.099018],[84.230026,28.095579],[84.222251,28.099607],[84.209602,28.095615],[84.197608,28.096778],[84.182357,28.086181],[84.170379,28.0951],[84.148986,28.099718],[84.130508,28.09658],[84.124031,28.098592],[84.110748,28.106649],[84.09745,28.100919],[84.087066,28.090017],[84.070861,28.083997],[84.067298,28.084291],[84.040077,28.094631],[84.036506,28.099803],[84.030998,28.103248],[84.02095,28.103256],[84.011878,28.106693],[84.004417,28.118177],[84.005393,28.130809],[84.002471,28.133678],[83.995658,28.135694],[83.989501,28.141141],[83.984313,28.142292],[83.960647,28.137979],[83.958374,28.139995],[83.943458,28.142566],[83.934371,28.146297],[83.92723,28.154048],[83.926254,28.164373],[83.92398,28.168678],[83.910675,28.17786],[83.897033,28.191623],[83.881462,28.19419],[83.87432,28.197059],[83.860694,28.196187],[83.853874,28.200487],[83.84835,28.206502],[83.838287,28.212522],[83.81784,28.2145],[83.809715,28.22454],[83.802238,28.228261],[83.822647,28.246362],[83.82685,28.252973],[83.826522,28.257854],[83.821319,28.260431],[83.805412,28.262702],[83.775535,28.270406],[83.774223,28.275281],[83.778427,28.281885],[83.778739,28.286195],[83.767692,28.291336],[83.765968,28.293609],[83.779182,28.305145],[83.775764,28.309143],[83.77024,28.310573],[83.762435,28.316295],[83.742248,28.334909],[83.741584,28.339214],[83.742881,28.34123],[83.740264,28.347536],[83.729187,28.359563],[83.729484,28.369031],[83.728172,28.372472],[83.713523,28.382204],[83.705696,28.390502],[83.702751,28.396816],[83.703071,28.399106],[83.708587,28.401702],[83.723228,28.396282],[83.732322,28.397169],[83.737838,28.400621],[83.740417,28.40751],[83.738731,28.428169],[83.750694,28.452592],[83.753257,28.464929],[83.756492,28.471826],[83.760063,28.474418],[83.77143,28.477592],[83.778579,28.4822],[83.787315,28.499147],[83.801261,28.516101],[83.81752,28.519857],[83.823043,28.523313],[83.830833,28.53193],[83.831474,28.538827],[83.826896,28.54829],[83.809936,28.562892],[83.805686,28.57035],[83.805015,28.578102],[83.807929,28.584699],[83.81443,28.590454],[83.82711,28.597074],[83.875267,28.615503],[83.895797,28.607784],[83.927062,28.606378],[83.941726,28.600936],[83.966148,28.604101],[83.976562,28.602674],[83.994163,28.587759],[83.999694,28.585752],[84.01728,28.58604],[84.037796,28.570253],[84.045936,28.566814],[84.061561,28.563364],[84.080116,28.544704],[84.0876,28.539243],[84.117225,28.537792],[84.127639,28.535488],[84.140335,28.537776],[84.150413,28.529157],[84.162117,28.514507],[84.187164,28.506729],[84.191062,28.501848],[84.196899,28.488346],[84.216094,28.484302],[84.229095,28.479398],[84.255775,28.479074],[84.264884,28.480493],[84.280487,28.470991]]]}},{"type":"Feature","properties":{"DISTRICT":"LAMJUNG","HQ":"BESISAHAR","PROVINCE":4},"geometry":{"type":"Polygon","coordinates":[[[84.569145,28.487367],[84.574325,28.481027],[84.581466,28.478412],[84.591835,28.468894],[84.597953,28.456813],[84.605384,28.447875],[84.613182,28.44555],[84.620674,28.446952],[84.632705,28.446035],[84.637565,28.443141],[84.644348,28.434497],[84.650123,28.420394],[84.661125,28.410009],[84.677268,28.390407],[84.680442,28.377466],[84.696273,28.3616],[84.695259,28.354997],[84.690994,28.348987],[84.684135,28.343276],[84.67469,28.339017],[84.672721,28.33616],[84.665107,28.31265],[84.652961,28.291164],[84.652915,28.283132],[84.656738,28.270763],[84.656051,28.263875],[84.651756,28.25097],[84.642585,28.23781],[84.638961,28.228065],[84.643386,28.207937],[84.642684,28.197891],[84.63581,28.187583],[84.617218,28.171308],[84.615882,28.164417],[84.60836,28.153251],[84.602493,28.148401],[84.591117,28.144142],[84.582984,28.139009],[84.578071,28.130701],[84.571571,28.127283],[84.5615,28.12474],[84.55857,28.121593],[84.556915,28.115283],[84.551361,28.106405],[84.544525,28.100688],[84.502944,28.085058],[84.4887,28.08856],[84.483177,28.086862],[84.484138,28.083126],[84.491897,28.078495],[84.49311,28.060695],[84.486618,28.057844],[84.483695,28.057563],[84.471145,28.077716],[84.446617,28.103635],[84.439163,28.106538],[84.436271,28.111429],[84.401306,28.128473],[84.371467,28.127407],[84.362724,28.130596],[84.346824,28.126327],[84.337417,28.126642],[84.329299,28.12235],[84.316947,28.111761],[84.301361,28.103759],[84.288063,28.099481],[84.279289,28.092325],[84.268913,28.091775],[84.253982,28.083475],[84.238418,28.078056],[84.230026,28.095579],[84.231338,28.10275],[84.230049,28.109075],[84.224235,28.122005],[84.220359,28.1266],[84.221015,28.131475],[84.231399,28.137207],[84.220108,28.169666],[84.21981,28.180286],[84.211387,28.188045],[84.19841,28.190082],[84.195823,28.193241],[84.197448,28.196683],[84.205894,28.201259],[84.211418,28.206993],[84.217613,28.224784],[84.218948,28.244308],[84.214767,28.268707],[84.212501,28.272161],[84.204719,28.277055],[84.192405,28.292861],[84.193054,28.296302],[84.200866,28.304908],[84.202507,28.319259],[84.211624,28.3313],[84.212936,28.341062],[84.220123,28.359992],[84.220176,28.395305],[84.234832,28.411643],[84.247207,28.422531],[84.250152,28.427986],[84.249191,28.438035],[84.251808,28.443771],[84.277542,28.466114],[84.288314,28.481025],[84.29776,28.484733],[84.309799,28.48701],[84.31858,28.484693],[84.325393,28.477502],[84.34066,28.467994],[84.360488,28.461912],[84.375457,28.465324],[84.393325,28.456951],[84.401458,28.457784],[84.406021,28.459495],[84.415489,28.469518],[84.418106,28.473529],[84.423049,28.491893],[84.426979,28.498771],[84.431556,28.505363],[84.439056,28.509069],[84.454673,28.507297],[84.46376,28.500951],[84.46733,28.497499],[84.483177,28.472467],[84.490966,28.468135],[84.49517,28.461799],[84.498092,28.460931],[84.506881,28.462329],[84.528068,28.470584],[84.537185,28.471408],[84.549537,28.469926],[84.559326,28.475633],[84.569145,28.487367]]]}},{"type":"Feature","properties":{"DISTRICT":"SYANGJA","HQ":"PUTALIBAZAR","PROVINCE":4},"geometry":{"type":"Polygon","coordinates":[[[83.802238,28.228261],[83.809715,28.22454],[83.81784,28.2145],[83.838287,28.212522],[83.84835,28.206502],[83.853874,28.200487],[83.860694,28.196187],[83.87432,28.197059],[83.881462,28.19419],[83.897033,28.191623],[83.910675,28.17786],[83.92398,28.168678],[83.926254,28.164373],[83.92723,28.154048],[83.937942,28.144292],[83.958374,28.139995],[83.960647,28.137979],[83.971664,28.140569],[83.987228,28.141716],[84.005393,28.130809],[84.004096,28.121047],[84.005393,28.11588],[83.992675,28.112327],[83.989112,28.104291],[83.980041,28.101133],[83.972587,28.095106],[83.960594,28.091945],[83.958007,28.089939],[83.957359,28.085918],[83.965141,28.080751],[83.967407,28.07731],[83.961257,28.069271],[83.959312,28.063816],[83.961585,28.056928],[83.961265,28.047458],[83.963531,28.044298],[83.977142,28.039709],[83.990745,28.048892],[83.993988,28.048315],[83.998916,28.046421],[84.005401,28.031785],[84.02613,28.028329],[84.029693,28.025745],[84.033256,28.018569],[84.024505,28.013689],[84.007339,28.011692],[84.005073,28.009963],[84.000541,28.000204],[83.981437,27.985],[83.97982,27.981266],[83.983062,27.972082],[83.982093,27.967197],[83.974647,27.95601],[83.973358,27.946249],[83.978538,27.924142],[83.982101,27.915533],[83.979835,27.901185],[83.965606,27.898887],[83.955902,27.892286],[83.948463,27.891996],[83.945228,27.890274],[83.941673,27.886251],[83.945236,27.876499],[83.940704,27.877065],[83.929389,27.870752],[83.918067,27.87103],[83.908683,27.880788],[83.891212,27.883363],[83.882804,27.881639],[83.880859,27.885078],[83.875686,27.886512],[83.865013,27.881624],[83.862434,27.875024],[83.859527,27.872154],[83.854995,27.874153],[83.852401,27.879316],[83.850135,27.880464],[83.847236,27.877014],[83.847564,27.868984],[83.842071,27.86783],[83.825889,27.874702],[83.822975,27.874986],[83.816841,27.871246],[83.808425,27.872964],[83.801948,27.87984],[83.787055,27.889299],[83.780891,27.899042],[83.77246,27.906782],[83.762756,27.908773],[83.76081,27.908195],[83.757263,27.902744],[83.754676,27.902738],[83.750785,27.906749],[83.745285,27.907604],[83.746597,27.901573],[83.743682,27.900711],[83.719703,27.919036],[83.699653,27.916988],[83.691551,27.921277],[83.683151,27.918107],[83.678268,27.926124],[83.672775,27.92554],[83.66761,27.9218],[83.656669,27.902259],[83.648269,27.899944],[83.634674,27.901922],[83.633995,27.913116],[83.624923,27.91625],[83.62297,27.920549],[83.623603,27.92457],[83.620681,27.927141],[83.617126,27.927133],[83.610015,27.923667],[83.602577,27.923654],[83.598365,27.925651],[83.595764,27.929655],[83.578285,27.931043],[83.576988,27.931903],[83.578262,27.937932],[83.576309,27.939643],[83.5634,27.93272],[83.54531,27.926349],[83.540451,27.928058],[83.533935,27.937509],[83.532318,27.937215],[83.52816,27.927452],[83.524604,27.925712],[83.518737,27.936025],[83.512573,27.940305],[83.509986,27.940015],[83.507736,27.937135],[83.508422,27.928241],[83.504226,27.926511],[83.497428,27.927349],[83.487419,27.923297],[83.475433,27.926696],[83.465049,27.933546],[83.446617,27.931755],[83.443038,27.93518],[83.442054,27.938905],[83.445579,27.945806],[83.461059,27.954475],[83.471664,27.96943],[83.488761,27.98097],[83.497497,27.981292],[83.517311,27.966148],[83.522819,27.964447],[83.538337,27.967365],[83.554809,27.975742],[83.577148,27.973514],[83.587486,27.979282],[83.59069,27.987035],[83.600387,27.991083],[83.604255,27.994533],[83.607452,28.006589],[83.612937,28.012065],[83.616813,28.012647],[83.624595,28.009511],[83.644706,27.998947],[83.650817,28.011867],[83.653724,28.013597],[83.68383,28.014814],[83.690612,28.021427],[83.700637,28.025466],[83.69963,28.037519],[83.701553,28.04441],[83.721588,28.061956],[83.713157,28.06567],[83.709251,28.072837],[83.7089,28.082019],[83.723464,28.086645],[83.735107,28.094985],[83.738662,28.0993],[83.737678,28.103885],[83.733459,28.10761],[83.718864,28.1116],[83.709442,28.119617],[83.709739,28.129087],[83.714584,28.13483],[83.72882,28.144336],[83.745338,28.150106],[83.74694,28.157278],[83.755027,28.167049],[83.757614,28.168779],[83.765724,28.168502],[83.767662,28.169946],[83.761146,28.182275],[83.762428,28.189161],[83.772125,28.202379],[83.786415,28.196662],[83.796134,28.202709],[83.804542,28.214199],[83.804527,28.222524],[83.802238,28.228261]]]}},{"type":"Feature","properties":{"DISTRICT":"TANAHU","HQ":"BYAS","PROVINCE":4},"geometry":{"type":"Polygon","coordinates":[[[84.005393,28.11588],[84.013175,28.105838],[84.02095,28.103256],[84.030998,28.103248],[84.036506,28.099803],[84.040077,28.094631],[84.067298,28.084291],[84.070861,28.083997],[84.087066,28.090017],[84.09745,28.100919],[84.110748,28.106649],[84.124031,28.098592],[84.130508,28.09658],[84.148986,28.099718],[84.170379,28.0951],[84.182357,28.086181],[84.197608,28.096778],[84.209602,28.095615],[84.222251,28.099607],[84.230026,28.095579],[84.238418,28.078056],[84.253982,28.083475],[84.268913,28.091775],[84.279289,28.092325],[84.288063,28.099481],[84.301361,28.103759],[84.316947,28.111761],[84.329299,28.12235],[84.337417,28.126642],[84.346824,28.126327],[84.362724,28.130596],[84.371467,28.127407],[84.388328,28.12708],[84.397094,28.128772],[84.406166,28.127021],[84.436271,28.111429],[84.439163,28.106538],[84.446617,28.103635],[84.471145,28.077716],[84.483695,28.057563],[84.475883,28.049552],[84.468376,28.036375],[84.465385,28.017435],[84.458526,28.004251],[84.450065,27.995378],[84.431228,27.983098],[84.426353,27.977657],[84.424369,27.968191],[84.426254,27.953536],[84.445007,27.946876],[84.450836,27.946569],[84.457321,27.948835],[84.461181,27.944232],[84.475418,27.940732],[84.479598,27.934402],[84.483467,27.931514],[84.509979,27.923946],[84.507041,27.918796],[84.507339,27.913331],[84.53971,27.91378],[84.543258,27.912038],[84.547431,27.904272],[84.547729,27.900251],[84.544456,27.891937],[84.544097,27.885623],[84.546348,27.88274],[84.548233,27.87153],[84.556312,27.869199],[84.55368,27.861177],[84.554649,27.860021],[84.563957,27.857128],[84.561408,27.85367],[84.557777,27.840476],[84.551605,27.835342],[84.530586,27.836284],[84.524734,27.829998],[84.521125,27.819095],[84.515609,27.815387],[84.501083,27.820611],[84.491378,27.820652],[84.477165,27.824146],[84.46389,27.820755],[84.448699,27.821954],[84.441238,27.817962],[84.43148,27.803354],[84.433372,27.79071],[84.438507,27.783226],[84.457237,27.778564],[84.46659,27.773078],[84.471092,27.768468],[84.473976,27.761564],[84.469757,27.757272],[84.466842,27.756994],[84.452651,27.763366],[84.44062,27.747045],[84.43106,27.741764],[84.431236,27.743055],[84.426391,27.744218],[84.4235,27.747964],[84.420631,27.758314],[84.408691,27.762079],[84.400642,27.772161],[84.395164,27.775333],[84.379013,27.779403],[84.370597,27.775985],[84.368324,27.773406],[84.365051,27.761074],[84.360168,27.751893],[84.340759,27.743915],[84.329139,27.749402],[84.320777,27.762632],[84.318855,27.768377],[84.319854,27.776699],[84.317932,27.783311],[84.307289,27.791088],[84.30278,27.797416],[84.301834,27.804309],[84.306396,27.816074],[84.305442,27.822965],[84.298988,27.829011],[84.294486,27.836484],[84.29158,27.837636],[84.283172,27.838237],[84.268928,27.833959],[84.265388,27.840286],[84.25827,27.838287],[84.252128,27.8406],[84.247611,27.844625],[84.240821,27.845788],[84.231437,27.843795],[84.228195,27.83921],[84.22528,27.838645],[84.219154,27.844108],[84.215919,27.84498],[84.211059,27.839532],[84.208793,27.840974],[84.206871,27.8493],[84.204933,27.850162],[84.199432,27.850177],[84.196838,27.847879],[84.191017,27.84674],[84.176467,27.84906],[84.166763,27.845342],[84.161254,27.840185],[84.157058,27.84737],[84.152862,27.849386],[84.14154,27.848827],[84.128273,27.845394],[84.125694,27.84856],[84.129905,27.856019],[84.128616,27.859178],[84.126029,27.859754],[84.122787,27.853733],[84.119552,27.852014],[84.115348,27.85345],[84.110504,27.859485],[84.100471,27.856054],[84.098861,27.85749],[84.098869,27.866386],[84.08464,27.870992],[84.07946,27.869558],[84.076225,27.864679],[84.072669,27.86325],[84.062957,27.854646],[84.055839,27.852067],[84.053253,27.854944],[84.050025,27.855804],[84.044197,27.853225],[84.040641,27.857534],[84.035469,27.856674],[84.023185,27.860694],[84.020919,27.860698],[84.019622,27.858686],[84.021888,27.854387],[84.019622,27.852371],[84.017684,27.852663],[84.004425,27.856687],[83.993103,27.867311],[83.980491,27.868173],[83.972404,27.872768],[83.94815,27.87162],[83.945556,27.873907],[83.945228,27.879077],[83.941673,27.886251],[83.942962,27.888833],[83.948463,27.891996],[83.955902,27.892286],[83.963012,27.898027],[83.979835,27.901185],[83.982101,27.915533],[83.978538,27.924142],[83.973358,27.946249],[83.974647,27.95601],[83.982093,27.967197],[83.983062,27.972082],[83.97982,27.981266],[83.981437,27.985],[84.000541,28.000204],[84.005073,28.009963],[84.007339,28.011692],[84.024505,28.013689],[84.033256,28.018569],[84.029693,28.025745],[84.02613,28.028329],[84.005401,28.031785],[83.998916,28.046421],[83.990745,28.048892],[83.977142,28.039709],[83.963531,28.044298],[83.961265,28.047458],[83.961585,28.056928],[83.959312,28.063816],[83.961257,28.069271],[83.967407,28.07731],[83.965141,28.080751],[83.957359,28.085918],[83.958007,28.089939],[83.962539,28.092807],[83.972587,28.095106],[83.980041,28.101133],[83.989112,28.104291],[83.992675,28.112327],[84.005393,28.11588]]]}},{"type":"Feature","properties":{"DISTRICT":"MANANG","HQ":"CHAME","PROVINCE":4},"geometry":{"type":"Polygon","coordinates":[[[84.223182,28.891633],[84.250938,28.889587],[84.25846,28.895027],[84.263359,28.895883],[84.268913,28.893867],[84.297943,28.873722],[84.30577,28.87055],[84.31948,28.868225],[84.32698,28.86304],[84.33123,28.863901],[84.338424,28.869628],[84.34333,28.871051],[84.348548,28.868457],[84.357994,28.858385],[84.37857,28.861213],[84.396522,28.859441],[84.405326,28.854829],[84.408256,28.851087],[84.407577,28.843053],[84.399726,28.836757],[84.399711,28.833889],[84.401664,28.831581],[84.404602,28.829851],[84.417991,28.83212],[84.431022,28.824619],[84.438201,28.822301],[84.432952,28.815994],[84.433891,28.803363],[84.435188,28.800781],[84.44268,28.796735],[84.446884,28.785528],[84.441307,28.775777],[84.441284,28.76975],[84.455947,28.764543],[84.461776,28.75333],[84.471557,28.751573],[84.481651,28.747232],[84.489448,28.738309],[84.493682,28.736864],[84.493011,28.731698],[84.486778,28.72339],[84.489356,28.715345],[84.501686,28.700082],[84.507873,28.696615],[84.519599,28.693996],[84.523826,28.691106],[84.518898,28.682506],[84.518203,28.673328],[84.520462,28.668153],[84.529556,28.659505],[84.525283,28.652633],[84.536331,28.643974],[84.538909,28.636783],[84.545707,28.627578],[84.544967,28.608337],[84.552352,28.58419],[84.554183,28.558055],[84.562614,28.551134],[84.562255,28.543386],[84.564163,28.534757],[84.573829,28.513475],[84.569534,28.500856],[84.569145,28.487367],[84.559326,28.475633],[84.549537,28.469926],[84.537185,28.471408],[84.528068,28.470584],[84.506881,28.462329],[84.498092,28.460931],[84.49517,28.461799],[84.490966,28.468135],[84.483177,28.472467],[84.46733,28.497499],[84.46376,28.500951],[84.454673,28.507297],[84.442642,28.509344],[84.431556,28.505363],[84.423049,28.491893],[84.418106,28.473529],[84.415489,28.469518],[84.406021,28.459495],[84.398529,28.456933],[84.393325,28.456951],[84.375457,28.465324],[84.360488,28.461912],[84.34066,28.467994],[84.329292,28.474618],[84.31858,28.484693],[84.314353,28.486423],[84.304916,28.486444],[84.289939,28.482168],[84.280487,28.470991],[84.264884,28.480493],[84.255775,28.479074],[84.225196,28.479976],[84.216094,28.484302],[84.196899,28.488346],[84.191062,28.501848],[84.187164,28.506729],[84.162117,28.514507],[84.150413,28.529157],[84.140335,28.537776],[84.127639,28.535488],[84.117225,28.537792],[84.0876,28.539243],[84.080116,28.544704],[84.061561,28.563364],[84.045936,28.566814],[84.037796,28.570253],[84.01728,28.58604],[83.999694,28.585752],[83.994163,28.587759],[83.976562,28.602674],[83.966148,28.604101],[83.941726,28.600936],[83.927062,28.606378],[83.895797,28.607784],[83.875267,28.615503],[83.865455,28.636735],[83.856315,28.649061],[83.835739,28.669984],[83.817466,28.681146],[83.793327,28.692293],[83.800796,28.7012],[83.814132,28.711275],[83.824554,28.717031],[83.832046,28.719047],[83.841484,28.72624],[83.850608,28.727401],[83.867889,28.724267],[83.876358,28.730596],[83.881233,28.736625],[83.892311,28.744096],[83.895561,28.748411],[83.901954,28.767021],[83.907875,28.77577],[83.932365,28.780588],[83.942466,28.789783],[83.946365,28.798685],[83.942108,28.813886],[83.943397,28.824794],[83.948936,28.830539],[83.955459,28.832553],[83.962638,28.831129],[83.968521,28.827978],[83.979942,28.827692],[83.984191,28.822818],[83.993331,28.818521],[84.007377,28.804174],[84.010643,28.802164],[84.020431,28.800729],[84.023689,28.802171],[84.031517,28.810779],[84.046852,28.819677],[84.051086,28.83403],[84.055,28.839773],[84.058265,28.841205],[84.071647,28.840343],[84.084053,28.849245],[84.087318,28.85498],[84.089279,28.871629],[84.100708,28.886264],[84.113815,28.884159],[84.126647,28.885793],[84.13594,28.885086],[84.145118,28.877632],[84.161109,28.873027],[84.17974,28.89339],[84.186607,28.897981],[84.193138,28.898839],[84.20816,28.896816],[84.223182,28.891633]]]}},{"type":"Feature","properties":{"DISTRICT":"KAPILVASTU","HQ":"KAPILVASTU","PROVINCE":5},"geometry":{"type":"Polygon","coordinates":[[[82.880187,27.794311],[82.896644,27.795173],[82.921623,27.787034],[82.93357,27.785457],[82.959289,27.794183],[82.980384,27.794158],[83.00518,27.798738],[83.010307,27.801753],[83.01873,27.812717],[83.024436,27.830427],[83.03617,27.831766],[83.055877,27.829248],[83.060882,27.832889],[83.0746,27.835849],[83.091804,27.831192],[83.099998,27.832099],[83.104995,27.828687],[83.111259,27.820226],[83.122428,27.819892],[83.150344,27.814949],[83.155273,27.812219],[83.160308,27.802892],[83.174179,27.786785],[83.18045,27.784812],[83.208633,27.785985],[83.21817,27.734046],[83.217697,27.727785],[83.22966,27.695659],[83.228958,27.667297],[83.225189,27.643524],[83.227043,27.636478],[83.233894,27.624454],[83.235229,27.617458],[83.235389,27.612926],[83.222427,27.58727],[83.222877,27.577922],[83.208763,27.561262],[83.220001,27.546518],[83.228218,27.53123],[83.23426,27.523738],[83.235183,27.519905],[83.232231,27.499229],[83.223976,27.492584],[83.224166,27.483634],[83.22232,27.480815],[83.223335,27.473766],[83.226058,27.469989],[83.227394,27.463567],[83.220794,27.449645],[83.22013,27.443046],[83.223762,27.438581],[83.231445,27.434606],[83.231712,27.433116],[83.231605,27.430181],[83.226158,27.427347],[83.222358,27.418146],[83.221122,27.417114],[83.214744,27.42196],[83.198432,27.446207],[83.187896,27.454078],[83.160339,27.457666],[83.035507,27.448646],[83.008247,27.455423],[82.992248,27.461282],[82.974548,27.462493],[82.952796,27.471014],[82.948112,27.476655],[82.93991,27.493816],[82.929168,27.500967],[82.920021,27.502052],[82.902496,27.49792],[82.873107,27.497131],[82.85012,27.499025],[82.830787,27.502836],[82.800888,27.495553],[82.736793,27.504158],[82.736663,27.50995],[82.739212,27.517311],[82.743904,27.517816],[82.746383,27.520875],[82.750099,27.521764],[82.751045,27.523893],[82.743484,27.532785],[82.744338,27.536569],[82.742523,27.537767],[82.743614,27.543796],[82.740531,27.549047],[82.741981,27.551931],[82.747993,27.555252],[82.74784,27.557024],[82.744407,27.558893],[82.747627,27.564426],[82.748023,27.569244],[82.754669,27.579742],[82.756179,27.588531],[82.738273,27.612133],[82.738685,27.615461],[82.736984,27.617906],[82.741088,27.624658],[82.739181,27.628484],[82.74237,27.631034],[82.736091,27.633907],[82.740104,27.6375],[82.740013,27.640193],[82.737716,27.643556],[82.732093,27.645402],[82.732284,27.651548],[82.726608,27.657745],[82.721336,27.656671],[82.721015,27.66217],[82.71553,27.663099],[82.71891,27.666286],[82.716606,27.670164],[82.716491,27.674297],[82.718978,27.676898],[82.719772,27.685911],[82.717903,27.691684],[82.709983,27.702346],[82.708374,27.707668],[82.710624,27.721271],[82.700668,27.755088],[82.701965,27.758543],[82.708023,27.76131],[82.724304,27.761661],[82.729179,27.763832],[82.737518,27.777418],[82.743507,27.779266],[82.753311,27.777807],[82.784576,27.77802],[82.787666,27.770227],[82.797103,27.767089],[82.801689,27.759231],[82.806503,27.756494],[82.810264,27.757171],[82.813499,27.764865],[82.817955,27.767425],[82.838592,27.76938],[82.866081,27.779163],[82.878723,27.787408],[82.881278,27.792427],[82.880187,27.794311]]]}},{"type":"Feature","properties":{"DISTRICT":"NAWALPUR","HQ":"KAWASOTI","PROVINCE":4},"geometry":{"type":"Polygon","coordinates":[[[84.031257,27.857866],[84.035469,27.856674],[84.040641,27.857534],[84.044197,27.853225],[84.050025,27.855804],[84.053253,27.854944],[84.055839,27.852067],[84.058425,27.852067],[84.076225,27.864679],[84.07946,27.869558],[84.08464,27.870992],[84.098869,27.866386],[84.098861,27.85749],[84.100471,27.856054],[84.110504,27.859485],[84.115348,27.85345],[84.119552,27.852014],[84.122787,27.853733],[84.126029,27.859754],[84.128616,27.859178],[84.129905,27.856019],[84.125694,27.84856],[84.128273,27.845394],[84.14154,27.848827],[84.152862,27.849386],[84.157058,27.84737],[84.161254,27.840185],[84.166763,27.845342],[84.176467,27.84906],[84.191017,27.84674],[84.196838,27.847879],[84.199432,27.850177],[84.204933,27.850162],[84.206871,27.8493],[84.208793,27.840974],[84.211059,27.839532],[84.215919,27.84498],[84.219154,27.844108],[84.22528,27.838645],[84.228195,27.83921],[84.231437,27.843795],[84.240821,27.845788],[84.247611,27.844625],[84.252128,27.8406],[84.25827,27.838287],[84.265388,27.840286],[84.268928,27.833959],[84.283172,27.838237],[84.29158,27.837636],[84.294486,27.836484],[84.298988,27.829011],[84.305442,27.822965],[84.306396,27.816074],[84.301834,27.804309],[84.30278,27.797416],[84.307289,27.791088],[84.317932,27.783311],[84.319854,27.776699],[84.319496,27.765214],[84.329139,27.749402],[84.340759,27.743915],[84.352409,27.749626],[84.359519,27.751321],[84.365051,27.761074],[84.368324,27.773406],[84.376426,27.778551],[84.384834,27.77852],[84.395164,27.775333],[84.400642,27.772161],[84.408691,27.762079],[84.420631,27.758314],[84.4235,27.747964],[84.426391,27.744218],[84.431236,27.743055],[84.425666,27.739006],[84.425102,27.735095],[84.430488,27.720188],[84.431526,27.710874],[84.428833,27.706014],[84.419586,27.699237],[84.387153,27.685445],[84.374794,27.686954],[84.367156,27.691978],[84.35704,27.701684],[84.332458,27.697061],[84.323913,27.687404],[84.29071,27.670761],[84.212104,27.639247],[84.18753,27.625118],[84.151565,27.596567],[84.127891,27.570537],[84.123527,27.559268],[84.112472,27.550947],[84.101951,27.548498],[84.070503,27.547576],[84.036033,27.540287],[83.969116,27.543704],[83.92456,27.542979],[83.923873,27.559416],[83.91632,27.565504],[83.900527,27.558808],[83.884735,27.566721],[83.875808,27.583763],[83.875808,27.590457],[83.871002,27.595326],[83.871002,27.605062],[83.857269,27.603845],[83.852462,27.608104],[83.864135,27.638523],[83.860015,27.652513],[83.829803,27.652513],[83.818817,27.66346],[83.80783,27.662244],[83.793411,27.671366],[83.767318,27.677447],[83.759078,27.677447],[83.754272,27.679879],[83.745346,27.677447],[83.736419,27.680487],[83.728866,27.678663],[83.723373,27.680487],[83.728744,27.687717],[83.726013,27.697015],[83.728118,27.706201],[83.732048,27.710515],[83.749313,27.719087],[83.757438,27.718753],[83.782524,27.722911],[83.799499,27.720808],[83.812927,27.714614],[83.827056,27.712846],[83.832473,27.710372],[83.837699,27.711359],[83.843734,27.73191],[83.853538,27.731168],[83.861412,27.733583],[83.884506,27.733818],[83.899162,27.730258],[83.905609,27.736293],[83.921485,27.728141],[83.927032,27.727508],[83.928962,27.734569],[83.952766,27.746164],[83.978713,27.751199],[83.991485,27.751659],[83.994911,27.758951],[83.994323,27.76555],[83.995941,27.771232],[84.002845,27.789543],[84.015563,27.802917],[84.026481,27.826511],[84.029388,27.829496],[84.026611,27.832485],[84.024803,27.844598],[84.031257,27.857866]]]}},{"type":"Feature","properties":{"DISTRICT":"PARASI","HQ":"PARASI","PROVINCE":5},"geometry":{"type":"MultiPolygon","coordinates":[[[[83.92514351125669,27.54296898148617],[83.922073,27.539424],[83.920639,27.534343],[83.92102,27.520885],[83.92366,27.516456],[83.928764,27.513763],[83.933525,27.512466],[83.944763,27.515798],[83.953956,27.524698],[83.958015,27.525909],[83.963714,27.524631],[83.971488,27.516662],[83.971977,27.510221],[83.965881,27.503074],[83.944808,27.49139],[83.942413,27.486848],[83.944503,27.468097],[83.941955,27.457939],[83.937416,27.451387],[83.935775,27.449422],[83.919075,27.444019],[83.88105,27.435531],[83.874488,27.432895],[83.871147,27.428012],[83.870956,27.422956],[83.876625,27.409578],[83.877601,27.401021],[83.876449,27.392578],[83.880569,27.389476],[83.908096,27.387123],[83.908103,27.376441],[83.90438,27.36944],[83.891006,27.358299],[83.867286,27.347908],[83.860084,27.350957],[83.821151,27.376724],[83.724029,27.417249],[83.617858,27.468065],[83.610252,27.490446],[83.600379,27.498405],[83.598167,27.504365],[83.598129,27.515729],[83.593223,27.520435],[83.593971,27.526866],[83.589195,27.52915],[83.592468,27.53226],[83.591743,27.555385],[83.595016,27.560049],[83.597434,27.568378],[83.597465,27.578075],[83.596023,27.58393],[83.589027,27.594366],[83.588211,27.606412],[83.590309,27.614049],[83.600952,27.630781],[83.605354,27.642614],[83.61061,27.650148],[83.619438,27.670314],[83.622489,27.68456],[83.621826,27.689666],[83.624382,27.695646],[83.63095,27.698413],[83.652908,27.687662],[83.657035,27.688755],[83.659896,27.703227],[83.667793,27.693658],[83.68148,27.687025],[83.696777,27.68297],[83.708709,27.681604],[83.727462,27.684736],[83.723373,27.680487],[83.728866,27.678663],[83.736419,27.680487],[83.745346,27.677447],[83.754272,27.679879],[83.759078,27.677447],[83.767318,27.677447],[83.793411,27.671366],[83.80783,27.662244],[83.818817,27.66346],[83.829803,27.652513],[83.860015,27.652513],[83.864135,27.638523],[83.852462,27.608104],[83.857269,27.603845],[83.871002,27.605062],[83.871002,27.595326],[83.875808,27.590457],[83.875808,27.583763],[83.884735,27.566721],[83.900527,27.558808],[83.91632,27.565504],[83.923873,27.559416],[83.92456,27.542979],[83.92514351125669,27.54296898148617]]],[[[83.94549941883476,27.542619483615702],[83.954963,27.542457],[83.949943,27.542032],[83.945869,27.542547],[83.94549941883476,27.542619483615702]]]]}},{"type":"Feature","properties":{"DISTRICT":"RUPANDEHI","HQ":"SIDDHARTHANAGAR","PROVINCE":5},"geometry":{"type":"Polygon","coordinates":[[[83.208633,27.785985],[83.228218,27.789995],[83.245834,27.790304],[83.259361,27.784629],[83.274375,27.78729],[83.273025,27.776494],[83.274436,27.767606],[83.285316,27.771038],[83.292877,27.769979],[83.302467,27.772895],[83.310195,27.765184],[83.317298,27.763435],[83.32582,27.763238],[83.332901,27.765735],[83.351112,27.752042],[83.359764,27.750467],[83.367828,27.739189],[83.373336,27.734275],[83.380844,27.741189],[83.392288,27.747091],[83.415306,27.737129],[83.421096,27.739795],[83.426383,27.740211],[83.453544,27.727048],[83.499519,27.729024],[83.503921,27.725311],[83.509666,27.724582],[83.515464,27.727117],[83.53347,27.723152],[83.56195,27.713987],[83.57669,27.706388],[83.587646,27.707508],[83.597778,27.704996],[83.604804,27.70553],[83.624366,27.720268],[83.646804,27.721635],[83.652229,27.720495],[83.655464,27.717462],[83.659622,27.706613],[83.657035,27.688755],[83.652908,27.687662],[83.63095,27.698413],[83.624382,27.695646],[83.621826,27.689666],[83.622489,27.68456],[83.619438,27.670314],[83.61061,27.650148],[83.605354,27.642614],[83.600952,27.630781],[83.590309,27.614049],[83.588211,27.606412],[83.589027,27.594366],[83.596023,27.58393],[83.597465,27.578075],[83.597434,27.568378],[83.595016,27.560049],[83.591743,27.555385],[83.592468,27.53226],[83.589195,27.52915],[83.593971,27.526866],[83.593223,27.520435],[83.598129,27.515729],[83.598167,27.504365],[83.600379,27.498405],[83.610252,27.490446],[83.617858,27.468065],[83.512496,27.472993],[83.466789,27.476881],[83.413887,27.478612],[83.393554,27.477735],[83.392166,27.472053],[83.396179,27.467927],[83.401016,27.466402],[83.402763,27.463588],[83.402664,27.457912],[83.399299,27.449232],[83.388526,27.443225],[83.38565,27.439308],[83.393623,27.428485],[83.408226,27.414705],[83.407287,27.40954],[83.403579,27.404592],[83.390144,27.39186],[83.387725,27.387542],[83.385223,27.37376],[83.376182,27.369026],[83.360885,27.345666],[83.355194,27.340646],[83.338966,27.334217],[83.327644,27.336643],[83.32212,27.335649],[83.31932,27.333145],[83.311706,27.333288],[83.297828,27.335176],[83.289779,27.339193],[83.27082,27.359996],[83.270599,27.365221],[83.274337,27.373788],[83.272872,27.381992],[83.243988,27.404249],[83.221122,27.417114],[83.226158,27.427347],[83.231605,27.430181],[83.231445,27.434606],[83.223762,27.438581],[83.22013,27.443046],[83.220794,27.449645],[83.227394,27.463567],[83.226058,27.469989],[83.223335,27.473766],[83.22232,27.480815],[83.224166,27.483634],[83.223976,27.492584],[83.232231,27.499229],[83.235183,27.519905],[83.23426,27.523738],[83.228218,27.53123],[83.220001,27.546518],[83.208763,27.561262],[83.221801,27.575675],[83.222427,27.58727],[83.235389,27.612926],[83.233894,27.624454],[83.227043,27.636478],[83.225189,27.643524],[83.228958,27.667297],[83.22966,27.695659],[83.217697,27.727785],[83.21817,27.734046],[83.208633,27.785985]]]}},{"type":"Feature","properties":{"DISTRICT":"ARGHAKHANCHI","HQ":"SANDHIKHARKA","PROVINCE":5},"geometry":{"type":"Polygon","coordinates":[[[83.054107,28.114124],[83.074768,28.090204],[83.076301,28.085109],[83.074966,28.074773],[83.076965,28.068016],[83.082954,28.064147],[83.098556,28.061897],[83.114257,28.056085],[83.120796,28.055656],[83.130508,28.062261],[83.138587,28.062885],[83.155876,28.060575],[83.166046,28.066829],[83.173805,28.074558],[83.1884,28.078256],[83.194694,28.07559],[83.232421,28.047561],[83.234779,28.04327],[83.238098,28.023605],[83.252143,27.99406],[83.253356,27.987701],[83.257369,27.986223],[83.262138,27.988544],[83.266418,27.986442],[83.271965,27.979352],[83.276245,27.977132],[83.281021,27.968379],[83.2957,27.967586],[83.301658,27.965438],[83.300857,27.959861],[83.30352,27.957525],[83.301345,27.953958],[83.285728,27.942176],[83.28022,27.934749],[83.280509,27.930727],[83.283889,27.927076],[83.288619,27.925256],[83.293334,27.925508],[83.297775,27.928117],[83.303016,27.926698],[83.306884,27.927865],[83.311935,27.925649],[83.311065,27.921171],[83.308311,27.917715],[83.29866,27.911243],[83.300559,27.907695],[83.309631,27.902744],[83.311988,27.898452],[83.313606,27.887899],[83.317634,27.88367],[83.323219,27.879329],[83.336212,27.877664],[83.320579,27.85757],[83.29589,27.841335],[83.29351,27.831163],[83.291458,27.828573],[83.253944,27.830635],[83.234893,27.823135],[83.245918,27.814815],[83.249923,27.805475],[83.252784,27.802738],[83.263198,27.798656],[83.273254,27.789865],[83.274375,27.78729],[83.259361,27.784629],[83.245834,27.790304],[83.228218,27.789995],[83.205802,27.785629],[83.18045,27.784812],[83.174179,27.786785],[83.160308,27.802892],[83.155273,27.812219],[83.150344,27.814949],[83.122428,27.819892],[83.111259,27.820226],[83.104995,27.828687],[83.099998,27.832099],[83.091804,27.831192],[83.0746,27.835849],[83.060882,27.832889],[83.055877,27.829248],[83.03617,27.831766],[83.024436,27.830427],[83.01873,27.812717],[83.010307,27.801753],[83.00518,27.798738],[82.980384,27.794158],[82.959289,27.794183],[82.93357,27.785457],[82.921623,27.787034],[82.896644,27.795173],[82.890716,27.793924],[82.871604,27.795949],[82.844711,27.7938],[82.806449,27.796905],[82.799888,27.79877],[82.79425,27.805738],[82.790191,27.805297],[82.787643,27.799001],[82.784553,27.799753],[82.768569,27.811532],[82.756866,27.816968],[82.752326,27.825023],[82.752403,27.828695],[82.758247,27.836582],[82.768714,27.84233],[82.784141,27.846508],[82.79354,27.856216],[82.807106,27.860172],[82.798858,27.86222],[82.794555,27.865793],[82.794822,27.867225],[82.810379,27.870765],[82.811096,27.872085],[82.80648,27.877155],[82.806877,27.879501],[82.830062,27.908882],[82.853591,27.905321],[82.869354,27.909202],[82.881721,27.906391],[82.89608,27.913022],[82.912757,27.907371],[82.918952,27.906995],[82.925697,27.913614],[82.929634,27.923351],[82.942901,27.930503],[82.944793,27.9333],[82.990974,27.929426],[83.002288,27.932514],[83.008514,27.927719],[83.00978,27.923805],[83.013053,27.921611],[83.01448,27.922464],[83.019042,27.946813],[83.018424,27.95095],[83.0093,27.966779],[83.000404,27.978134],[82.996475,27.979137],[82.993041,27.977666],[82.987403,27.983316],[82.979209,27.985033],[82.976776,27.987974],[82.976287,27.991989],[82.973716,27.994123],[82.96875,27.994436],[82.963829,27.99229],[82.961257,27.994541],[82.95494,27.995834],[82.954704,27.99945],[82.957046,28.001846],[82.973815,28.009389],[82.976631,28.02469],[82.970512,28.037799],[82.976097,28.065677],[82.979209,28.071088],[82.987541,28.078725],[82.99588,28.092899],[83.00341,28.096851],[83.00653,28.10209],[83.022674,28.11236],[83.035934,28.105964],[83.049537,28.10404],[83.054107,28.114124]]]}},{"type":"Feature","properties":{"DISTRICT":"GULMI","HQ":"RESUNGA","PROVINCE":5},"geometry":{"type":"Polygon","coordinates":[[[83.054107,28.114124],[83.057327,28.115688],[83.059997,28.120697],[83.058105,28.122112],[83.061851,28.130054],[83.056869,28.137485],[83.040557,28.15143],[83.03469,28.162521],[83.037849,28.171321],[83.03807,28.181768],[83.043853,28.193738],[83.043609,28.198789],[83.039733,28.204961],[83.03582,28.207742],[83.014144,28.219074],[83.016448,28.222009],[83.026191,28.233093],[83.029731,28.235126],[83.033103,28.234458],[83.038146,28.229221],[83.046783,28.226984],[83.061485,28.234081],[83.078598,28.232526],[83.083702,28.234512],[83.087509,28.243141],[83.095207,28.251512],[83.099197,28.258388],[83.111511,28.252166],[83.124794,28.252725],[83.127708,28.252437],[83.131912,28.248987],[83.136123,28.249837],[83.144233,28.254989],[83.15332,28.264162],[83.168243,28.275321],[83.176673,28.277605],[83.182502,28.276741],[83.186058,28.270988],[83.193817,28.263523],[83.218727,28.246253],[83.24134,28.220384],[83.253959,28.215187],[83.261703,28.202836],[83.271408,28.199081],[83.275909,28.188455],[83.277847,28.187011],[83.283355,28.18671],[83.296966,28.191841],[83.306686,28.19296],[83.321899,28.189474],[83.342941,28.188272],[83.361106,28.19625],[83.36499,28.194513],[83.365928,28.185611],[83.376258,28.177543],[83.377845,28.170083],[83.381065,28.164901],[83.383331,28.164031],[83.390129,28.165447],[83.407981,28.175144],[83.412193,28.175127],[83.416679,28.165351],[83.418586,28.15559],[83.414321,28.14269],[83.415603,28.140398],[83.423034,28.136922],[83.424324,28.134908],[83.422035,28.130899],[83.422988,28.126884],[83.428169,28.126577],[83.436279,28.129701],[83.452758,28.123897],[83.458854,28.112106],[83.460792,28.111236],[83.473114,28.116361],[83.49057,28.112264],[83.503219,28.118242],[83.511352,28.126241],[83.514274,28.126802],[83.519424,28.121902],[83.53363,28.115236],[83.547485,28.103122],[83.557403,28.0827],[83.562568,28.080953],[83.57714,28.082897],[83.584228,28.077978],[83.569915,28.064561],[83.566261,28.047929],[83.567489,28.035865],[83.574264,28.033256],[83.585258,28.032339],[83.602317,28.01991],[83.610824,28.0109],[83.607452,28.006589],[83.604255,27.994533],[83.600387,27.991083],[83.59069,27.987035],[83.587486,27.979282],[83.577148,27.973514],[83.554809,27.975742],[83.538337,27.967365],[83.522819,27.964447],[83.517311,27.966148],[83.497497,27.981292],[83.488761,27.98097],[83.471664,27.96943],[83.461059,27.954475],[83.445579,27.945806],[83.442054,27.938905],[83.443038,27.936225],[83.429,27.939441],[83.423217,27.932933],[83.408355,27.933286],[83.398483,27.942884],[83.396316,27.94804],[83.392036,27.950958],[83.380638,27.955789],[83.373786,27.955528],[83.367721,27.953384],[83.353507,27.953151],[83.347579,27.949911],[83.345352,27.94491],[83.345771,27.939231],[83.349815,27.933855],[83.348289,27.929594],[83.342826,27.925445],[83.324684,27.922779],[83.306884,27.927865],[83.303016,27.926698],[83.297775,27.928117],[83.293334,27.925508],[83.288619,27.925256],[83.283889,27.927076],[83.280509,27.930727],[83.28022,27.934749],[83.285728,27.942176],[83.301345,27.953958],[83.30352,27.957525],[83.300857,27.959861],[83.301658,27.965438],[83.2957,27.967586],[83.281021,27.968379],[83.276245,27.977132],[83.271965,27.979352],[83.266418,27.986442],[83.262138,27.988544],[83.257369,27.986223],[83.253356,27.987701],[83.252143,27.99406],[83.238098,28.023605],[83.234779,28.04327],[83.232421,28.047561],[83.224044,28.05257],[83.207443,28.066774],[83.1884,28.078256],[83.173805,28.074558],[83.166046,28.066829],[83.155876,28.060575],[83.138587,28.062885],[83.130508,28.062261],[83.120796,28.055656],[83.114257,28.056085],[83.098556,28.061897],[83.082954,28.064147],[83.076965,28.068016],[83.074966,28.074773],[83.076301,28.085109],[83.074768,28.090204],[83.054107,28.114124]]]}},{"type":"Feature","properties":{"DISTRICT":"PALPA","HQ":"TANSEN","PROVINCE":5},"geometry":{"type":"Polygon","coordinates":[[[83.311935,27.925649],[83.324684,27.922779],[83.342826,27.925445],[83.348289,27.929594],[83.349815,27.933855],[83.345771,27.939231],[83.345352,27.94491],[83.346038,27.948354],[83.349639,27.951589],[83.353507,27.953151],[83.367721,27.953384],[83.380638,27.955789],[83.396316,27.94804],[83.398483,27.942884],[83.408355,27.933286],[83.423217,27.932933],[83.429,27.939441],[83.432296,27.93951],[83.44065,27.935758],[83.443038,27.936225],[83.446617,27.931755],[83.465049,27.933546],[83.475433,27.926696],[83.487419,27.923297],[83.497428,27.927349],[83.504226,27.926511],[83.508422,27.928241],[83.507736,27.937135],[83.509986,27.940015],[83.512573,27.940305],[83.518737,27.936025],[83.524604,27.925712],[83.52816,27.927452],[83.532318,27.937215],[83.533935,27.937509],[83.540451,27.928058],[83.54531,27.926349],[83.5634,27.93272],[83.576309,27.939643],[83.578262,27.937932],[83.576988,27.931903],[83.578285,27.931043],[83.595764,27.929655],[83.598365,27.925651],[83.602577,27.923654],[83.610015,27.923667],[83.617126,27.927133],[83.620681,27.927141],[83.623603,27.92457],[83.62297,27.920549],[83.624923,27.91625],[83.633995,27.913116],[83.634674,27.901922],[83.645034,27.900226],[83.651504,27.900239],[83.656669,27.902259],[83.66761,27.9218],[83.672775,27.92554],[83.678268,27.926124],[83.683151,27.918107],[83.691551,27.921277],[83.699653,27.916988],[83.719703,27.919036],[83.743682,27.900711],[83.746597,27.901573],[83.745285,27.907604],[83.750785,27.906749],[83.754676,27.902738],[83.757263,27.902744],[83.76081,27.908195],[83.762756,27.908773],[83.77246,27.906782],[83.780891,27.899042],[83.78511,27.89159],[83.78997,27.886714],[83.801948,27.87984],[83.808425,27.872964],[83.813926,27.871242],[83.816841,27.871246],[83.822975,27.874986],[83.828804,27.87384],[83.839805,27.8684],[83.846595,27.868124],[83.848213,27.870992],[83.847236,27.877014],[83.850135,27.880464],[83.852401,27.879316],[83.854995,27.874153],[83.859527,27.872154],[83.862434,27.875024],[83.865013,27.881624],[83.875686,27.886512],[83.880859,27.885078],[83.882804,27.881639],[83.891212,27.883363],[83.908683,27.880788],[83.912239,27.877918],[83.913536,27.874475],[83.921623,27.870172],[83.931648,27.871324],[83.942321,27.877353],[83.945236,27.876499],[83.946525,27.872764],[83.950408,27.870758],[83.957847,27.872474],[83.974021,27.872478],[83.980491,27.868173],[83.993103,27.867311],[84.004425,27.856687],[84.017684,27.852663],[84.019622,27.852371],[84.021888,27.854387],[84.019622,27.858686],[84.020919,27.860698],[84.023185,27.860694],[84.031257,27.857866],[84.024803,27.844598],[84.026611,27.832485],[84.029388,27.829496],[84.026481,27.826511],[84.015563,27.802917],[84.002845,27.789543],[83.995941,27.771232],[83.994323,27.76555],[83.994911,27.758951],[83.991485,27.751659],[83.978713,27.751199],[83.952766,27.746164],[83.928962,27.734569],[83.927032,27.727508],[83.921485,27.728141],[83.905609,27.736293],[83.899162,27.730258],[83.884506,27.733818],[83.861412,27.733583],[83.853538,27.731168],[83.843734,27.73191],[83.837699,27.711359],[83.832473,27.710372],[83.827056,27.712846],[83.812927,27.714614],[83.799499,27.720808],[83.782524,27.722911],[83.757438,27.718753],[83.749313,27.719087],[83.732048,27.710515],[83.728118,27.706201],[83.726013,27.697015],[83.728744,27.687717],[83.727462,27.684736],[83.704322,27.681598],[83.68148,27.687025],[83.667793,27.693658],[83.659896,27.703227],[83.655464,27.717462],[83.652229,27.720495],[83.646804,27.721635],[83.624366,27.720268],[83.604804,27.70553],[83.597778,27.704996],[83.587646,27.707508],[83.57669,27.706388],[83.56195,27.713987],[83.53347,27.723152],[83.515464,27.727117],[83.509666,27.724582],[83.503921,27.725311],[83.499519,27.729024],[83.453544,27.727048],[83.426383,27.740211],[83.421096,27.739795],[83.415306,27.737129],[83.392288,27.747091],[83.380844,27.741189],[83.373336,27.734275],[83.367828,27.739189],[83.359764,27.750467],[83.351112,27.752042],[83.332901,27.765735],[83.32582,27.763238],[83.317298,27.763435],[83.310195,27.765184],[83.302467,27.772895],[83.292877,27.769979],[83.285316,27.771038],[83.274436,27.767606],[83.273025,27.776494],[83.274719,27.784358],[83.273254,27.789865],[83.263198,27.798656],[83.252784,27.802738],[83.249923,27.805475],[83.245918,27.814815],[83.234893,27.823135],[83.253944,27.830635],[83.291458,27.828573],[83.29351,27.831163],[83.29589,27.841335],[83.320579,27.85757],[83.336212,27.877664],[83.323219,27.879329],[83.317634,27.88367],[83.313606,27.887899],[83.311988,27.898452],[83.309631,27.902744],[83.300559,27.907695],[83.29866,27.911243],[83.308311,27.917715],[83.311065,27.921171],[83.311935,27.925649]]]}},{"type":"Feature","properties":{"DISTRICT":"BAGLUNG","HQ":"BAGLUNG","PROVINCE":4},"geometry":{"type":"Polygon","coordinates":[[[82.884109,28.475791],[82.888755,28.479143],[82.899147,28.478284],[82.908882,28.475135],[82.915374,28.47772],[82.916023,28.479442],[82.913749,28.482593],[82.898155,28.495203],[82.890029,28.505531],[82.880599,28.513269],[82.879951,28.515556],[82.888069,28.514703],[82.903114,28.516386],[82.911186,28.521444],[82.913383,28.525329],[82.915977,28.526481],[82.9179,28.562103],[82.923454,28.564535],[82.931686,28.564102],[82.951324,28.553815],[82.965332,28.552309],[82.970207,28.54342],[82.974754,28.540266],[82.978652,28.543987],[82.988395,28.563207],[82.987091,28.570093],[82.98384,28.573251],[82.964668,28.583572],[82.957832,28.596475],[82.95848,28.606809],[82.961402,28.613117],[82.968544,28.620288],[82.989021,28.62545],[83.004631,28.620286],[83.012756,28.620859],[83.022506,28.618846],[83.03128,28.623729],[83.037788,28.623434],[83.04721,28.627162],[83.058586,28.619695],[83.064765,28.618261],[83.080047,28.622554],[83.086227,28.62771],[83.096633,28.632581],[83.107688,28.632575],[83.115806,28.627977],[83.109954,28.626834],[83.109947,28.61651],[83.10604,28.605895],[83.111557,28.595279],[83.113815,28.578926],[83.112831,28.572036],[83.106979,28.569461],[83.104057,28.564878],[83.107284,28.546794],[83.106636,28.541347],[83.126441,28.531862],[83.129356,28.528699],[83.131622,28.519811],[83.137451,28.507751],[83.137435,28.493982],[83.16439,28.495378],[83.172828,28.492208],[83.203361,28.498476],[83.207908,28.50019],[83.216697,28.509641],[83.222229,28.513076],[83.231971,28.514205],[83.248191,28.504987],[83.256942,28.496942],[83.278366,28.492013],[83.282569,28.487989],[83.290336,28.475631],[83.299728,28.468152],[83.303924,28.459249],[83.303909,28.453216],[83.302276,28.450357],[83.287002,28.44408],[83.282119,28.439502],[83.290519,28.425132],[83.301208,28.416217],[83.300537,28.41105],[83.295654,28.403314],[83.294013,28.396715],[83.285537,28.383544],[83.288742,28.369186],[83.291328,28.365451],[83.300071,28.361982],[83.305564,28.354801],[83.311729,28.354209],[83.323081,28.356763],[83.328941,28.361619],[83.343879,28.367891],[83.359458,28.369859],[83.370796,28.365518],[83.384704,28.355428],[83.392173,28.357419],[83.396057,28.354249],[83.412284,28.356203],[83.416496,28.355041],[83.42102,28.351869],[83.428443,28.34209],[83.43135,28.340642],[83.43914,28.341188],[83.443672,28.33916],[83.446556,28.330541],[83.450752,28.327369],[83.486083,28.322649],[83.50457,28.323719],[83.51686,28.317071],[83.527229,28.315586],[83.53984,28.308647],[83.55252,28.314622],[83.56063,28.316017],[83.569061,28.315689],[83.576835,28.31336],[83.590736,28.30669],[83.599777,28.300052],[83.606254,28.298294],[83.606864,28.291408],[83.610717,28.285074],[83.610336,28.275314],[83.616081,28.261226],[83.625099,28.251708],[83.641914,28.245025],[83.650939,28.237796],[83.660331,28.23689],[83.673889,28.2282],[83.677391,28.219005],[83.673721,28.202943],[83.664611,28.197256],[83.653213,28.186983],[83.646354,28.177831],[83.645301,28.165494],[83.640357,28.152034],[83.64093,28.13998],[83.639602,28.135393],[83.631118,28.124523],[83.610641,28.11057],[83.594932,28.082519],[83.590057,28.078807],[83.584228,28.077978],[83.57714,28.082897],[83.559661,28.081251],[83.555473,28.085573],[83.547485,28.103122],[83.53363,28.115236],[83.519424,28.121902],[83.514274,28.126802],[83.511352,28.126241],[83.503219,28.118242],[83.49057,28.112264],[83.473114,28.116361],[83.460792,28.111236],[83.458854,28.112106],[83.452758,28.123897],[83.436279,28.129701],[83.428169,28.126577],[83.422988,28.126884],[83.422035,28.130899],[83.424324,28.134908],[83.423034,28.136922],[83.415603,28.140398],[83.414321,28.14269],[83.418586,28.15559],[83.416679,28.165351],[83.412193,28.175127],[83.407981,28.175144],[83.390129,28.165447],[83.383331,28.164031],[83.381065,28.164901],[83.377845,28.170083],[83.376258,28.177543],[83.365928,28.185611],[83.36499,28.194513],[83.361106,28.19625],[83.342941,28.188272],[83.321899,28.189474],[83.306686,28.19296],[83.296966,28.191841],[83.283355,28.18671],[83.277847,28.187011],[83.275909,28.188455],[83.271408,28.199081],[83.261703,28.202836],[83.253959,28.215187],[83.24134,28.220384],[83.218727,28.246253],[83.193817,28.263523],[83.186058,28.270988],[83.182502,28.276741],[83.176673,28.277605],[83.168243,28.275321],[83.160781,28.27046],[83.141639,28.252986],[83.133529,28.248987],[83.127708,28.252437],[83.111511,28.252166],[83.099853,28.257921],[83.098236,28.259073],[83.098236,28.26194],[83.1007,28.273612],[83.095123,28.279117],[83.093559,28.284545],[83.08628,28.29466],[83.073654,28.303565],[83.071716,28.311597],[83.068473,28.316192],[83.051948,28.321657],[83.046768,28.326248],[83.034446,28.323095],[83.024398,28.325975],[83.019859,28.329133],[83.016998,28.334196],[83.009147,28.333272],[83.004302,28.336305],[82.998466,28.347494],[82.984848,28.357831],[82.978691,28.35984],[82.964744,28.358407],[82.958518,28.361534],[82.955986,28.371023],[82.94268,28.399709],[82.922248,28.401424],[82.920616,28.407163],[82.921913,28.4172],[82.916389,28.426382],[82.914756,28.438133],[82.907287,28.44559],[82.89138,28.452466],[82.889427,28.45878],[82.886505,28.461639],[82.884109,28.475791]]]}},{"type":"Feature","properties":{"DISTRICT":"MYAGDI","HQ":"BENI","PROVINCE":4},"geometry":{"type":"Polygon","coordinates":[[[83.490135,28.789823],[83.509033,28.791187],[83.528533,28.782213],[83.555526,28.774076],[83.558448,28.77177],[83.561027,28.765729],[83.559677,28.756261],[83.563224,28.749652],[83.563194,28.744195],[83.54515,28.716148],[83.535598,28.693222],[83.534919,28.687486],[83.541374,28.675125],[83.547454,28.655584],[83.551338,28.650688],[83.561401,28.646345],[83.56398,28.642883],[83.56845,28.626222],[83.567733,28.613885],[83.569007,28.609003],[83.575111,28.594051],[83.583183,28.583972],[83.586433,28.582811],[83.596214,28.588214],[83.599792,28.588485],[83.629318,28.5783],[83.640373,28.577962],[83.647537,28.580223],[83.649482,28.57936],[83.652046,28.573028],[83.667335,28.574678],[83.677764,28.578639],[83.681045,28.584077],[83.68869,28.60987],[83.700439,28.616407],[83.710983,28.636732],[83.718856,28.647024],[83.731918,28.653842],[83.733573,28.65842],[83.732307,28.663305],[83.733642,28.668758],[83.740516,28.674173],[83.742858,28.683916],[83.749069,28.687898],[83.768592,28.686933],[83.793327,28.692293],[83.817466,28.681146],[83.835739,28.669984],[83.856315,28.649061],[83.867088,28.634147],[83.875267,28.615503],[83.819305,28.593328],[83.810203,28.587287],[83.805984,28.58183],[83.804702,28.573791],[83.807647,28.566337],[83.826896,28.54829],[83.831474,28.538827],[83.830833,28.53193],[83.823043,28.523313],[83.81752,28.519857],[83.801261,28.516101],[83.787315,28.499147],[83.778579,28.4822],[83.77143,28.477592],[83.760063,28.474418],[83.756492,28.471826],[83.753257,28.464929],[83.750694,28.452592],[83.738731,28.428169],[83.740417,28.40751],[83.737838,28.400621],[83.732322,28.397169],[83.727127,28.396295],[83.723228,28.396282],[83.708587,28.401702],[83.693168,28.398017],[83.686958,28.390876],[83.675743,28.363384],[83.670166,28.353939],[83.660713,28.346529],[83.655204,28.347702],[83.646484,28.353782],[83.639091,28.365587],[83.624595,28.382301],[83.610961,28.38208],[83.604484,28.384984],[83.594749,28.384452],[83.574241,28.372205],[83.57061,28.361606],[83.573089,28.339492],[83.580848,28.335727],[83.585037,28.330537],[83.592796,28.325916],[83.601493,28.316114],[83.605972,28.305763],[83.606254,28.298294],[83.599777,28.300052],[83.590736,28.30669],[83.58007,28.311906],[83.569061,28.315689],[83.554466,28.315185],[83.53984,28.308647],[83.527229,28.315586],[83.51686,28.317071],[83.50457,28.323719],[83.486083,28.322649],[83.450752,28.327369],[83.446556,28.330541],[83.443672,28.33916],[83.43914,28.341188],[83.43135,28.340642],[83.428443,28.34209],[83.42102,28.351869],[83.416496,28.355041],[83.412284,28.356203],[83.396057,28.354249],[83.392173,28.357419],[83.384704,28.355428],[83.370796,28.365518],[83.359458,28.369859],[83.343879,28.367891],[83.328941,28.361619],[83.320167,28.355909],[83.311729,28.354209],[83.305564,28.354801],[83.300071,28.361982],[83.291328,28.365451],[83.288742,28.369186],[83.285537,28.383544],[83.294013,28.396715],[83.295654,28.403314],[83.300537,28.41105],[83.301208,28.416217],[83.290519,28.425132],[83.282119,28.439502],[83.287002,28.44408],[83.302276,28.450357],[83.303909,28.453216],[83.303924,28.459249],[83.299728,28.468152],[83.290336,28.475631],[83.280311,28.490579],[83.273818,28.493747],[83.256942,28.496942],[83.248191,28.504987],[83.231971,28.514205],[83.222229,28.513076],[83.216697,28.509641],[83.207908,28.50019],[83.203361,28.498476],[83.172828,28.492208],[83.16439,28.495378],[83.137435,28.493982],[83.137451,28.507751],[83.131622,28.519811],[83.129356,28.528699],[83.126441,28.531862],[83.106636,28.541347],[83.107284,28.546794],[83.104057,28.564878],[83.106979,28.569461],[83.112831,28.572036],[83.113807,28.574048],[83.112205,28.592981],[83.10604,28.605895],[83.109947,28.61651],[83.109306,28.624822],[83.109954,28.626834],[83.115806,28.627977],[83.114715,28.629304],[83.116088,28.638893],[83.123863,28.653596],[83.121971,28.670475],[83.124526,28.673677],[83.133422,28.672298],[83.13961,28.674207],[83.142631,28.678035],[83.144287,28.691913],[83.151336,28.695423],[83.151145,28.704433],[83.146537,28.7145],[83.143203,28.729551],[83.143188,28.739896],[83.147476,28.745559],[83.153663,28.74699],[83.170265,28.745252],[83.175796,28.746103],[83.196617,28.739479],[83.212875,28.731424],[83.220046,28.734275],[83.228195,28.741149],[83.235679,28.742576],[83.257453,28.723884],[83.277946,28.72126],[83.306289,28.732389],[83.313781,28.73381],[83.33625,28.736623],[83.36,28.732837],[83.364562,28.733682],[83.368804,28.736825],[83.381561,28.754581],[83.391021,28.760868],[83.409912,28.761957],[83.43338,28.768774],[83.450645,28.770727],[83.466651,28.781579],[83.487518,28.786958],[83.490135,28.789823]]]}},{"type":"Feature","properties":{"DISTRICT":"PARBAT","HQ":"KUSMA","PROVINCE":4},"geometry":{"type":"Polygon","coordinates":[[[83.606864,28.291408],[83.605972,28.305763],[83.601493,28.316114],[83.592796,28.325916],[83.585037,28.330537],[83.580848,28.335727],[83.573089,28.339492],[83.57061,28.361606],[83.574241,28.372205],[83.594749,28.384452],[83.604484,28.384984],[83.610961,28.38208],[83.624595,28.382301],[83.639091,28.365587],[83.646484,28.353782],[83.655204,28.347702],[83.660713,28.346529],[83.6669,28.350225],[83.673118,28.35881],[83.688926,28.394315],[83.696098,28.399442],[83.703247,28.400264],[83.70475,28.399936],[83.702751,28.396816],[83.705696,28.390502],[83.713523,28.382204],[83.728172,28.372472],[83.729484,28.369031],[83.729187,28.359563],[83.740264,28.347536],[83.742881,28.34123],[83.741584,28.339214],[83.742248,28.334909],[83.762435,28.316295],[83.77024,28.310573],[83.775764,28.309143],[83.779182,28.305145],[83.765968,28.293609],[83.767692,28.291336],[83.778739,28.286195],[83.778427,28.281885],[83.774223,28.275281],[83.775535,28.270406],[83.805412,28.262702],[83.821319,28.260431],[83.826522,28.257854],[83.82685,28.252973],[83.822647,28.246362],[83.802238,28.228261],[83.804527,28.222524],[83.804862,28.215631],[83.798721,28.205295],[83.79354,28.200403],[83.786415,28.196662],[83.781547,28.197803],[83.77407,28.202388],[83.769538,28.199792],[83.760818,28.185434],[83.762779,28.177398],[83.767662,28.169946],[83.765724,28.168502],[83.757614,28.168779],[83.755027,28.167049],[83.74694,28.157278],[83.745338,28.150106],[83.72882,28.144336],[83.714584,28.13483],[83.709739,28.129087],[83.709442,28.119617],[83.718864,28.1116],[83.733459,28.10761],[83.737678,28.103885],[83.738662,28.0993],[83.735107,28.094985],[83.723464,28.086645],[83.7089,28.082019],[83.709251,28.072837],[83.713157,28.06567],[83.721588,28.061956],[83.701553,28.04441],[83.69963,28.037519],[83.700637,28.025466],[83.690612,28.021427],[83.68383,28.014814],[83.653724,28.013597],[83.650817,28.011867],[83.644706,27.998947],[83.616813,28.012647],[83.610824,28.0109],[83.602317,28.01991],[83.585258,28.032339],[83.574264,28.033256],[83.567489,28.035865],[83.566261,28.047929],[83.570571,28.065704],[83.584228,28.077978],[83.593627,28.080801],[83.610641,28.11057],[83.631118,28.124523],[83.639602,28.135393],[83.64093,28.13998],[83.640357,28.152034],[83.645301,28.165494],[83.646354,28.177831],[83.653213,28.186983],[83.664611,28.197256],[83.673721,28.202943],[83.677375,28.216705],[83.67485,28.226474],[83.670341,28.230812],[83.660331,28.23689],[83.648681,28.238958],[83.641914,28.245025],[83.625099,28.251708],[83.618659,28.257762],[83.610336,28.275314],[83.610717,28.285074],[83.606864,28.291408]]]}},{"type":"Feature","properties":{"DISTRICT":"MUSTANG","HQ":"JOMSOM","PROVINCE":4},"geometry":{"type":"Polygon","coordinates":[[[83.660766,29.177989],[83.662094,29.181711],[83.657279,29.198663],[83.65763,29.203542],[83.676307,29.208337],[83.686149,29.21346],[83.708213,29.238319],[83.714454,29.242883],[83.719703,29.244871],[83.740646,29.24505],[83.76583,29.24291],[83.775352,29.247451],[83.783851,29.246259],[83.791397,29.24966],[83.797615,29.249917],[83.802925,29.259929],[83.797813,29.2789],[83.799468,29.281763],[83.809989,29.287733],[83.815322,29.301479],[83.821228,29.303171],[83.832015,29.300523],[83.850341,29.299848],[83.854949,29.302402],[83.860572,29.310119],[83.888145,29.319145],[83.897651,29.319654],[83.904235,29.324787],[83.908172,29.325328],[83.921592,29.323816],[83.92942,29.31974],[83.948394,29.317613],[83.953323,29.319305],[83.963569,29.330425],[83.9747,29.329496],[83.990364,29.32278],[84.002731,29.314083],[84.002372,29.310359],[83.991828,29.302391],[83.992118,29.298654],[84.001914,29.295429],[84.007812,29.295679],[84.013999,29.291614],[84.025093,29.287515],[84.028373,29.287786],[84.031036,29.293222],[84.045196,29.301156],[84.07093,29.286895],[84.079772,29.287117],[84.087699,29.294235],[84.093917,29.293901],[84.117057,29.282812],[84.12223,29.27559],[84.121864,29.272153],[84.114883,29.261585],[84.114768,29.249523],[84.130432,29.245096],[84.13562,29.240463],[84.146736,29.239221],[84.165771,29.243659],[84.178169,29.239538],[84.181442,29.239795],[84.190338,29.245468],[84.203086,29.243345],[84.204704,29.241609],[84.199493,29.214096],[84.191596,29.210142],[84.182746,29.208782],[84.171211,29.200836],[84.168556,29.196836],[84.166816,29.187093],[84.170585,29.172136],[84.170783,29.16007],[84.176567,29.15026],[84.176429,29.13706],[84.179306,29.130716],[84.186447,29.126058],[84.195915,29.124254],[84.203109,29.124774],[84.204704,29.121307],[84.204216,29.105808],[84.188865,29.077234],[84.191162,29.047637],[84.194091,29.046463],[84.216049,29.052875],[84.222587,29.05311],[84.229751,29.051038],[84.235908,29.046384],[84.244377,29.043725],[84.246963,29.041406],[84.254264,29.022674],[84.252899,29.01781],[84.245597,29.007251],[84.241241,28.997526],[84.24044,28.984609],[84.241622,28.973691],[84.236305,28.965698],[84.221374,28.915014],[84.221336,28.911279],[84.225807,28.902629],[84.226402,28.897743],[84.224021,28.891496],[84.20816,28.896816],[84.193138,28.898839],[84.186607,28.897981],[84.17974,28.89339],[84.161109,28.873027],[84.145118,28.877632],[84.13594,28.885086],[84.126647,28.885793],[84.113815,28.884159],[84.100708,28.886264],[84.089279,28.871629],[84.087318,28.85498],[84.084053,28.849245],[84.071647,28.840343],[84.058265,28.841205],[84.055,28.839773],[84.051086,28.83403],[84.046852,28.819677],[84.031517,28.810779],[84.023689,28.802171],[84.020431,28.800729],[84.010643,28.802164],[84.007377,28.804174],[83.993331,28.818521],[83.984191,28.822818],[83.979942,28.827692],[83.968521,28.827978],[83.962638,28.831129],[83.955459,28.832553],[83.948936,28.830539],[83.943397,28.824794],[83.942108,28.813886],[83.946365,28.798685],[83.942466,28.789783],[83.932365,28.780588],[83.907875,28.77577],[83.901954,28.767021],[83.894264,28.746109],[83.881233,28.736625],[83.870819,28.726284],[83.865287,28.723981],[83.850608,28.727401],[83.841484,28.72624],[83.832046,28.719047],[83.824554,28.717031],[83.814132,28.711275],[83.800796,28.7012],[83.791732,28.691389],[83.768592,28.686933],[83.749069,28.687898],[83.744499,28.685634],[83.741867,28.681341],[83.740516,28.674173],[83.73265,28.666461],[83.733573,28.65842],[83.731918,28.653842],[83.718856,28.647024],[83.710983,28.636732],[83.700439,28.616407],[83.68869,28.60987],[83.681045,28.584077],[83.677764,28.578639],[83.667335,28.574678],[83.652046,28.573028],[83.649482,28.57936],[83.647537,28.580223],[83.640373,28.577962],[83.629318,28.5783],[83.599792,28.588485],[83.596214,28.588214],[83.586433,28.582811],[83.583183,28.583972],[83.575111,28.594051],[83.569007,28.609003],[83.567733,28.613885],[83.56845,28.626222],[83.56398,28.642883],[83.561401,28.646345],[83.551338,28.650688],[83.547454,28.655584],[83.541374,28.675125],[83.534919,28.687486],[83.535598,28.693222],[83.54515,28.716148],[83.563194,28.744195],[83.563224,28.749652],[83.559677,28.756261],[83.561027,28.765729],[83.558448,28.77177],[83.555526,28.774076],[83.528533,28.782213],[83.509033,28.791187],[83.490135,28.789823],[83.491149,28.799282],[83.48471,28.817672],[83.485794,28.842636],[83.487434,28.844924],[83.492004,28.846342],[83.498184,28.843742],[83.501121,28.844306],[83.504394,28.848026],[83.507041,28.858058],[83.502548,28.874139],[83.504531,28.880161],[83.554649,28.929906],[83.563209,28.945077],[83.578918,28.954776],[83.587127,28.965644],[83.594711,28.981403],[83.601913,28.985103],[83.608413,28.981344],[83.612335,28.981037],[83.616271,28.985042],[83.620971,29.009698],[83.618064,29.015451],[83.620704,29.021751],[83.616821,29.027515],[83.618484,29.033246],[83.61753,29.038986],[83.622459,29.044134],[83.622505,29.053604],[83.624504,29.059904],[83.633346,29.065032],[83.63533,29.068752],[83.630195,29.086858],[83.627929,29.090311],[83.621742,29.094356],[83.621116,29.098661],[83.622428,29.100379],[83.637817,29.10634],[83.643089,29.114067],[83.644721,29.114063],[83.647956,29.10802],[83.652198,29.107421],[83.655166,29.111139],[83.65718,29.121751],[83.667984,29.124284],[83.672546,29.122261],[83.678428,29.122226],[83.681709,29.125085],[83.682708,29.128238],[83.679512,29.140586],[83.679252,29.151502],[83.675346,29.155248],[83.66719,29.158445],[83.66558,29.161895],[83.667259,29.169637],[83.666625,29.173942],[83.660766,29.177989]]]}},{"type":"Feature","properties":{"DISTRICT":"DANG","HQ":"TRIBHUWANNAGAR","PROVINCE":5},"geometry":{"type":"Polygon","coordinates":[[[82.01828,28.153686],[82.013931,28.167808],[82.019607,28.177524],[82.02877,28.211366],[82.038619,28.219423],[82.049873,28.241083],[82.077789,28.244144],[82.092895,28.255229],[82.098258,28.257242],[82.114883,28.253009],[82.124839,28.25468],[82.132476,28.253484],[82.145294,28.242607],[82.152671,28.241924],[82.168373,28.251733],[82.174514,28.253627],[82.189582,28.250944],[82.200454,28.245496],[82.212608,28.249853],[82.220626,28.250837],[82.236869,28.241889],[82.247344,28.240913],[82.257369,28.241775],[82.260017,28.24521],[82.27845,28.249336],[82.292221,28.247379],[82.309043,28.249553],[82.3124,28.248579],[82.314537,28.24611],[82.314666,28.22931],[82.3199,28.221055],[82.335937,28.213016],[82.354431,28.20824],[82.374328,28.189937],[82.379432,28.188272],[82.385581,28.188659],[82.389328,28.189462],[82.392219,28.192735],[82.39611,28.186645],[82.397659,28.179649],[82.407279,28.16633],[82.415153,28.161222],[82.428535,28.157985],[82.421478,28.152784],[82.420768,28.14911],[82.422309,28.144521],[82.448135,28.128999],[82.453887,28.128992],[82.456283,28.130819],[82.458168,28.137929],[82.46199,28.144283],[82.470008,28.147136],[82.480278,28.144483],[82.483314,28.141555],[82.484008,28.134559],[82.486785,28.131397],[82.507759,28.151311],[82.515022,28.161561],[82.519409,28.158164],[82.521408,28.153804],[82.518081,28.141771],[82.521827,28.13993],[82.547698,28.148353],[82.556678,28.147014],[82.563468,28.122909],[82.569595,28.117565],[82.58496,28.110868],[82.599838,28.09626],[82.612236,28.093477],[82.624916,28.078414],[82.62677,28.071985],[82.641166,28.069416],[82.685096,28.053607],[82.703178,28.054067],[82.719635,28.049011],[82.720466,28.04792],[82.714515,28.044902],[82.698699,28.030969],[82.696136,28.019964],[82.698959,28.014616],[82.705261,28.00955],[82.718803,28.004051],[82.730102,28.004295],[82.733711,28.002901],[82.745574,27.985303],[82.753746,27.979761],[82.765945,27.979949],[82.770477,27.982793],[82.775321,27.983058],[82.777313,27.980983],[82.776519,27.976686],[82.757431,27.951993],[82.755989,27.946775],[82.762626,27.94543],[82.768661,27.939495],[82.787834,27.91469],[82.792854,27.89878],[82.792465,27.885931],[82.806877,27.879501],[82.80648,27.877155],[82.811096,27.872085],[82.810379,27.870765],[82.794822,27.867225],[82.794555,27.865793],[82.798858,27.86222],[82.807106,27.860172],[82.80561,27.858739],[82.79354,27.856216],[82.784141,27.846508],[82.768714,27.84233],[82.758247,27.836582],[82.752403,27.828695],[82.752326,27.825023],[82.756866,27.816968],[82.768569,27.811532],[82.784553,27.799753],[82.787643,27.799001],[82.790191,27.805297],[82.79425,27.805738],[82.799888,27.79877],[82.806449,27.796905],[82.844711,27.7938],[82.878173,27.795686],[82.881278,27.792427],[82.880447,27.78948],[82.877128,27.785846],[82.866081,27.779163],[82.838592,27.76938],[82.817955,27.767425],[82.813499,27.764865],[82.810264,27.757171],[82.806503,27.756494],[82.801689,27.759231],[82.797103,27.767089],[82.787666,27.770227],[82.784576,27.77802],[82.753311,27.777807],[82.743507,27.779266],[82.737518,27.777418],[82.729179,27.763832],[82.724304,27.761661],[82.708023,27.76131],[82.701965,27.758543],[82.700668,27.755088],[82.710624,27.721271],[82.705772,27.716575],[82.703857,27.720544],[82.691986,27.715541],[82.675117,27.715204],[82.671127,27.715908],[82.666709,27.72252],[82.658241,27.714584],[82.640899,27.709081],[82.631187,27.710659],[82.626022,27.706033],[82.618736,27.704278],[82.608573,27.706148],[82.599739,27.701251],[82.541244,27.687028],[82.530372,27.687633],[82.518737,27.692024],[82.50251,27.688459],[82.488273,27.682867],[82.482154,27.683055],[82.476997,27.679111],[82.468757,27.678155],[82.458663,27.679275],[82.433715,27.689132],[82.416091,27.697824],[82.38903,27.715478],[82.379646,27.725069],[82.36956,27.741592],[82.361839,27.747974],[82.331596,27.761714],[82.289436,27.786865],[82.250862,27.814819],[82.226058,27.827901],[82.204216,27.847164],[82.154327,27.866888],[82.151496,27.866653],[82.145698,27.861898],[82.120559,27.868829],[82.111335,27.879655],[82.086364,27.90056],[82.068984,27.922786],[82.071174,27.923242],[82.074363,27.944799],[82.076225,27.948471],[82.082542,27.951391],[82.097091,27.951877],[82.103546,27.950069],[82.115165,27.953483],[82.118652,27.95193],[82.127677,27.953144],[82.139083,27.962036],[82.14418,27.961288],[82.154235,27.963644],[82.171783,27.958486],[82.177337,27.955392],[82.182754,27.954763],[82.196228,27.957801],[82.195831,27.979585],[82.19001,27.996374],[82.19239,28.006467],[82.191932,28.019876],[82.195152,28.026819],[82.193534,28.03553],[82.185783,28.03897],[82.173965,28.048879],[82.163246,28.050142],[82.145553,28.05632],[82.142127,28.0589],[82.14199,28.062454],[82.151016,28.073001],[82.151687,28.076704],[82.144905,28.082183],[82.121055,28.08745],[82.118583,28.091323],[82.114059,28.089691],[82.10791,28.090148],[82.097145,28.0995],[82.087814,28.0969],[82.085357,28.100437],[82.077812,28.100618],[82.073989,28.103309],[82.062911,28.105401],[82.050315,28.115589],[82.04354,28.124059],[82.043243,28.133218],[82.037017,28.1403],[82.036636,28.150966],[82.022819,28.149112],[82.01828,28.153686]]]}},{"type":"Feature","properties":{"DISTRICT":"PYUTHAN","HQ":"PYUTHAN","PROVINCE":5},"geometry":{"type":"Polygon","coordinates":[[[82.949821,28.363536],[82.964744,28.358407],[82.978691,28.35984],[82.984848,28.357831],[82.998466,28.347494],[83.004302,28.336305],[83.009147,28.333272],[83.016998,28.334196],[83.019859,28.329133],[83.024398,28.325975],[83.034446,28.323095],[83.046768,28.326248],[83.051948,28.321657],[83.068473,28.316192],[83.071716,28.311597],[83.073654,28.303565],[83.08628,28.29466],[83.093559,28.284545],[83.095123,28.279117],[83.100845,28.273315],[83.098236,28.26194],[83.099197,28.258388],[83.095207,28.251512],[83.087509,28.243141],[83.083702,28.234512],[83.078598,28.232526],[83.061485,28.234081],[83.046783,28.226984],[83.038146,28.229221],[83.033103,28.234458],[83.029731,28.235126],[83.026191,28.233093],[83.014144,28.219074],[83.03582,28.207742],[83.039733,28.204961],[83.043609,28.198789],[83.043853,28.193738],[83.03807,28.181768],[83.037849,28.171321],[83.03469,28.162521],[83.035301,28.159492],[83.040557,28.15143],[83.056869,28.137485],[83.060668,28.132455],[83.061851,28.130054],[83.058105,28.122112],[83.059997,28.120697],[83.057327,28.115688],[83.054107,28.114124],[83.049537,28.10404],[83.035934,28.105964],[83.022674,28.11236],[83.00653,28.10209],[83.00341,28.096851],[82.99588,28.092899],[82.987541,28.078725],[82.979209,28.071088],[82.976097,28.065677],[82.970512,28.037799],[82.976631,28.02469],[82.973815,28.009389],[82.957046,28.001846],[82.954704,27.99945],[82.95494,27.995834],[82.961257,27.994541],[82.963829,27.99229],[82.96875,27.994436],[82.973716,27.994123],[82.976287,27.991989],[82.976776,27.987974],[82.979209,27.985033],[82.987403,27.983316],[82.993041,27.977666],[82.996475,27.979137],[83.000404,27.978134],[83.012817,27.961481],[83.018424,27.95095],[83.019042,27.946813],[83.0158,27.926298],[83.013053,27.921611],[83.00978,27.923805],[83.008514,27.927719],[83.002288,27.932514],[82.990974,27.929426],[82.944793,27.9333],[82.942901,27.930503],[82.929634,27.923351],[82.925697,27.913614],[82.918952,27.906995],[82.912757,27.907371],[82.89608,27.913022],[82.881721,27.906391],[82.869354,27.909202],[82.853591,27.905321],[82.830062,27.908882],[82.806877,27.879501],[82.792465,27.885931],[82.792854,27.89878],[82.787834,27.91469],[82.768661,27.939495],[82.762626,27.94543],[82.755989,27.946775],[82.757431,27.951993],[82.776519,27.976686],[82.777313,27.980983],[82.775321,27.983058],[82.770477,27.982793],[82.765945,27.979949],[82.753746,27.979761],[82.745574,27.985303],[82.733711,28.002901],[82.711448,28.005966],[82.698959,28.014616],[82.696136,28.019964],[82.698699,28.030969],[82.714515,28.044902],[82.720466,28.04792],[82.719635,28.049011],[82.703178,28.054067],[82.685096,28.053607],[82.641166,28.069416],[82.62677,28.071985],[82.624916,28.078414],[82.612236,28.093477],[82.599838,28.09626],[82.602493,28.097057],[82.606842,28.105129],[82.607604,28.121873],[82.61798,28.134401],[82.61708,28.136129],[82.60482,28.140575],[82.604438,28.144763],[82.610778,28.146644],[82.615516,28.150869],[82.616996,28.171396],[82.63449,28.181951],[82.656112,28.191122],[82.671966,28.19285],[82.681411,28.192987],[82.682807,28.187253],[82.6874,28.186489],[82.689361,28.193418],[82.696327,28.20487],[82.697067,28.213411],[82.706756,28.209821],[82.723579,28.20988],[82.742874,28.199081],[82.746726,28.192295],[82.759231,28.182905],[82.764205,28.180877],[82.770736,28.182052],[82.785018,28.178438],[82.78923,28.180486],[82.796829,28.18814],[82.813255,28.187616],[82.821304,28.192567],[82.824752,28.19737],[82.826385,28.213602],[82.831924,28.222002],[82.83921,28.229318],[82.851852,28.234994],[82.854148,28.240491],[82.851249,28.255475],[82.878555,28.266941],[82.887527,28.274404],[82.890602,28.280069],[82.891311,28.291484],[82.900619,28.300104],[82.907218,28.310678],[82.920219,28.31957],[82.924392,28.32431],[82.93206,28.350999],[82.943923,28.363162],[82.949821,28.363536]]]}},{"type":"Feature","properties":{"DISTRICT":"ROLPA","HQ":"LIWANG","PROVINCE":5},"geometry":{"type":"Polygon","coordinates":[[[82.416687,28.528598],[82.433959,28.522977],[82.451469,28.520717],[82.463401,28.521045],[82.472488,28.528028],[82.485473,28.532939],[82.491378,28.537921],[82.493598,28.548927],[82.49691,28.552587],[82.509429,28.551309],[82.526702,28.556558],[82.531829,28.556484],[82.535392,28.553501],[82.536857,28.541282],[82.54029,28.538351],[82.549476,28.523773],[82.558944,28.521919],[82.577796,28.512586],[82.590446,28.513528],[82.596923,28.507493],[82.60366,28.506044],[82.616775,28.509515],[82.631141,28.49938],[82.664871,28.49929],[82.686111,28.508979],[82.693443,28.509754],[82.702255,28.507663],[82.716484,28.513927],[82.73394,28.515134],[82.745635,28.506969],[82.764381,28.499853],[82.801773,28.495447],[82.833435,28.478431],[82.858642,28.477083],[82.86824,28.478185],[82.884109,28.475791],[82.886505,28.461639],[82.889427,28.45878],[82.89138,28.452466],[82.907287,28.44559],[82.914756,28.438133],[82.916389,28.426382],[82.921913,28.4172],[82.920616,28.407163],[82.922248,28.401424],[82.94268,28.399709],[82.955986,28.371023],[82.958518,28.361534],[82.949821,28.363536],[82.943923,28.363162],[82.93206,28.350999],[82.924392,28.32431],[82.920219,28.31957],[82.907218,28.310678],[82.900619,28.300104],[82.891311,28.291484],[82.890602,28.280069],[82.887527,28.274404],[82.878555,28.266941],[82.851249,28.255475],[82.854148,28.240491],[82.851852,28.234994],[82.83921,28.229318],[82.831924,28.222002],[82.826385,28.213602],[82.824752,28.19737],[82.821304,28.192567],[82.813255,28.187616],[82.796829,28.18814],[82.78923,28.180486],[82.785018,28.178438],[82.770736,28.182052],[82.764205,28.180877],[82.759231,28.182905],[82.746726,28.192295],[82.742874,28.199081],[82.723579,28.20988],[82.706756,28.209821],[82.697067,28.213411],[82.696327,28.20487],[82.689361,28.193418],[82.6874,28.186489],[82.682807,28.187253],[82.681411,28.192987],[82.656112,28.191122],[82.63449,28.181951],[82.616996,28.171396],[82.615516,28.150869],[82.610778,28.146644],[82.604438,28.144763],[82.60482,28.140575],[82.61708,28.136129],[82.61798,28.134401],[82.607604,28.121873],[82.606842,28.105129],[82.602493,28.097057],[82.599838,28.09626],[82.58496,28.110868],[82.569595,28.117565],[82.563468,28.122909],[82.556678,28.147014],[82.547698,28.148353],[82.521827,28.13993],[82.518081,28.141771],[82.521408,28.153804],[82.519409,28.158164],[82.515022,28.161561],[82.507759,28.151311],[82.486785,28.131397],[82.484008,28.134559],[82.483314,28.141555],[82.480278,28.144483],[82.470008,28.147136],[82.46199,28.144283],[82.458168,28.137929],[82.456283,28.130819],[82.453887,28.128992],[82.448135,28.128999],[82.422309,28.144521],[82.420768,28.14911],[82.421478,28.152784],[82.428535,28.157985],[82.415153,28.161222],[82.407279,28.16633],[82.397659,28.179649],[82.39611,28.186645],[82.390495,28.194845],[82.396064,28.205846],[82.398017,28.216051],[82.414649,28.228128],[82.421058,28.237581],[82.421066,28.242168],[82.414543,28.25106],[82.412544,28.256517],[82.399681,28.272466],[82.396903,28.281934],[82.376602,28.307119],[82.377967,28.313085],[82.374412,28.322599],[82.374481,28.327133],[82.370529,28.331775],[82.367294,28.332927],[82.365165,28.336486],[82.366004,28.341758],[82.369117,28.346569],[82.378829,28.351089],[82.379219,28.360151],[82.383827,28.37413],[82.374954,28.380046],[82.371849,28.38561],[82.370819,28.398227],[82.363761,28.405744],[82.354759,28.412052],[82.351524,28.419105],[82.351264,28.422945],[82.372711,28.427064],[82.377571,28.431987],[82.377899,28.438468],[82.372787,28.459049],[82.38964,28.464307],[82.392364,28.4666],[82.393341,28.481969],[82.396026,28.492237],[82.411506,28.498229],[82.409561,28.501274],[82.40937,28.505744],[82.415924,28.514286],[82.417617,28.523912],[82.416687,28.528598]]]}},{"type":"Feature","properties":{"DISTRICT":"EASTERN RUKUM","HQ":"RUKUMKOT","PROVINCE":5},"geometry":{"type":"Polygon","coordinates":[[[82.534484,28.55511],[82.529125,28.558742],[82.531185,28.564923],[82.535648,28.570803],[82.544403,28.572763],[82.554359,28.58226],[82.556591,28.5803],[82.56174,28.580602],[82.567405,28.577738],[82.575645,28.5803],[82.578392,28.584823],[82.581825,28.58633],[82.578735,28.590249],[82.580795,28.594771],[82.581138,28.6008],[82.579765,28.603211],[82.580451,28.611349],[82.578048,28.614363],[82.570838,28.610746],[82.562255,28.610144],[82.554016,28.616171],[82.546463,28.618582],[82.547492,28.623103],[82.551612,28.625815],[82.547149,28.627623],[82.543029,28.625815],[82.544403,28.623103],[82.540626,28.621898],[82.52964,28.624911],[82.508697,28.627623],[82.50801,28.630938],[82.485351,28.641183],[82.479171,28.645402],[82.470245,28.644197],[82.461318,28.645703],[82.457542,28.651126],[82.453765,28.649319],[82.450675,28.655043],[82.440032,28.657754],[82.449989,28.67131],[82.460632,28.669503],[82.462348,28.672817],[82.465095,28.670407],[82.474021,28.670407],[82.478828,28.67372],[82.485351,28.673118],[82.499771,28.668901],[82.502517,28.663177],[82.508354,28.660767],[82.513847,28.659562],[82.517623,28.661068],[82.5214,28.659562],[82.524833,28.655344],[82.534103,28.649921],[82.537536,28.64962],[82.537879,28.64721],[82.547836,28.64721],[82.555389,28.643895],[82.559509,28.646004],[82.578392,28.664081],[82.582855,28.665286],[82.586975,28.664382],[82.590408,28.666792],[82.597961,28.668599],[82.601051,28.677034],[82.600708,28.68366],[82.604484,28.687274],[82.616157,28.689533],[82.614097,28.698267],[82.616844,28.708806],[82.612724,28.71242],[82.605342,28.715581],[82.602252,28.743128],[82.595214,28.743429],[82.591609,28.740419],[82.585945,28.740118],[82.573413,28.741172],[82.568435,28.744784],[82.566032,28.744031],[82.566719,28.757877],[82.564144,28.759533],[82.56483,28.765101],[82.562084,28.768261],[82.566547,28.76811],[82.567405,28.771119],[82.569293,28.771119],[82.580966,28.780298],[82.586288,28.781652],[82.589893,28.785714],[82.588691,28.788873],[82.591266,28.79128],[82.594871,28.79113],[82.613239,28.806925],[82.620277,28.809482],[82.620277,28.814295],[82.615127,28.826327],[82.62371,28.835651],[82.62577,28.840764],[82.626113,28.848282],[82.62989,28.853695],[82.6371,28.854897],[82.642593,28.866925],[82.650146,28.869631],[82.655639,28.866323],[82.658042,28.861212],[82.666625,28.853394],[82.673149,28.852191],[82.685165,28.860911],[82.698211,28.865121],[82.701736,28.858587],[82.719802,28.849536],[82.724418,28.848377],[82.737762,28.849655],[82.743606,28.844703],[82.758285,28.819423],[82.761589,28.815399],[82.765945,28.813606],[82.770759,28.813928],[82.783668,28.821805],[82.799873,28.822492],[82.818527,28.832231],[82.822875,28.830842],[82.840324,28.832321],[82.843048,28.830818],[82.839965,28.824584],[82.841064,28.821878],[82.854469,28.823553],[82.862586,28.8187],[82.867523,28.81776],[82.875869,28.821107],[82.877639,28.824542],[82.874938,28.830806],[82.876838,28.833091],[82.882545,28.829633],[82.889114,28.828571],[82.9011,28.830524],[82.905471,28.833776],[82.926933,28.830875],[82.929916,28.82862],[82.948219,28.831174],[82.955665,28.824321],[82.962234,28.82377],[82.981521,28.804342],[83.000007,28.805631],[83.015197,28.79976],[83.021667,28.794218],[83.039115,28.795444],[83.052215,28.7882],[83.068313,28.783351],[83.071372,28.782936],[83.078094,28.786621],[83.082977,28.787168],[83.08612,28.779867],[83.099052,28.768836],[83.109809,28.744155],[83.113502,28.741268],[83.135108,28.743431],[83.140045,28.742832],[83.14315,28.740343],[83.143203,28.729551],[83.146537,28.7145],[83.151145,28.704433],[83.151336,28.695423],[83.144287,28.691913],[83.142631,28.678035],[83.13961,28.674207],[83.133422,28.672298],[83.124526,28.673677],[83.121971,28.670475],[83.123863,28.653596],[83.116088,28.638893],[83.114715,28.629304],[83.105087,28.63315],[83.096633,28.632581],[83.086227,28.62771],[83.080047,28.622554],[83.064765,28.618261],[83.058586,28.619695],[83.04721,28.627162],[83.037788,28.623434],[83.03128,28.623729],[83.022506,28.618846],[83.012756,28.620859],[83.004631,28.620286],[82.989021,28.62545],[82.972122,28.621721],[82.964645,28.617134],[82.961402,28.613117],[82.957832,28.603363],[82.957832,28.596475],[82.959785,28.590745],[82.964668,28.583572],[82.969215,28.580127],[82.98384,28.573251],[82.988716,28.565786],[82.987739,28.561485],[82.976379,28.540836],[82.974754,28.540266],[82.970207,28.54342],[82.965332,28.552309],[82.951324,28.553815],[82.931686,28.564102],[82.923454,28.564535],[82.9179,28.562103],[82.915977,28.526481],[82.913383,28.525329],[82.911186,28.521444],[82.903114,28.516386],[82.888069,28.514703],[82.879951,28.515556],[82.880599,28.513269],[82.890029,28.505531],[82.898155,28.495203],[82.913749,28.482593],[82.916023,28.479442],[82.915374,28.47772],[82.910827,28.475139],[82.893623,28.479145],[82.88681,28.478561],[82.884109,28.475791],[82.86824,28.478185],[82.858642,28.477083],[82.833435,28.478431],[82.801773,28.495447],[82.764381,28.499853],[82.745635,28.506969],[82.73394,28.515134],[82.716484,28.513927],[82.702255,28.507663],[82.693443,28.509754],[82.686111,28.508979],[82.664871,28.49929],[82.631141,28.49938],[82.616775,28.509515],[82.60366,28.506044],[82.596923,28.507493],[82.590446,28.513528],[82.577796,28.512586],[82.558944,28.521919],[82.549476,28.523773],[82.54029,28.538351],[82.536857,28.541282],[82.534484,28.55511]]]}},{"type":"Feature","properties":{"DISTRICT":"WESTERN RUKUM","HQ":"MUSIKOT","PROVINCE":6},"geometry":{"type":"Polygon","coordinates":[[[82.575889,28.9874],[82.59542,28.979255],[82.622322,28.97525],[82.63346,28.975685],[82.650672,28.980695],[82.660301,28.973905],[82.666725,28.963451],[82.668449,28.950031],[82.671562,28.942794],[82.687316,28.916604],[82.692848,28.915214],[82.697853,28.911823],[82.708229,28.897678],[82.70642,28.880369],[82.698257,28.870815],[82.698211,28.865121],[82.685165,28.860911],[82.673149,28.852191],[82.666625,28.853394],[82.658042,28.861212],[82.655639,28.866323],[82.650146,28.869631],[82.642593,28.866925],[82.6371,28.854897],[82.62989,28.853695],[82.626113,28.848282],[82.62577,28.840764],[82.62371,28.835651],[82.615127,28.826327],[82.620277,28.814295],[82.620277,28.809482],[82.613239,28.806925],[82.594871,28.79113],[82.591266,28.79128],[82.588691,28.788873],[82.589893,28.785714],[82.586288,28.781652],[82.580966,28.780298],[82.569293,28.771119],[82.567405,28.771119],[82.566547,28.76811],[82.562084,28.768261],[82.56483,28.765101],[82.564144,28.759533],[82.566719,28.757877],[82.566032,28.744031],[82.568435,28.744784],[82.573413,28.741172],[82.585945,28.740118],[82.591609,28.740419],[82.595214,28.743429],[82.602252,28.743128],[82.605342,28.715581],[82.612724,28.71242],[82.616844,28.708806],[82.614097,28.698267],[82.616157,28.689533],[82.604484,28.687274],[82.600708,28.68366],[82.601051,28.677034],[82.597961,28.668599],[82.590408,28.666792],[82.586975,28.664382],[82.582855,28.665286],[82.578392,28.664081],[82.559509,28.646004],[82.555389,28.643895],[82.547836,28.64721],[82.537879,28.64721],[82.537536,28.64962],[82.534103,28.649921],[82.524833,28.655344],[82.5214,28.659562],[82.517623,28.661068],[82.513847,28.659562],[82.508354,28.660767],[82.502517,28.663177],[82.499771,28.668901],[82.485351,28.673118],[82.478828,28.67372],[82.474021,28.670407],[82.465095,28.670407],[82.462348,28.672817],[82.460632,28.669503],[82.449989,28.67131],[82.440032,28.657754],[82.450675,28.655043],[82.453765,28.649319],[82.457542,28.651126],[82.461318,28.645703],[82.470245,28.644197],[82.479171,28.645402],[82.485351,28.641183],[82.50801,28.630938],[82.508697,28.627623],[82.52964,28.624911],[82.540626,28.621898],[82.544403,28.623103],[82.543029,28.625815],[82.547149,28.627623],[82.551612,28.625815],[82.547492,28.623103],[82.546463,28.618582],[82.554016,28.616171],[82.562255,28.610144],[82.570838,28.610746],[82.578048,28.614363],[82.580451,28.611349],[82.579765,28.603211],[82.581138,28.6008],[82.580795,28.594771],[82.578735,28.590249],[82.581825,28.58633],[82.578392,28.584823],[82.575645,28.5803],[82.567405,28.577738],[82.56174,28.580602],[82.556591,28.5803],[82.554359,28.58226],[82.544403,28.572763],[82.535648,28.570803],[82.52964,28.561607],[82.529125,28.558742],[82.532558,28.556329],[82.526702,28.556558],[82.509429,28.551309],[82.49691,28.552587],[82.493598,28.548927],[82.491378,28.537921],[82.485473,28.532939],[82.472488,28.528028],[82.463401,28.521045],[82.451469,28.520717],[82.433959,28.522977],[82.422744,28.525852],[82.416687,28.528598],[82.416389,28.530107],[82.405426,28.532754],[82.402832,28.532865],[82.395698,28.527027],[82.391609,28.525653],[82.382209,28.531227],[82.380325,28.534208],[82.379875,28.538105],[82.382408,28.544984],[82.37709,28.550489],[82.375663,28.562011],[82.37281,28.5666],[82.363014,28.572799],[82.352439,28.577104],[82.337905,28.586858],[82.311553,28.592994],[82.307731,28.59271],[82.303771,28.595005],[82.285598,28.593805],[82.240173,28.600677],[82.214721,28.612186],[82.206604,28.617502],[82.186515,28.622489],[82.190177,28.629425],[82.190246,28.63661],[82.194511,28.640598],[82.19561,28.653234],[82.198616,28.66154],[82.198417,28.673894],[82.201728,28.679904],[82.204986,28.68103],[82.210792,28.676956],[82.220298,28.685213],[82.23236,28.688568],[82.239364,28.706321],[82.247528,28.709989],[82.25695,28.709337],[82.270774,28.695144],[82.275947,28.692514],[82.281471,28.692176],[82.279853,28.692918],[82.274925,28.703805],[82.28511,28.717046],[82.286926,28.721803],[82.286796,28.725702],[82.284065,28.729318],[82.288146,28.738832],[82.284111,28.745025],[82.283981,28.748752],[82.287094,28.753797],[82.284362,28.761415],[82.293891,28.783149],[82.301887,28.786186],[82.30735,28.786241],[82.329132,28.782348],[82.339981,28.783435],[82.347785,28.78893],[82.357276,28.790935],[82.361045,28.792947],[82.37918,28.82229],[82.386657,28.829629],[82.402534,28.840454],[82.426536,28.848003],[82.446716,28.865304],[82.455696,28.870052],[82.462272,28.871076],[82.46656,28.864938],[82.46936,28.864934],[82.490318,28.873281],[82.504981,28.892192],[82.506156,28.897459],[82.504486,28.919023],[82.514198,28.929901],[82.513343,28.944408],[82.516853,28.955621],[82.546043,28.981861],[82.55693,28.985746],[82.575889,28.9874]]]}},{"type":"Feature","properties":{"DISTRICT":"SALYAN","HQ":"SALYAN","PROVINCE":6},"geometry":{"type":"Polygon","coordinates":[[[82.186515,28.622489],[82.206604,28.617502],[82.214721,28.612186],[82.240173,28.600677],[82.285598,28.593805],[82.303771,28.595005],[82.307731,28.59271],[82.311553,28.592994],[82.337905,28.586858],[82.352439,28.577104],[82.363014,28.572799],[82.37281,28.5666],[82.375663,28.562011],[82.37709,28.550489],[82.382408,28.544984],[82.379875,28.538105],[82.380325,28.534208],[82.386878,28.527835],[82.391609,28.525653],[82.395698,28.527027],[82.402832,28.532865],[82.416389,28.530107],[82.417617,28.523912],[82.415924,28.514286],[82.40937,28.505744],[82.409561,28.501274],[82.411506,28.498229],[82.396026,28.492237],[82.393341,28.481969],[82.392364,28.4666],[82.38964,28.464307],[82.372787,28.459049],[82.377899,28.438468],[82.377571,28.431987],[82.372711,28.427064],[82.351264,28.422945],[82.354759,28.412052],[82.363761,28.405744],[82.370819,28.398227],[82.371849,28.38561],[82.374954,28.380046],[82.383827,28.37413],[82.379219,28.360151],[82.378829,28.351089],[82.369117,28.346569],[82.366004,28.341758],[82.365165,28.336486],[82.367294,28.332927],[82.370529,28.331775],[82.374481,28.327133],[82.374412,28.322599],[82.377967,28.313085],[82.376602,28.307119],[82.396903,28.281934],[82.399681,28.272466],[82.412544,28.256517],[82.414543,28.25106],[82.421066,28.242168],[82.421058,28.237581],[82.414649,28.228128],[82.398017,28.216051],[82.396064,28.205846],[82.390823,28.19691],[82.390495,28.194845],[82.392501,28.193588],[82.389328,28.189462],[82.379432,28.188272],[82.374328,28.189937],[82.354431,28.20824],[82.335937,28.213016],[82.3199,28.221055],[82.314666,28.22931],[82.314537,28.24611],[82.309043,28.249553],[82.292221,28.247379],[82.27845,28.249336],[82.260017,28.24521],[82.257369,28.241775],[82.247344,28.240913],[82.236869,28.241889],[82.220626,28.250837],[82.212608,28.249853],[82.200454,28.245496],[82.189582,28.250944],[82.174514,28.253627],[82.168373,28.251733],[82.152671,28.241924],[82.145294,28.242607],[82.132476,28.253484],[82.124839,28.25468],[82.114883,28.253009],[82.098258,28.257242],[82.092895,28.255229],[82.077789,28.244144],[82.049873,28.241083],[82.038619,28.219423],[82.02877,28.211366],[82.019607,28.177524],[82.013931,28.167808],[82.015975,28.160297],[82.005798,28.158599],[82.001602,28.159797],[81.984428,28.177474],[81.976013,28.182958],[81.970451,28.184499],[81.96611,28.188043],[81.964027,28.192218],[81.943061,28.20083],[81.932952,28.209346],[81.925575,28.212999],[81.917503,28.22805],[81.910186,28.232784],[81.88021,28.243255],[81.872917,28.240488],[81.8638,28.241495],[81.862648,28.254783],[81.838569,28.275058],[81.81163,28.2838],[81.80516,28.284635],[81.798332,28.280258],[81.794059,28.280878],[81.785522,28.294881],[81.767158,28.306219],[81.764038,28.30982],[81.753944,28.310583],[81.74694,28.316419],[81.748077,28.323804],[81.755981,28.34587],[81.757003,28.353908],[81.768783,28.373374],[81.770782,28.38198],[81.77761,28.385963],[81.788291,28.385049],[81.799324,28.389013],[81.810012,28.388952],[81.821617,28.380847],[81.8404,28.380165],[81.846183,28.373819],[81.854652,28.372081],[81.8759,28.363304],[81.883987,28.362112],[81.886558,28.359794],[81.885093,28.336824],[81.887969,28.331644],[81.893791,28.331033],[81.898666,28.333297],[81.902221,28.33299],[81.916076,28.324283],[81.928092,28.32938],[81.955757,28.346723],[81.969711,28.350654],[81.980812,28.361495],[81.983413,28.362339],[81.979896,28.368398],[81.977745,28.381912],[81.979736,28.387931],[81.988876,28.396196],[81.982421,28.399112],[81.976638,28.405185],[81.963851,28.426235],[81.963562,28.430259],[81.967849,28.439994],[81.964347,28.447196],[81.965972,28.448627],[81.969215,28.448314],[81.980842,28.443645],[81.985069,28.445055],[81.990028,28.456796],[82.009231,28.466152],[82.012176,28.468997],[82.012252,28.477901],[82.022727,28.48961],[82.025695,28.495044],[82.021598,28.509155],[82.026557,28.52003],[82.020118,28.526109],[82.018287,28.539339],[82.001274,28.560991],[81.998397,28.566759],[81.997795,28.572502],[82.001747,28.579376],[82.002136,28.587129],[82.007362,28.591115],[82.010643,28.595975],[82.005531,28.605777],[82.005249,28.610658],[82.009162,28.61264],[82.024085,28.611974],[82.025093,28.615695],[82.021919,28.624048],[82.030143,28.636638],[82.036636,28.636301],[82.04116,28.63397],[82.04441,28.634523],[82.047714,28.640535],[82.056488,28.64191],[82.058105,28.640752],[82.056091,28.633581],[82.075187,28.62598],[82.085166,28.616432],[82.091361,28.618972],[82.11148,28.617963],[82.12223,28.621622],[82.130996,28.621839],[82.137199,28.624954],[82.14302,28.622613],[82.146194,28.614545],[82.155586,28.612171],[82.165977,28.61238],[82.175422,28.615467],[82.186515,28.622489]]]}},{"type":"Feature","properties":{"DISTRICT":"DOLPA","HQ":"DUNAI","PROVINCE":6},"geometry":{"type":"Polygon","coordinates":[[[82.827888,29.687891],[82.84468,29.69042],[82.862098,29.683746],[82.876609,29.69087],[82.888137,29.691688],[82.890113,29.693399],[82.8908,29.699432],[82.893768,29.700571],[82.908248,29.699071],[82.915512,29.70421],[82.919784,29.703042],[82.926345,29.698135],[82.929641,29.698984],[82.9346,29.703842],[82.938194,29.696929],[82.94606,29.690582],[82.941368,29.673076],[82.945304,29.671331],[82.950538,29.664703],[82.956436,29.660657],[82.964332,29.660329],[82.974571,29.666889],[82.985755,29.666553],[82.990333,29.661066],[82.993621,29.660768],[83.0065,29.667882],[83.00946,29.668153],[83.014671,29.658645],[83.018608,29.65633],[83.020866,29.648275],[83.026458,29.648822],[83.029434,29.651102],[83.036338,29.650209],[83.040847,29.632946],[83.042808,29.630922],[83.055931,29.625391],[83.062843,29.625352],[83.064804,29.623905],[83.067703,29.61413],[83.071945,29.608358],[83.083412,29.602262],[83.09066,29.603656],[83.090377,29.610553],[83.09893,29.609931],[83.105552,29.6165],[83.115409,29.615581],[83.117401,29.617578],[83.118438,29.625614],[83.121406,29.625602],[83.130897,29.618648],[83.14112,29.622608],[83.154594,29.620809],[83.158859,29.61848],[83.163429,29.613851],[83.158721,29.599805],[83.159675,29.594909],[83.16986,29.593698],[83.175437,29.591073],[83.184997,29.594469],[83.187057,29.605941],[83.192329,29.606779],[83.19596,29.609336],[83.198905,29.607021],[83.217643,29.6046],[83.218261,29.600282],[83.21556,29.59053],[83.222084,29.584161],[83.237808,29.576305],[83.259178,29.575296],[83.266029,29.568637],[83.269302,29.567178],[83.275558,29.567705],[83.280136,29.564516],[83.281425,29.561054],[83.279411,29.55647],[83.269859,29.554525],[83.259689,29.557468],[83.257049,29.556339],[83.25637,29.55347],[83.254302,29.542276],[83.261466,29.534473],[83.266326,29.525241],[83.267898,29.517179],[83.266853,29.509712],[83.268798,29.506538],[83.280563,29.499267],[83.284507,29.498954],[83.295043,29.501756],[83.299957,29.499702],[83.310173,29.502212],[83.318428,29.506752],[83.329231,29.502651],[83.346565,29.492742],[83.348091,29.479799],[83.345077,29.474361],[83.344665,29.464881],[83.356033,29.451002],[83.365547,29.449485],[83.36483,29.442884],[83.370277,29.429046],[83.382049,29.423488],[83.400093,29.421327],[83.413894,29.421791],[83.417701,29.408538],[83.426177,29.402437],[83.420516,29.394718],[83.422058,29.384931],[83.413154,29.380697],[83.412475,29.378398],[83.416336,29.370901],[83.415946,29.364578],[83.417831,29.356513],[83.42472,29.355588],[83.429908,29.349803],[83.43811,29.349157],[83.444274,29.342775],[83.44577,29.328107],[83.44371,29.319215],[83.439743,29.316658],[83.440643,29.308322],[83.445861,29.305685],[83.445472,29.29994],[83.452018,29.298156],[83.451972,29.293565],[83.45359,29.291534],[83.455566,29.292091],[83.457466,29.285749],[83.463981,29.281675],[83.466201,29.274465],[83.471778,29.274414],[83.481681,29.280366],[83.48561,29.279758],[83.491767,29.272804],[83.491683,29.265327],[83.500167,29.261806],[83.50666,29.25571],[83.513877,29.255636],[83.513504,29.251911],[83.518356,29.245536],[83.517311,29.240089],[83.522209,29.238025],[83.522171,29.234869],[83.516204,29.229177],[83.519027,29.217653],[83.531074,29.210634],[83.533317,29.206022],[83.537239,29.204545],[83.553588,29.201225],[83.561164,29.204893],[83.568359,29.203382],[83.570945,29.20049],[83.569869,29.191867],[83.577667,29.18662],[83.578575,29.17971],[83.580513,29.177684],[83.591606,29.173261],[83.609375,29.1797],[83.631721,29.157909],[83.640258,29.159259],[83.647506,29.162921],[83.660766,29.177989],[83.665977,29.17509],[83.667259,29.169637],[83.665901,29.160747],[83.668495,29.157575],[83.677955,29.153228],[83.680213,29.148622],[83.679512,29.140586],[83.682723,29.129953],[83.681709,29.125085],[83.678428,29.122226],[83.672546,29.122261],[83.667984,29.124284],[83.659477,29.12289],[83.656188,29.120031],[83.655166,29.111139],[83.652198,29.107421],[83.647956,29.10802],[83.644721,29.114063],[83.643089,29.114067],[83.637817,29.10634],[83.622428,29.100379],[83.621116,29.098661],[83.621742,29.094356],[83.627929,29.090311],[83.630195,29.086858],[83.63533,29.068752],[83.633346,29.065032],[83.624504,29.059904],[83.622505,29.053604],[83.622459,29.044134],[83.61753,29.038986],[83.618484,29.033246],[83.616821,29.027515],[83.620704,29.021751],[83.618064,29.015451],[83.620971,29.009698],[83.616271,28.985042],[83.612335,28.981037],[83.608413,28.981344],[83.601913,28.985103],[83.597007,28.98369],[83.59307,28.979396],[83.587127,28.965644],[83.578918,28.954776],[83.563209,28.945077],[83.554649,28.929906],[83.504531,28.880161],[83.502548,28.874139],[83.507041,28.858058],[83.504394,28.848026],[83.501121,28.844306],[83.498184,28.843742],[83.492004,28.846342],[83.487434,28.844924],[83.485794,28.842636],[83.48471,28.817672],[83.488586,28.809053],[83.491462,28.796125],[83.490135,28.789823],[83.487518,28.786958],[83.466651,28.781579],[83.450645,28.770727],[83.43338,28.768774],[83.409912,28.761957],[83.391021,28.760868],[83.381561,28.754581],[83.368804,28.736825],[83.364562,28.733682],[83.36,28.732837],[83.33625,28.736623],[83.313781,28.73381],[83.306289,28.732389],[83.277946,28.72126],[83.257453,28.723884],[83.235679,28.742576],[83.228195,28.741149],[83.220046,28.734275],[83.212875,28.731424],[83.196617,28.739479],[83.175796,28.746103],[83.149429,28.746417],[83.143188,28.739896],[83.140045,28.742832],[83.135108,28.743431],[83.113502,28.741268],[83.109809,28.744155],[83.099052,28.768836],[83.08612,28.779867],[83.082977,28.787168],[83.078094,28.786621],[83.071372,28.782936],[83.068313,28.783351],[83.052215,28.7882],[83.039115,28.795444],[83.021667,28.794218],[83.015197,28.79976],[83.000007,28.805631],[82.981521,28.804342],[82.962234,28.82377],[82.955665,28.824321],[82.948219,28.831174],[82.929916,28.82862],[82.926933,28.830875],[82.905471,28.833776],[82.9011,28.830524],[82.889114,28.828571],[82.882545,28.829633],[82.876838,28.833091],[82.874938,28.830806],[82.877639,28.824542],[82.875869,28.821107],[82.867523,28.81776],[82.862586,28.8187],[82.854469,28.823553],[82.841064,28.821878],[82.839965,28.824584],[82.843048,28.830818],[82.840324,28.832321],[82.822875,28.830842],[82.818527,28.832231],[82.799873,28.822492],[82.783668,28.821805],[82.770759,28.813928],[82.765945,28.813606],[82.761589,28.815399],[82.740814,28.847923],[82.737762,28.849655],[82.724418,28.848377],[82.719802,28.849536],[82.701736,28.858587],[82.698242,28.866165],[82.698257,28.870815],[82.70642,28.880369],[82.708229,28.897678],[82.697853,28.911823],[82.692848,28.915214],[82.687316,28.916604],[82.671562,28.942794],[82.668449,28.950031],[82.666725,28.963451],[82.66452,28.968507],[82.660301,28.973905],[82.650672,28.980695],[82.63346,28.975685],[82.622322,28.97525],[82.59542,28.979255],[82.575889,28.9874],[82.576713,28.99114],[82.575134,28.994892],[82.56739,29.001296],[82.531349,29.013158],[82.512474,29.016223],[82.497474,29.01637],[82.487663,29.013877],[82.459999,28.991153],[82.44242,28.993043],[82.431045,28.996595],[82.425224,29.000381],[82.412551,29.004238],[82.403411,29.003168],[82.400184,29.006074],[82.396682,29.013002],[82.396446,29.020761],[82.406524,29.046537],[82.406135,29.069818],[82.410179,29.080987],[82.413116,29.098814],[82.41896,29.109628],[82.419441,29.115377],[82.417182,29.128654],[82.418655,29.134958],[82.435165,29.140668],[82.438964,29.148078],[82.443679,29.15316],[82.474983,29.161172],[82.488418,29.16176],[82.513053,29.157093],[82.517959,29.157653],[82.52713,29.162233],[82.545135,29.162202],[82.553977,29.164192],[82.573959,29.172767],[82.579864,29.179361],[82.583816,29.187397],[82.579895,29.193719],[82.55307,29.206123],[82.547836,29.210445],[82.544258,29.225097],[82.537727,29.235738],[82.539047,29.241477],[82.536766,29.249233],[82.537429,29.252391],[82.55088,29.265287],[82.556152,29.282514],[82.560745,29.286813],[82.585021,29.29882],[82.589622,29.304561],[82.590614,29.309144],[82.589012,29.325521],[82.575271,29.34163],[82.572654,29.348249],[82.571693,29.358013],[82.56842,29.364339],[82.565147,29.368078],[82.553352,29.374706],[82.549751,29.379875],[82.560615,29.405706],[82.560302,29.411167],[82.580978,29.415143],[82.590171,29.420009],[82.625946,29.421939],[82.629226,29.421073],[82.631195,29.418191],[82.628532,29.40327],[82.630157,29.396085],[82.650482,29.38799],[82.65409,29.388551],[82.662315,29.397436],[82.682022,29.405143],[82.685974,29.408859],[82.692794,29.420053],[82.715538,29.426902],[82.718002,29.429698],[82.721427,29.440681],[82.736724,29.464731],[82.737144,29.46701],[82.730247,29.477207],[82.731147,29.49938],[82.732879,29.504081],[82.734855,29.50638],[82.744377,29.506065],[82.76509,29.510873],[82.774963,29.515729],[82.786468,29.517412],[82.789108,29.519983],[82.790451,29.52831],[82.806304,29.549804],[82.819496,29.559522],[82.815299,29.581077],[82.802589,29.609275],[82.799034,29.626523],[82.801033,29.634563],[82.803344,29.636844],[82.813896,29.64256],[82.828056,29.6471],[82.829383,29.648817],[82.827888,29.687891]]]}},{"type":"Feature","properties":{"DISTRICT":"HUMLA","HQ":"SIMIKOT","PROVINCE":6},"geometry":{"type":"Polygon","coordinates":[[[81.401847,30.359201],[81.395683,30.367309],[81.397697,30.369009],[81.420524,30.369636],[81.423538,30.372188],[81.424942,30.377632],[81.428642,30.381616],[81.428001,30.383066],[81.421745,30.384563],[81.416191,30.389503],[81.400733,30.395412],[81.405502,30.405134],[81.406593,30.411437],[81.411338,30.419151],[81.429855,30.41809],[81.434043,30.410867],[81.438407,30.414846],[81.442733,30.416236],[81.445693,30.415346],[81.457794,30.405731],[81.470916,30.398698],[81.478034,30.387989],[81.489814,30.379816],[81.510673,30.380733],[81.522521,30.376863],[81.531372,30.371877],[81.554183,30.371049],[81.557861,30.37359],[81.551414,30.38401],[81.552284,30.396644],[81.554069,30.40467],[81.561775,30.410036],[81.559654,30.422418],[81.562034,30.426128],[81.568031,30.428359],[81.571327,30.427463],[81.598571,30.413639],[81.60717,30.413536],[81.614845,30.417175],[81.623291,30.427133],[81.618927,30.443281],[81.621284,30.445549],[81.624267,30.445806],[81.651603,30.437143],[81.664405,30.430662],[81.691429,30.423717],[81.717681,30.411031],[81.726936,30.410047],[81.731498,30.405971],[81.734306,30.396736],[81.751365,30.388463],[81.771804,30.38418],[81.791374,30.386215],[81.80857,30.385704],[81.813171,30.383914],[81.821311,30.376617],[81.830215,30.375061],[81.850097,30.376226],[81.856117,30.37959],[81.860755,30.379817],[81.871582,30.374776],[81.884567,30.361948],[81.895034,30.355764],[81.925651,30.348142],[81.938888,30.347953],[81.944274,30.352468],[81.946693,30.357614],[81.949691,30.358434],[81.96109,30.349641],[81.957969,30.342782],[81.960571,30.340442],[81.968475,30.338603],[81.976982,30.334167],[81.99028,30.321031],[81.99356,30.319831],[82.003921,30.32485],[82.009841,30.338851],[82.016891,30.343633],[82.020874,30.344154],[82.024818,30.342657],[82.031005,30.337955],[82.039978,30.339838],[82.056404,30.334407],[82.059555,30.342121],[82.067642,30.348896],[82.068405,30.35378],[82.082099,30.359315],[82.085723,30.358686],[82.091827,30.34996],[82.104354,30.347755],[82.108604,30.345384],[82.110847,30.342189],[82.111984,30.333538],[82.121658,30.32217],[82.119224,30.317035],[82.126594,30.305986],[82.127174,30.30253],[82.119026,30.29317],[82.116897,30.286586],[82.111083,30.278055],[82.115623,30.273954],[82.117835,30.269315],[82.118644,30.260969],[82.107582,30.25424],[82.105712,30.244493],[82.10128,30.238525],[82.101882,30.235927],[82.112236,30.225702],[82.126808,30.226903],[82.129753,30.225708],[82.13198,30.221935],[82.133064,30.211271],[82.134956,30.206928],[82.140121,30.201669],[82.154441,30.191947],[82.162963,30.18893],[82.184188,30.192037],[82.186767,30.189113],[82.188064,30.173845],[82.182929,30.16617],[82.183517,30.162704],[82.199913,30.15755],[82.205757,30.153133],[82.195137,30.136922],[82.171737,30.124656],[82.169685,30.121526],[82.174568,30.118572],[82.180183,30.118761],[82.187286,30.111742],[82.180198,30.104957],[82.181564,30.092567],[82.175506,30.087776],[82.171539,30.087558],[82.167465,30.082443],[82.172744,30.068267],[82.175651,30.065347],[82.193908,30.069929],[82.209678,30.066495],[82.219619,30.068346],[82.22982,30.067022],[82.250183,30.076446],[82.261138,30.065328],[82.283187,30.062356],[82.285118,30.060308],[82.288459,30.048463],[82.297828,30.040241],[82.305381,30.038383],[82.313667,30.039958],[82.323799,30.049278],[82.333641,30.046798],[82.343299,30.03713],[82.34645,30.031034],[82.359764,30.022449],[82.362815,30.012619],[82.379013,30.013757],[82.377899,30.021837],[82.381698,30.028377],[82.38652,30.023401],[82.396133,30.024955],[82.433502,29.989738],[82.458946,29.978616],[82.463668,29.982555],[82.466941,29.981334],[82.476272,29.972528],[82.477706,29.96416],[82.479621,29.96182],[82.485832,29.959692],[82.490325,29.954998],[82.501426,29.950754],[82.497817,29.939033],[82.494743,29.935062],[82.484596,29.925188],[82.473945,29.921651],[82.475524,29.906368],[82.474456,29.903511],[82.471397,29.899837],[82.463081,29.896829],[82.459014,29.892877],[82.460472,29.885366],[82.459564,29.875892],[82.462203,29.863466],[82.459434,29.858341],[82.447578,29.845911],[82.446144,29.841617],[82.451797,29.830863],[82.45137,29.827136],[82.442108,29.813211],[82.423515,29.807241],[82.407989,29.805511],[82.402908,29.799856],[82.405685,29.792608],[82.405815,29.784845],[82.412796,29.774932],[82.41101,29.7695],[82.401809,29.757295],[82.401382,29.753278],[82.403755,29.74345],[82.411758,29.734672],[82.414558,29.72829],[82.413047,29.720838],[82.406822,29.709161],[82.398033,29.700122],[82.38742,29.696582],[82.381202,29.697841],[82.37181,29.703777],[82.357383,29.705478],[82.348731,29.714553],[82.34317,29.715808],[82.318031,29.710514],[82.312049,29.708032],[82.298324,29.698217],[82.282424,29.693902],[82.27259,29.695228],[82.261199,29.700027],[82.244003,29.696022],[82.236183,29.699037],[82.234161,29.697055],[82.23339,29.692468],[82.236709,29.680046],[82.237731,29.667945],[82.235649,29.663375],[82.22512,29.662986],[82.220367,29.657032],[82.203643,29.65847],[82.197624,29.65426],[82.184555,29.657651],[82.171974,29.653841],[82.155914,29.655839],[82.13095,29.642463],[82.118721,29.639499],[82.114021,29.64936],[82.105056,29.659858],[82.104019,29.671955],[82.101577,29.680053],[82.102653,29.684059],[82.096862,29.689619],[82.092796,29.69889],[82.085662,29.703319],[82.080551,29.710021],[82.075996,29.712102],[82.069999,29.723131],[82.061935,29.730451],[82.063613,29.746522],[82.041648,29.749753],[82.036026,29.748407],[82.029541,29.737876],[82.014251,29.730642],[82.004974,29.712383],[81.997238,29.70445],[81.966606,29.686532],[81.954559,29.676651],[81.948593,29.674449],[81.931556,29.676715],[81.927528,29.67304],[81.920387,29.661649],[81.901802,29.668546],[81.897537,29.668895],[81.893562,29.667238],[81.879676,29.647603],[81.873817,29.634181],[81.867149,29.629392],[81.857376,29.617456],[81.848213,29.619035],[81.837669,29.617464],[81.827552,29.620481],[81.810462,29.620155],[81.797431,29.625524],[81.79251,29.625881],[81.780479,29.615419],[81.776687,29.606271],[81.777336,29.603149],[81.771842,29.605161],[81.75312,29.604537],[81.742927,29.605951],[81.716903,29.625711],[81.706657,29.640909],[81.704933,29.64602],[81.705459,29.653285],[81.701828,29.675544],[81.704544,29.685501],[81.711486,29.696416],[81.711883,29.703674],[81.717903,29.722362],[81.730545,29.731128],[81.729972,29.746948],[81.733375,29.770586],[81.739044,29.776733],[81.74295,29.786396],[81.739799,29.801887],[81.748092,29.815467],[81.754005,29.818649],[81.756942,29.825267],[81.754371,29.843107],[81.759635,29.844848],[81.768875,29.839982],[81.77777,29.839714],[81.791259,29.844347],[81.794532,29.848951],[81.79515,29.85901],[81.79969,29.879419],[81.796989,29.897514],[81.800262,29.902696],[81.796951,29.907285],[81.7826,29.912425],[81.764343,29.910717],[81.755043,29.907289],[81.732002,29.913158],[81.719154,29.912544],[81.715515,29.915405],[81.710517,29.926885],[81.699272,29.934898],[81.69725,29.94466],[81.690635,29.949237],[81.686676,29.949222],[81.677482,29.942878],[81.67221,29.941135],[81.652366,29.944683],[81.644927,29.947774],[81.631813,29.940225],[81.613868,29.941215],[81.601722,29.932838],[81.594146,29.932237],[81.587852,29.937957],[81.585212,29.938526],[81.571723,29.93416],[81.559936,29.926519],[81.554672,29.925285],[81.533859,29.926374],[81.521369,29.92447],[81.517097,29.922149],[81.514053,29.915224],[81.518264,29.904649],[81.517555,29.90233],[81.501815,29.891345],[81.494918,29.888732],[81.467727,29.890991],[81.456314,29.900127],[81.461364,29.907358],[81.462776,29.917034],[81.465095,29.921995],[81.45935,29.934234],[81.459945,29.942857],[81.456291,29.947431],[81.455596,29.952308],[81.468734,29.95841],[81.473579,29.972507],[81.472557,29.976526],[81.465568,29.985963],[81.466156,29.996309],[81.460838,30.002027],[81.451255,30.004566],[81.445617,30.008272],[81.446273,30.009424],[81.432083,30.010498],[81.412879,30.02045],[81.404617,30.022413],[81.392463,30.016897],[81.385589,30.010246],[81.380332,30.007923],[81.371734,30.011318],[81.359222,30.009241],[81.350234,30.019235],[81.332031,30.026597],[81.320487,30.027107],[81.31594,30.032037],[81.304283,30.031307],[81.283432,30.04037],[81.281425,30.043226],[81.274482,30.045192],[81.272811,30.047199],[81.279357,30.06224],[81.28836,30.069332],[81.290908,30.086547],[81.290565,30.108951],[81.289634,30.112699],[81.279899,30.124572],[81.261322,30.140838],[81.257751,30.145174],[81.257461,30.147764],[81.26213,30.151741],[81.302467,30.157672],[81.307197,30.165088],[81.310798,30.163049],[81.313323,30.154975],[81.316246,30.1515],[81.328445,30.151094],[81.333412,30.152479],[81.334747,30.153617],[81.335174,30.159929],[81.35292,30.17756],[81.362579,30.183496],[81.370208,30.185716],[81.380958,30.198532],[81.394607,30.20615],[81.396965,30.209285],[81.397132,30.220195],[81.390342,30.229753],[81.392425,30.236911],[81.397132,30.242029],[81.394294,30.251543],[81.410003,30.263442],[81.416496,30.27774],[81.416229,30.281772],[81.411949,30.282966],[81.40464,30.280456],[81.401679,30.281347],[81.404067,30.286203],[81.401519,30.292549],[81.418495,30.300416],[81.421516,30.303544],[81.42192,30.308423],[81.421295,30.311017],[81.417694,30.31307],[81.401893,30.317831],[81.398956,30.320161],[81.398056,30.3262],[81.405799,30.335889],[81.401847,30.359201]]]}},{"type":"Feature","properties":{"DISTRICT":"JUMLA","HQ":"CHANDANNATH","PROVINCE":6},"geometry":{"type":"Polygon","coordinates":[[[82.560302,29.411167],[82.560615,29.405706],[82.549751,29.379875],[82.553352,29.374706],[82.565147,29.368078],[82.56842,29.364339],[82.571693,29.358013],[82.572654,29.348249],[82.575271,29.34163],[82.589012,29.325521],[82.590614,29.309144],[82.589622,29.304561],[82.582397,29.296813],[82.557792,29.284515],[82.553848,29.277633],[82.55088,29.265287],[82.538742,29.254112],[82.536766,29.249233],[82.539047,29.241477],[82.537727,29.235738],[82.544258,29.225097],[82.547836,29.210445],[82.55307,29.206123],[82.579895,29.193719],[82.583816,29.189117],[82.579864,29.179361],[82.573959,29.172767],[82.550376,29.163053],[82.52713,29.162233],[82.517959,29.157653],[82.511413,29.157091],[82.488418,29.16176],[82.478927,29.161664],[82.443679,29.15316],[82.438964,29.148078],[82.435165,29.140668],[82.422973,29.137458],[82.417633,29.133247],[82.41896,29.109628],[82.412544,29.095676],[82.359649,29.114767],[82.343345,29.115768],[82.319778,29.108783],[82.309738,29.116622],[82.288536,29.117372],[82.280776,29.124326],[82.277839,29.124349],[82.268318,29.118967],[82.26757,29.109497],[82.263244,29.101198],[82.259986,29.101507],[82.252868,29.107021],[82.230934,29.100006],[82.227294,29.094867],[82.2191,29.09033],[82.20671,29.091571],[82.204399,29.088146],[82.205314,29.081529],[82.201675,29.076101],[82.183631,29.065319],[82.17517,29.067104],[82.168304,29.065135],[82.152503,29.049167],[82.14878,29.033391],[82.135025,29.026884],[82.120223,29.011758],[82.120506,29.006589],[82.124008,28.997076],[82.122337,28.99278],[82.10958,28.987127],[82.089584,28.972612],[82.079803,28.971813],[82.063858,28.974218],[82.054122,28.97859],[82.04441,28.986988],[82.042823,28.991586],[82.044548,29.003641],[82.040046,29.011428],[82.030982,29.019525],[82.011528,29.032001],[82.009246,29.032014],[82.011459,29.033638],[82.017959,29.060852],[82.015907,29.071235],[82.019447,29.082969],[82.01538,29.091087],[81.994781,29.105228],[81.983085,29.108303],[81.9635,29.124431],[81.953445,29.128051],[81.95153,29.130096],[81.948844,29.141641],[81.943122,29.149209],[81.922393,29.158161],[81.916687,29.166591],[81.909248,29.170164],[81.90702,29.173069],[81.906806,29.178249],[81.908218,29.183113],[81.911911,29.18737],[81.912414,29.195703],[81.914459,29.199403],[81.910606,29.202922],[81.910354,29.206371],[81.902343,29.214263],[81.880058,29.22783],[81.874488,29.227346],[81.869941,29.228857],[81.860404,29.242225],[81.847114,29.248468],[81.841896,29.249122],[81.837783,29.25608],[81.839828,29.260076],[81.852714,29.265628],[81.860092,29.274145],[81.872116,29.269933],[81.878349,29.270704],[81.88002,29.272111],[81.881874,29.282432],[81.891464,29.28689],[81.895812,29.291418],[81.900726,29.306873],[81.909835,29.319381],[81.927352,29.326581],[81.930381,29.330272],[81.931495,29.336288],[81.930076,29.346664],[81.926689,29.356489],[81.928833,29.364795],[81.927574,29.382646],[81.931716,29.392065],[81.92897,29.401597],[81.931304,29.418811],[81.931053,29.437511],[81.939323,29.440826],[81.949516,29.442106],[81.966682,29.447298],[81.980438,29.461744],[81.983917,29.470605],[81.986557,29.471426],[82.007904,29.472518],[82.011482,29.471021],[82.016937,29.465471],[82.022583,29.468826],[82.029472,29.468715],[82.033134,29.471248],[82.038566,29.479207],[82.044204,29.481994],[82.060897,29.480283],[82.076042,29.482622],[82.083877,29.480758],[82.090003,29.476057],[82.099174,29.461235],[82.103721,29.45915],[82.107002,29.459091],[82.117683,29.467248],[82.126892,29.468246],[82.133064,29.465553],[82.142387,29.457336],[82.144721,29.444932],[82.143165,29.434606],[82.147918,29.427618],[82.15538,29.424041],[82.164382,29.416694],[82.176765,29.413314],[82.189064,29.40648],[82.197364,29.410646],[82.218307,29.408842],[82.221008,29.411956],[82.222465,29.417974],[82.227951,29.427938],[82.242935,29.436872],[82.254013,29.433799],[82.267974,29.441316],[82.277191,29.442583],[82.29029,29.441478],[82.296241,29.443384],[82.299636,29.447927],[82.298477,29.453987],[82.301574,29.459682],[82.30149,29.469465],[82.304267,29.475746],[82.303123,29.482381],[82.306739,29.495548],[82.314178,29.504335],[82.323814,29.508756],[82.330375,29.508636],[82.337196,29.50592],[82.343643,29.501199],[82.349037,29.4939],[82.355514,29.490325],[82.367004,29.490402],[82.383666,29.499868],[82.386962,29.500379],[82.391174,29.498291],[82.410919,29.462524],[82.414505,29.448932],[82.435714,29.44449],[82.444648,29.447195],[82.455551,29.462238],[82.474945,29.47566],[82.487419,29.487791],[82.496078,29.492509],[82.503616,29.493099],[82.50917,29.470405],[82.506523,29.446002],[82.511108,29.437667],[82.514701,29.423297],[82.522247,29.420127],[82.544891,29.418941],[82.552429,29.416635],[82.560302,29.411167]]]}},{"type":"Feature","properties":{"DISTRICT":"KALIKOT","HQ":"MANMA","PROVINCE":6},"geometry":{"type":"Polygon","coordinates":[[[81.931053,29.437511],[81.931304,29.418811],[81.92897,29.401597],[81.931716,29.392065],[81.927574,29.382646],[81.928833,29.364795],[81.926689,29.356489],[81.930076,29.346664],[81.931495,29.336288],[81.930381,29.330272],[81.927352,29.326581],[81.909835,29.319381],[81.900726,29.306873],[81.895812,29.291418],[81.891464,29.28689],[81.881874,29.282432],[81.88002,29.272111],[81.878349,29.270704],[81.872116,29.269933],[81.860092,29.274145],[81.852714,29.265628],[81.839828,29.260076],[81.837783,29.25608],[81.841896,29.249122],[81.847114,29.248468],[81.860404,29.242225],[81.869941,29.228857],[81.874488,29.227346],[81.880058,29.22783],[81.902343,29.214263],[81.910354,29.206371],[81.910606,29.202922],[81.914459,29.199403],[81.912414,29.195703],[81.911911,29.18737],[81.908218,29.183113],[81.906806,29.178249],[81.90702,29.173069],[81.909248,29.170164],[81.916687,29.166591],[81.922393,29.158161],[81.943122,29.149209],[81.948844,29.141641],[81.95153,29.130096],[81.953445,29.128051],[81.966407,29.122667],[81.975997,29.113019],[81.983085,29.108303],[81.994781,29.105228],[82.002807,29.098772],[82.012504,29.094007],[82.01728,29.088464],[82.019378,29.080093],[82.015907,29.071235],[82.017959,29.060852],[82.01538,29.047945],[82.011459,29.033638],[82.007278,29.03059],[82.00164,29.017696],[81.997047,29.013994],[81.987899,29.011175],[81.982292,29.001443],[81.952514,28.98438],[81.921958,28.977455],[81.910095,28.983823],[81.899581,28.980829],[81.891448,28.981824],[81.885848,28.979612],[81.882499,28.975639],[81.874954,28.973747],[81.872909,28.970039],[81.86766,28.968685],[81.851066,28.970958],[81.836898,28.980096],[81.821945,28.983205],[81.801124,29.001916],[81.7919,29.013845],[81.785446,29.017395],[81.769783,29.017919],[81.756614,29.012649],[81.747772,29.01106],[81.742576,29.012567],[81.736175,29.018991],[81.731315,29.02079],[81.719856,29.018941],[81.717918,29.020118],[81.7164,29.025894],[81.70475,29.030946],[81.701927,29.037021],[81.691711,29.048667],[81.666793,29.043561],[81.657577,29.039953],[81.64225,29.040744],[81.633171,29.044029],[81.627563,29.040948],[81.621665,29.040172],[81.615043,29.035087],[81.609535,29.037172],[81.599868,29.044202],[81.569305,29.050937],[81.565147,29.055595],[81.563659,29.063657],[81.566711,29.087474],[81.582214,29.113416],[81.583251,29.116565],[81.582183,29.129228],[81.579147,29.133077],[81.568389,29.126066],[81.552436,29.128469],[81.539131,29.133825],[81.531547,29.148004],[81.528968,29.150051],[81.521812,29.151865],[81.502182,29.15068],[81.499282,29.153018],[81.497192,29.163963],[81.488502,29.171827],[81.490669,29.183586],[81.483093,29.199201],[81.488754,29.22355],[81.499443,29.236345],[81.498863,29.240671],[81.495056,29.247322],[81.494903,29.257671],[81.491722,29.262599],[81.473442,29.264833],[81.470199,29.266597],[81.469581,29.268615],[81.470909,29.27004],[81.489097,29.281023],[81.497413,29.288957],[81.504432,29.297496],[81.509231,29.309787],[81.524726,29.315917],[81.533081,29.325582],[81.545677,29.334329],[81.554847,29.352895],[81.558166,29.355434],[81.567504,29.346694],[81.570487,29.348663],[81.576896,29.358928],[81.580551,29.361751],[81.587463,29.363672],[81.598281,29.364391],[81.616058,29.369337],[81.629478,29.368869],[81.641105,29.36009],[81.644927,29.354003],[81.645812,29.349103],[81.643524,29.331604],[81.655418,29.32023],[81.661262,29.317564],[81.682922,29.320133],[81.68618,29.319227],[81.698448,29.32711],[81.714866,29.329465],[81.723106,29.332223],[81.74504,29.332191],[81.748039,29.334741],[81.745231,29.341674],[81.74662,29.345684],[81.754585,29.351032],[81.762702,29.363853],[81.774093,29.376333],[81.775177,29.381492],[81.779914,29.388902],[81.786926,29.39541],[81.804878,29.424179],[81.808723,29.436201],[81.807434,29.456895],[81.822525,29.453527],[81.847587,29.460638],[81.868484,29.456005],[81.883354,29.446004],[81.89019,29.443313],[81.904014,29.44598],[81.923934,29.44222],[81.931053,29.437511]]]}},{"type":"Feature","properties":{"DISTRICT":"MUGU","HQ":"GAMGHADI","PROVINCE":6},"geometry":{"type":"Polygon","coordinates":[[[82.501426,29.950754],[82.503227,29.947959],[82.509826,29.948526],[82.513786,29.950536],[82.523025,29.957988],[82.528968,29.968896],[82.53128,29.969758],[82.544807,29.964857],[82.550079,29.959682],[82.56327,29.954216],[82.567543,29.934389],[82.576766,29.923461],[82.586982,29.920289],[82.58995,29.917415],[82.589942,29.910232],[82.594551,29.905637],[82.602119,29.890975],[82.615615,29.880899],[82.633743,29.876274],[82.642967,29.870794],[82.643287,29.865919],[82.635696,29.860477],[82.63272,29.857034],[82.631729,29.85301],[82.620834,29.843265],[82.620826,29.8404],[82.62445,29.836942],[82.637954,29.833757],[82.667633,29.842884],[82.67884,29.843441],[82.687751,29.851167],[82.695014,29.854316],[82.700279,29.850856],[82.71244,29.837606],[82.724632,29.837003],[82.728553,29.824935],[82.734786,29.815151],[82.734451,29.812562],[82.730804,29.805107],[82.724868,29.801103],[82.711006,29.793378],[82.701782,29.793125],[82.697166,29.79055],[82.696815,29.782506],[82.688896,29.774768],[82.689193,29.76271],[82.695777,29.760681],[82.700721,29.761526],[82.704345,29.762384],[82.707977,29.766395],[82.711601,29.767532],[82.714561,29.76523],[82.717521,29.765506],[82.721488,29.769519],[82.724784,29.770364],[82.742233,29.768594],[82.753746,29.765117],[82.757362,29.761087],[82.765846,29.73751],[82.762527,29.730049],[82.770751,29.727725],[82.776336,29.723686],[82.781936,29.723379],[82.789817,29.718763],[82.81221,29.720123],[82.816818,29.719818],[82.820098,29.717794],[82.820747,29.714056],[82.815116,29.704603],[82.815101,29.701438],[82.819358,29.694822],[82.827888,29.687891],[82.829383,29.648817],[82.828056,29.6471],[82.813896,29.64256],[82.803344,29.636844],[82.801033,29.634563],[82.799034,29.626523],[82.802589,29.609275],[82.815299,29.581077],[82.819496,29.559522],[82.806304,29.549804],[82.790451,29.52831],[82.789108,29.519983],[82.786468,29.517412],[82.774963,29.515729],[82.76509,29.510873],[82.744377,29.506065],[82.734855,29.50638],[82.732879,29.504081],[82.731147,29.49938],[82.730247,29.477207],[82.737144,29.46701],[82.736724,29.464731],[82.721427,29.440681],[82.718002,29.429698],[82.713783,29.425487],[82.694816,29.421251],[82.682022,29.405143],[82.662315,29.397436],[82.65409,29.388551],[82.650482,29.38799],[82.630157,29.396085],[82.628532,29.40327],[82.631195,29.418191],[82.629226,29.421073],[82.625946,29.421939],[82.590171,29.420009],[82.580978,29.415143],[82.560302,29.411167],[82.552429,29.416635],[82.544891,29.418941],[82.522247,29.420127],[82.514701,29.423297],[82.511108,29.437667],[82.506523,29.446002],[82.50917,29.470405],[82.503616,29.493099],[82.496078,29.492509],[82.487419,29.487791],[82.474945,29.47566],[82.455551,29.462238],[82.444648,29.447195],[82.435714,29.44449],[82.414505,29.448932],[82.410919,29.462524],[82.391174,29.498291],[82.386962,29.500379],[82.383666,29.499868],[82.367004,29.490402],[82.355514,29.490325],[82.349037,29.4939],[82.340751,29.503549],[82.330375,29.508636],[82.323814,29.508756],[82.314178,29.504335],[82.306739,29.495548],[82.303123,29.482381],[82.304267,29.475746],[82.30149,29.469465],[82.301574,29.459682],[82.298477,29.453987],[82.299636,29.447927],[82.296241,29.443384],[82.29029,29.441478],[82.277191,29.442583],[82.267974,29.441316],[82.254013,29.433799],[82.242935,29.436872],[82.227951,29.427938],[82.222465,29.417974],[82.221008,29.411956],[82.218307,29.408842],[82.197364,29.410646],[82.189064,29.40648],[82.176765,29.413314],[82.164382,29.416694],[82.145362,29.430541],[82.143165,29.434606],[82.144721,29.444932],[82.142387,29.457336],[82.133064,29.465553],[82.126892,29.468246],[82.121322,29.468338],[82.117683,29.467248],[82.107002,29.459091],[82.103721,29.45915],[82.099174,29.461235],[82.090003,29.476057],[82.079643,29.482269],[82.060897,29.480283],[82.044204,29.481994],[82.038566,29.479207],[82.033134,29.471248],[82.029472,29.468715],[82.022583,29.468826],[82.016937,29.465471],[82.011482,29.471021],[82.007904,29.472518],[81.986557,29.471426],[81.983917,29.470605],[81.980438,29.461744],[81.966682,29.447298],[81.949516,29.442106],[81.939323,29.440826],[81.931053,29.437511],[81.923934,29.44222],[81.904014,29.44598],[81.89019,29.443313],[81.883354,29.446004],[81.868484,29.456005],[81.847587,29.460638],[81.822525,29.453527],[81.807434,29.456895],[81.80484,29.47104],[81.794723,29.489873],[81.781898,29.507843],[81.785285,29.52246],[81.792465,29.528854],[81.794006,29.5391],[81.799972,29.554046],[81.799858,29.576452],[81.791206,29.59354],[81.779251,29.599407],[81.776687,29.606271],[81.780479,29.615419],[81.791183,29.625036],[81.79515,29.626129],[81.810462,29.620155],[81.827552,29.620481],[81.837669,29.617464],[81.848213,29.619035],[81.857376,29.617456],[81.867149,29.629392],[81.873817,29.634181],[81.879676,29.647603],[81.893562,29.667238],[81.897537,29.668895],[81.901802,29.668546],[81.920387,29.661649],[81.927528,29.67304],[81.931556,29.676715],[81.948593,29.674449],[81.954559,29.676651],[81.966606,29.686532],[81.997238,29.70445],[82.004974,29.712383],[82.014251,29.730642],[82.029541,29.737876],[82.036026,29.748407],[82.041648,29.749753],[82.063613,29.746522],[82.061935,29.730451],[82.069999,29.723131],[82.075996,29.712102],[82.080551,29.710021],[82.085662,29.703319],[82.092796,29.69889],[82.096862,29.689619],[82.102653,29.684059],[82.101577,29.680053],[82.104019,29.671955],[82.105056,29.659858],[82.114021,29.64936],[82.118721,29.639499],[82.13095,29.642463],[82.155914,29.655839],[82.171974,29.653841],[82.184555,29.657651],[82.197624,29.65426],[82.203643,29.65847],[82.220367,29.657032],[82.22512,29.662986],[82.235649,29.663375],[82.237731,29.667945],[82.236709,29.680046],[82.23339,29.692468],[82.234161,29.697055],[82.236183,29.699037],[82.244003,29.696022],[82.261199,29.700027],[82.27259,29.695228],[82.282424,29.693902],[82.298324,29.698217],[82.312049,29.708032],[82.318031,29.710514],[82.34317,29.715808],[82.348731,29.714553],[82.357383,29.705478],[82.37181,29.703777],[82.38446,29.696632],[82.390708,29.696804],[82.396034,29.699008],[82.406822,29.709161],[82.411994,29.718271],[82.414512,29.726568],[82.411758,29.734672],[82.403755,29.74345],[82.401634,29.750394],[82.401809,29.757295],[82.412734,29.772344],[82.411888,29.77782],[82.405815,29.784845],[82.405685,29.792608],[82.40316,29.796972],[82.403961,29.802425],[82.411308,29.8066],[82.423515,29.807241],[82.442108,29.813211],[82.45137,29.827136],[82.451797,29.830863],[82.446144,29.841617],[82.447578,29.845911],[82.459434,29.858341],[82.462203,29.863466],[82.459564,29.875892],[82.460472,29.885366],[82.459014,29.892877],[82.463081,29.896829],[82.471397,29.899837],[82.474456,29.903511],[82.475524,29.906368],[82.473945,29.921651],[82.484596,29.925188],[82.494743,29.935062],[82.497817,29.939033],[82.501426,29.950754]]]}},{"type":"Feature","properties":{"DISTRICT":"BANKE","HQ":"NEPALGANJ","PROVINCE":5},"geometry":{"type":"Polygon","coordinates":[[[82.015975,28.160297],[82.01828,28.153686],[82.022819,28.149112],[82.036636,28.150966],[82.037017,28.1403],[82.043243,28.133218],[82.04354,28.124059],[82.050315,28.115589],[82.062911,28.105401],[82.073989,28.103309],[82.077812,28.100618],[82.085357,28.100437],[82.087814,28.0969],[82.097145,28.0995],[82.10791,28.090148],[82.114059,28.089691],[82.118583,28.091323],[82.121055,28.08745],[82.144905,28.082183],[82.151687,28.076704],[82.151016,28.073001],[82.14199,28.062454],[82.142127,28.0589],[82.145553,28.05632],[82.163246,28.050142],[82.173965,28.048879],[82.185783,28.03897],[82.193534,28.03553],[82.195152,28.026819],[82.191932,28.019876],[82.19239,28.006467],[82.19001,27.996374],[82.195831,27.979585],[82.196228,27.957801],[82.182754,27.954763],[82.177337,27.955392],[82.171783,27.958486],[82.154235,27.963644],[82.14418,27.961288],[82.139083,27.962036],[82.127677,27.953144],[82.118652,27.95193],[82.115165,27.953483],[82.103546,27.950069],[82.097091,27.951877],[82.082542,27.951391],[82.076225,27.948471],[82.074363,27.944799],[82.071174,27.923242],[82.067001,27.921642],[82.049606,27.923784],[82.03218,27.923343],[82.006401,27.925552],[81.989662,27.929412],[81.972229,27.9281],[81.966712,27.924402],[81.938331,27.887262],[81.929229,27.878423],[81.927795,27.8612],[81.912925,27.85613],[81.903884,27.855039],[81.887779,27.856008],[81.877235,27.86757],[81.830108,27.900035],[81.819488,27.903554],[81.807876,27.902187],[81.804344,27.904216],[81.768096,27.930564],[81.754333,27.945856],[81.743431,27.955112],[81.699127,27.987506],[81.692687,27.989545],[81.669456,27.989662],[81.644317,27.99323],[81.635002,28.00045],[81.625022,28.004228],[81.614418,28.012313],[81.576438,28.030853],[81.544593,28.051939],[81.505813,28.068948],[81.509178,28.072172],[81.519531,28.076152],[81.522773,28.080163],[81.523109,28.083032],[81.515388,28.089376],[81.507682,28.098587],[81.507049,28.102325],[81.509651,28.10576],[81.509017,28.108625],[81.504837,28.112375],[81.504234,28.122138],[81.501655,28.123872],[81.505546,28.127586],[81.501708,28.137651],[81.501731,28.141956],[81.505943,28.146251],[81.515655,28.150522],[81.520195,28.155099],[81.523498,28.170873],[81.530357,28.188077],[81.534263,28.194087],[81.54042,28.198089],[81.552391,28.201484],[81.558547,28.20491],[81.562469,28.213502],[81.56958,28.213769],[81.572822,28.215763],[81.586166,28.23351],[81.594253,28.2352],[81.599731,28.232023],[81.603294,28.232578],[81.607841,28.236297],[81.612411,28.245178],[81.626373,28.256599],[81.646148,28.265419],[81.656509,28.267951],[81.668525,28.275941],[81.674705,28.282802],[81.675109,28.296869],[81.677413,28.304327],[81.688476,28.314611],[81.697929,28.326913],[81.704429,28.330904],[81.710571,28.330305],[81.718948,28.323659],[81.738311,28.314952],[81.744789,28.314626],[81.74694,28.316419],[81.753944,28.310583],[81.764038,28.30982],[81.767158,28.306219],[81.785522,28.294881],[81.794059,28.280878],[81.798332,28.280258],[81.80516,28.284635],[81.81163,28.2838],[81.838569,28.275058],[81.862648,28.254783],[81.8638,28.241495],[81.872917,28.240488],[81.88021,28.243255],[81.910186,28.232784],[81.917503,28.22805],[81.925575,28.212999],[81.932952,28.209346],[81.943061,28.20083],[81.964027,28.192218],[81.96611,28.188043],[81.970451,28.184499],[81.976013,28.182958],[81.984428,28.177474],[82.001602,28.159797],[82.005798,28.158599],[82.015975,28.160297]]]}},{"type":"Feature","properties":{"DISTRICT":"BARDIYA","HQ":"GULARIYA","PROVINCE":5},"geometry":{"type":"Polygon","coordinates":[[[81.28897,28.67032],[81.306358,28.655912],[81.320602,28.636957],[81.346862,28.625715],[81.366317,28.621088],[81.382835,28.610729],[81.396774,28.606391],[81.410049,28.597757],[81.417831,28.595439],[81.42527,28.587966],[81.426872,28.579921],[81.430755,28.576469],[81.443023,28.557786],[81.451438,28.553747],[81.466674,28.552551],[81.477012,28.54133],[81.50711,28.526895],[81.51744,28.514806],[81.534584,28.504991],[81.541671,28.494632],[81.5569,28.49257],[81.580146,28.473545],[81.608253,28.455348],[81.618278,28.450721],[81.636009,28.43371],[81.648277,28.425043],[81.666687,28.414915],[81.680618,28.415435],[81.70285,28.39495],[81.721893,28.383369],[81.748069,28.374341],[81.767143,28.370222],[81.757003,28.353908],[81.755981,28.34587],[81.748077,28.323804],[81.74694,28.316419],[81.744789,28.314626],[81.738311,28.314952],[81.725082,28.320465],[81.710571,28.330305],[81.702484,28.330341],[81.677413,28.304327],[81.675109,28.296869],[81.674705,28.282802],[81.668525,28.275941],[81.656509,28.267951],[81.646148,28.265419],[81.626373,28.256599],[81.612411,28.245178],[81.607841,28.236297],[81.603294,28.232578],[81.599731,28.232023],[81.594253,28.2352],[81.586166,28.23351],[81.572822,28.215763],[81.56958,28.213769],[81.562469,28.213502],[81.558547,28.20491],[81.552391,28.201484],[81.54042,28.198089],[81.534263,28.194087],[81.530357,28.188077],[81.523498,28.170873],[81.520195,28.155099],[81.515655,28.150522],[81.505943,28.146251],[81.501731,28.141956],[81.501708,28.137651],[81.505546,28.127586],[81.501655,28.123872],[81.504234,28.122138],[81.504837,28.112375],[81.509017,28.108625],[81.509651,28.10576],[81.507049,28.102325],[81.507682,28.098587],[81.515388,28.089376],[81.523109,28.083032],[81.522773,28.080163],[81.519531,28.076152],[81.509178,28.072172],[81.505813,28.068948],[81.488227,28.078847],[81.482437,28.084323],[81.481185,28.092935],[81.485778,28.111581],[81.48484,28.1179],[81.455833,28.134357],[81.452949,28.139247],[81.452659,28.148427],[81.44754,28.161079],[81.436256,28.168579],[81.429481,28.171175],[81.412048,28.174667],[81.394599,28.173286],[81.377807,28.175333],[81.370994,28.163869],[81.371307,28.161289],[81.379371,28.157245],[81.376441,28.150083],[81.370285,28.142925],[81.358001,28.140077],[81.341209,28.139833],[81.32537,28.13327],[81.319885,28.133852],[81.318595,28.136157],[81.319259,28.141027],[81.322814,28.145038],[81.329605,28.147607],[81.328643,28.149908],[81.320594,28.158821],[81.315414,28.155389],[81.30735,28.160285],[81.304458,28.166603],[81.30899,28.168033],[81.319969,28.167148],[81.325141,28.169713],[81.325469,28.17259],[81.320968,28.180633],[81.32164,28.192401],[81.320365,28.198137],[81.305541,28.214813],[81.282958,28.23236],[81.260047,28.255075],[81.236503,28.286094],[81.235557,28.303888],[81.237518,28.318241],[81.236228,28.323408],[81.215248,28.356716],[81.210716,28.359304],[81.20037,28.36161],[81.147636,28.36997],[81.114639,28.377727],[81.092315,28.380889],[81.079696,28.386054],[81.063842,28.397523],[81.060798,28.397205],[81.063835,28.406991],[81.076126,28.427656],[81.082916,28.448312],[81.08583,28.452041],[81.093925,28.455192],[81.104606,28.464946],[81.113998,28.469829],[81.136993,28.488468],[81.141853,28.493629],[81.150276,28.508262],[81.167778,28.521457],[81.189826,28.552436],[81.203125,28.564188],[81.226821,28.605487],[81.23104,28.608358],[81.247261,28.614082],[81.2583,28.624977],[81.275505,28.632703],[81.27713,28.636436],[81.286872,28.644166],[81.291427,28.652202],[81.291114,28.662244],[81.28897,28.67032]]]}},{"type":"Feature","properties":{"DISTRICT":"SURKHET","HQ":"BIRENDRANAGAR","PROVINCE":6},"geometry":{"type":"Polygon","coordinates":[[[81.097496,28.961862],[81.115066,28.9633],[81.120597,28.961294],[81.135574,28.947528],[81.143707,28.943229],[81.148918,28.935482],[81.16909,28.919706],[81.183731,28.913969],[81.19609,28.911964],[81.211051,28.903923],[81.240318,28.904767],[81.24813,28.911945],[81.251708,28.910793],[81.258857,28.903617],[81.264389,28.901891],[81.270889,28.90504],[81.2761,28.91279],[81.28424,28.919664],[81.303436,28.923666],[81.318717,28.917625],[81.32521,28.907285],[81.328468,28.905559],[81.333671,28.905841],[81.335296,28.904117],[81.342109,28.891765],[81.349906,28.889175],[81.36975,28.889432],[81.380813,28.894586],[81.394821,28.905464],[81.415657,28.911176],[81.431915,28.907411],[81.443603,28.897344],[81.46408,28.892129],[81.467323,28.886671],[81.463722,28.880075],[81.46273,28.873191],[81.467575,28.860549],[81.464302,28.85223],[81.477615,28.843881],[81.488655,28.84012],[81.506454,28.812519],[81.522674,28.803293],[81.523307,28.798978],[81.519065,28.792106],[81.517395,28.778621],[81.52777,28.772848],[81.531005,28.769107],[81.534225,28.759908],[81.533561,28.756469],[81.522491,28.748464],[81.524108,28.74645],[81.536125,28.745262],[81.56929,28.753204],[81.566642,28.740579],[81.566268,28.727659],[81.554527,28.715641],[81.552551,28.706745],[81.565467,28.688049],[81.577117,28.678251],[81.586837,28.673913],[81.599449,28.66238],[81.607223,28.658052],[81.613716,28.657455],[81.618911,28.658868],[81.633247,28.670301],[81.642692,28.67572],[81.672576,28.679044],[81.692031,28.672939],[81.704635,28.661979],[81.713058,28.657346],[81.727325,28.654409],[81.738639,28.646322],[81.752586,28.643386],[81.770385,28.634971],[81.778816,28.633207],[81.781425,28.634632],[81.783081,28.639793],[81.780838,28.645544],[81.781509,28.648704],[81.793556,28.654384],[81.79589,28.664138],[81.798507,28.667284],[81.811874,28.675544],[81.813194,28.678405],[81.809692,28.690485],[81.810043,28.694505],[81.814628,28.700798],[81.81668,28.717451],[81.820274,28.720588],[81.840362,28.711585],[81.858421,28.691673],[81.865478,28.677556],[81.86959,28.662609],[81.872817,28.658569],[81.877601,28.646472],[81.88668,28.644411],[81.910377,28.643991],[81.930496,28.641576],[81.944747,28.63747],[81.963279,28.639938],[81.976585,28.639856],[81.991874,28.642631],[82.00193,28.641706],[82.031494,28.642948],[82.036994,28.640899],[82.036636,28.636301],[82.030143,28.636638],[82.022583,28.625764],[82.022224,28.622041],[82.025093,28.615695],[82.024085,28.611974],[82.009162,28.61264],[82.005249,28.610658],[82.005531,28.605777],[82.010643,28.595975],[82.007362,28.591115],[82.002136,28.587129],[82.001747,28.579376],[81.997795,28.572502],[81.998397,28.566759],[82.001274,28.560991],[82.018287,28.539339],[82.020118,28.526109],[82.026557,28.52003],[82.021598,28.509155],[82.025695,28.495044],[82.022727,28.48961],[82.012252,28.477901],[82.012176,28.468997],[82.009231,28.466152],[81.990028,28.456796],[81.985069,28.445055],[81.980842,28.443645],[81.969215,28.448314],[81.965972,28.448627],[81.964347,28.447196],[81.967849,28.439994],[81.963562,28.430259],[81.963851,28.426235],[81.976638,28.405185],[81.982421,28.399112],[81.988876,28.396196],[81.979736,28.387931],[81.977745,28.381912],[81.979896,28.368398],[81.983413,28.362339],[81.980812,28.361495],[81.969711,28.350654],[81.955757,28.346723],[81.928092,28.32938],[81.916076,28.324283],[81.902221,28.33299],[81.898666,28.333297],[81.893791,28.331033],[81.887969,28.331644],[81.885093,28.336824],[81.886558,28.359794],[81.883987,28.362112],[81.8759,28.363304],[81.854652,28.372081],[81.846183,28.373819],[81.8404,28.380165],[81.821617,28.380847],[81.810012,28.388952],[81.803215,28.389566],[81.788291,28.385049],[81.780845,28.386232],[81.775337,28.38512],[81.770782,28.38198],[81.767143,28.370222],[81.730613,28.379592],[81.711242,28.389162],[81.70285,28.39495],[81.680618,28.415435],[81.666687,28.414915],[81.648277,28.425043],[81.636009,28.43371],[81.618278,28.450721],[81.608253,28.455348],[81.580146,28.473545],[81.5569,28.49257],[81.541671,28.494632],[81.534584,28.504991],[81.51744,28.514806],[81.509048,28.525453],[81.488342,28.536993],[81.477012,28.54133],[81.466674,28.552551],[81.451438,28.553747],[81.443023,28.557786],[81.430755,28.576469],[81.426872,28.579921],[81.42527,28.587966],[81.417831,28.595439],[81.410049,28.597757],[81.396774,28.606391],[81.382835,28.610729],[81.366317,28.621088],[81.346862,28.625715],[81.320602,28.636957],[81.306358,28.655912],[81.28897,28.67032],[81.28012,28.694108],[81.270713,28.701011],[81.267799,28.705316],[81.272354,28.716215],[81.271385,28.72397],[81.257751,28.730007],[81.256782,28.732017],[81.261016,28.742055],[81.259719,28.746646],[81.25193,28.758134],[81.248695,28.775642],[81.243179,28.783679],[81.235061,28.786834],[81.231819,28.792295],[81.233772,28.797744],[81.242546,28.804052],[81.242225,28.808639],[81.234428,28.815246],[81.232482,28.829881],[81.227615,28.835046],[81.211364,28.845386],[81.208114,28.858587],[81.203567,28.860021],[81.201614,28.858018],[81.198036,28.837358],[81.198684,28.831327],[81.206481,28.824443],[81.209083,28.819847],[81.204208,28.816125],[81.18341,28.824447],[81.175285,28.833627],[81.169761,28.833919],[81.162292,28.82904],[81.158065,28.82847],[81.156112,28.832481],[81.155784,28.845106],[81.149932,28.854572],[81.143424,28.870069],[81.140174,28.870071],[81.133026,28.865186],[81.126205,28.849695],[81.108985,28.844808],[81.103782,28.844806],[81.090774,28.857143],[81.076469,28.864009],[81.072227,28.874336],[81.061828,28.872896],[81.054351,28.873754],[81.040023,28.890094],[81.020797,28.918186],[80.989227,28.932481],[80.984336,28.937356],[80.985633,28.941373],[81.001869,28.953153],[81.008697,28.954603],[81.023338,28.952033],[81.030807,28.960647],[81.045104,28.969842],[81.048675,28.974151],[81.052261,28.974157],[81.061698,28.969291],[81.076347,28.964998],[81.091316,28.963859],[81.097496,28.961862]]]}},{"type":"Feature","properties":{"DISTRICT":"DAILEKH","HQ":"NARAYAN","PROVINCE":6},"geometry":{"type":"Polygon","coordinates":[[[81.921958,28.977455],[81.919517,28.970209],[81.919471,28.964172],[81.920654,28.946363],[81.926422,28.932834],[81.925392,28.925373],[81.921127,28.920797],[81.904769,28.909404],[81.896888,28.899675],[81.892272,28.890798],[81.887611,28.87474],[81.881362,28.86444],[81.879348,28.855833],[81.880859,28.838308],[81.889472,28.813558],[81.894279,28.802623],[81.908164,28.789043],[81.910079,28.783576],[81.9094,28.780136],[81.905143,28.775274],[81.891769,28.769029],[81.883598,28.762756],[81.881622,28.759033],[81.880577,28.74784],[81.878608,28.74555],[81.857101,28.736768],[81.835655,28.736877],[81.829124,28.732034],[81.81668,28.717451],[81.814628,28.700798],[81.810043,28.694505],[81.809692,28.690485],[81.813194,28.678405],[81.811874,28.675544],[81.798507,28.667284],[81.79589,28.664138],[81.793556,28.654384],[81.781509,28.648704],[81.782409,28.636634],[81.781425,28.634632],[81.77687,28.633213],[81.752586,28.643386],[81.738639,28.646322],[81.727325,28.654409],[81.713058,28.657346],[81.704635,28.661979],[81.692031,28.672939],[81.679069,28.677869],[81.668037,28.679063],[81.642692,28.67572],[81.633247,28.670301],[81.618911,28.658868],[81.610794,28.657464],[81.601715,28.66065],[81.586837,28.673913],[81.577117,28.678251],[81.565467,28.688049],[81.552551,28.706745],[81.552566,28.710771],[81.554527,28.715641],[81.566268,28.727659],[81.566642,28.740579],[81.56929,28.753204],[81.580345,28.754314],[81.582298,28.756896],[81.584281,28.763488],[81.583023,28.774118],[81.578819,28.780162],[81.559051,28.795719],[81.551971,28.815261],[81.540336,28.835105],[81.53778,28.847455],[81.533248,28.855222],[81.516403,28.8745],[81.509925,28.885419],[81.491729,28.891492],[81.484596,28.898403],[81.479095,28.910469],[81.469367,28.923412],[81.448257,28.938379],[81.445983,28.942977],[81.444389,28.954742],[81.442764,28.956476],[81.434623,28.956201],[81.425209,28.965976],[81.424263,28.981765],[81.413543,28.995563],[81.417785,28.999855],[81.418441,29.002729],[81.415855,29.011344],[81.416847,29.017366],[81.427276,29.023372],[81.451782,29.056625],[81.467445,29.06636],[81.471046,29.075242],[81.49617,29.086967],[81.511169,29.089511],[81.522933,29.099538],[81.535331,29.103809],[81.55233,29.118118],[81.564079,29.123262],[81.579147,29.133077],[81.582183,29.129228],[81.583251,29.116565],[81.579826,29.1077],[81.568084,29.091194],[81.563659,29.063657],[81.565147,29.055595],[81.569305,29.050937],[81.599868,29.044202],[81.609535,29.037172],[81.615043,29.035087],[81.621665,29.040172],[81.627563,29.040948],[81.633171,29.044029],[81.64225,29.040744],[81.657577,29.039953],[81.666793,29.043561],[81.691711,29.048667],[81.701927,29.037021],[81.70475,29.030946],[81.7164,29.025894],[81.717918,29.020118],[81.719856,29.018941],[81.731315,29.02079],[81.736175,29.018991],[81.742576,29.012567],[81.747772,29.01106],[81.756614,29.012649],[81.769783,29.017919],[81.785446,29.017395],[81.7919,29.013845],[81.801124,29.001916],[81.818405,28.985553],[81.821945,28.983205],[81.836898,28.980096],[81.851066,28.970958],[81.869628,28.96894],[81.872909,28.970039],[81.875938,28.974308],[81.882499,28.975639],[81.88816,28.981016],[81.899581,28.980829],[81.910095,28.983823],[81.921958,28.977455]]]}},{"type":"Feature","properties":{"DISTRICT":"JAJARKOT","HQ":"KHALANGA","PROVINCE":6},"geometry":{"type":"Polygon","coordinates":[[[82.412544,29.095676],[82.410179,29.080987],[82.405784,29.06723],[82.406524,29.046537],[82.396446,29.020761],[82.396682,29.013002],[82.400184,29.006074],[82.403411,29.003168],[82.412551,29.004238],[82.44242,28.993043],[82.459999,28.991153],[82.487663,29.013877],[82.497474,29.01637],[82.512474,29.016223],[82.531349,29.013158],[82.56739,29.001296],[82.575134,28.994892],[82.576713,28.99114],[82.576011,28.987413],[82.55693,28.985746],[82.546043,28.981861],[82.516853,28.955621],[82.513343,28.944408],[82.514198,28.929901],[82.504486,28.919023],[82.506156,28.897459],[82.504981,28.892192],[82.490318,28.873281],[82.46936,28.864934],[82.46656,28.864938],[82.462272,28.871076],[82.455696,28.870052],[82.446716,28.865304],[82.426536,28.848003],[82.402534,28.840454],[82.386657,28.829629],[82.37918,28.82229],[82.361045,28.792947],[82.357276,28.790935],[82.347785,28.78893],[82.339981,28.783435],[82.329132,28.782348],[82.30735,28.786241],[82.301887,28.786186],[82.293891,28.783149],[82.284362,28.761415],[82.287094,28.753797],[82.283981,28.748752],[82.284111,28.745025],[82.288146,28.738832],[82.284065,28.729318],[82.286796,28.725702],[82.286926,28.721803],[82.28511,28.717046],[82.274925,28.703805],[82.279853,28.692918],[82.281471,28.692176],[82.275947,28.692514],[82.270774,28.695144],[82.25695,28.709337],[82.247528,28.709989],[82.239364,28.706321],[82.23236,28.688568],[82.220298,28.685213],[82.210792,28.676956],[82.204986,28.68103],[82.201728,28.679904],[82.198417,28.673894],[82.198616,28.66154],[82.19561,28.653234],[82.194511,28.640598],[82.19091,28.638038],[82.189506,28.62742],[82.18457,28.620855],[82.172492,28.614055],[82.165977,28.61238],[82.155586,28.612171],[82.146194,28.614545],[82.14302,28.622613],[82.137199,28.624954],[82.130996,28.621839],[82.12223,28.621622],[82.11148,28.617963],[82.091361,28.618972],[82.085166,28.616432],[82.075187,28.62598],[82.056091,28.633581],[82.058105,28.640752],[82.056488,28.64191],[82.047714,28.640535],[82.04441,28.634523],[82.04116,28.63397],[82.036636,28.636301],[82.036994,28.640899],[82.031494,28.642948],[82.00193,28.641706],[81.991874,28.642631],[81.976585,28.639856],[81.963279,28.639938],[81.944747,28.63747],[81.935356,28.640686],[81.918167,28.643085],[81.882133,28.645013],[81.877601,28.646472],[81.872817,28.658569],[81.86959,28.662609],[81.865478,28.677556],[81.858421,28.691673],[81.840362,28.711585],[81.820274,28.720588],[81.829124,28.732034],[81.835655,28.736877],[81.857101,28.736768],[81.878608,28.74555],[81.880577,28.74784],[81.881622,28.759033],[81.883598,28.762756],[81.891769,28.769029],[81.905143,28.775274],[81.9094,28.780136],[81.910079,28.783576],[81.908164,28.789043],[81.894279,28.802623],[81.889472,28.813558],[81.880859,28.838308],[81.879348,28.855833],[81.881362,28.86444],[81.887611,28.87474],[81.892272,28.890798],[81.896888,28.899675],[81.904769,28.909404],[81.921127,28.920797],[81.925392,28.925373],[81.926422,28.932834],[81.920654,28.946363],[81.919471,28.964172],[81.919517,28.970209],[81.921958,28.977455],[81.952514,28.98438],[81.97509,28.996885],[81.982292,29.001443],[81.987899,29.011175],[81.999336,29.015413],[82.003288,29.019983],[82.007278,29.03059],[82.011528,29.032001],[82.030982,29.019525],[82.040046,29.011428],[82.044548,29.003641],[82.042823,28.991586],[82.04441,28.986988],[82.054122,28.97859],[82.063858,28.974218],[82.072967,28.972436],[82.083381,28.97179],[82.092193,28.973455],[82.10958,28.987127],[82.122337,28.99278],[82.124008,28.997076],[82.120506,29.006589],[82.120223,29.011758],[82.135025,29.026884],[82.14878,29.033391],[82.152503,29.049167],[82.168304,29.065135],[82.17517,29.067104],[82.183631,29.065319],[82.201675,29.076101],[82.205314,29.081529],[82.204399,29.088146],[82.20671,29.091571],[82.2191,29.09033],[82.227294,29.094867],[82.230934,29.100006],[82.252868,29.107021],[82.259986,29.101507],[82.263244,29.101198],[82.26757,29.109497],[82.268318,29.118967],[82.277839,29.124349],[82.280776,29.124326],[82.288536,29.117372],[82.309738,29.116622],[82.319778,29.108783],[82.343345,29.115768],[82.359649,29.114767],[82.412544,29.095676]]]}},{"type":"Feature","properties":{"DISTRICT":"KAILALI","HQ":"DHANGADHI","PROVINCE":7},"geometry":{"type":"Polygon","coordinates":[[[80.559638,29.075456],[80.568344,29.079368],[80.585281,29.077123],[80.599555,29.072923],[80.60662,29.064849],[80.618003,29.060867],[80.636154,29.040302],[80.639205,29.034446],[80.656867,29.023273],[80.667022,29.019929],[80.678764,29.019765],[80.684364,29.014936],[80.69654,29.01444],[80.702842,29.009914],[80.71643,29.010677],[80.725181,29.007371],[80.730705,29.010618],[80.738845,29.010801],[80.749504,29.007448],[80.75428,29.002704],[80.764633,28.998004],[80.760658,28.990467],[80.761993,28.987272],[80.7789,28.982749],[80.785972,28.982402],[80.802803,28.972429],[80.806632,28.966054],[80.806343,28.958913],[80.810317,28.952682],[80.809951,28.943279],[80.82328,28.929882],[80.827346,28.928836],[80.830368,28.930955],[80.832862,28.937818],[80.839256,28.945573],[80.840667,28.954978],[80.850509,28.972467],[80.855361,28.976522],[80.859359,28.976823],[80.866935,28.970321],[80.880081,28.967521],[80.886299,28.962982],[80.888465,28.958822],[80.884078,28.948778],[80.883766,28.941572],[80.897071,28.935491],[80.898445,28.935356],[80.898376,28.940088],[80.900421,28.941268],[80.903656,28.937997],[80.909774,28.939598],[80.912139,28.935258],[80.915191,28.933481],[80.922309,28.940563],[80.930053,28.94264],[80.938232,28.942434],[80.954879,28.935266],[80.960739,28.936151],[80.968269,28.941125],[80.97274,28.941884],[80.978782,28.938394],[80.984336,28.938346],[80.989227,28.932481],[81.018516,28.92019],[81.031227,28.904708],[81.040023,28.890094],[81.054351,28.873754],[81.061828,28.872896],[81.072227,28.874336],[81.076469,28.864009],[81.090774,28.857143],[81.103782,28.844806],[81.108985,28.844808],[81.126205,28.849695],[81.133026,28.865186],[81.140174,28.870071],[81.143424,28.870069],[81.149932,28.854572],[81.155784,28.845106],[81.156112,28.832481],[81.158065,28.82847],[81.162292,28.82904],[81.169761,28.833919],[81.175285,28.833627],[81.18341,28.824447],[81.204208,28.816125],[81.209083,28.819847],[81.206481,28.824443],[81.198684,28.831327],[81.198036,28.837358],[81.201614,28.858018],[81.203567,28.860021],[81.208114,28.858587],[81.211364,28.845386],[81.227615,28.835046],[81.232482,28.829881],[81.234428,28.815246],[81.242225,28.808639],[81.242546,28.804052],[81.232139,28.795162],[81.232788,28.788852],[81.243179,28.783679],[81.247726,28.777933],[81.25193,28.758134],[81.260368,28.745206],[81.260688,28.740043],[81.256782,28.732017],[81.257751,28.730007],[81.271385,28.72397],[81.272354,28.716215],[81.267799,28.705316],[81.270713,28.701011],[81.28012,28.694108],[81.281417,28.69095],[81.291114,28.662244],[81.291427,28.652202],[81.289794,28.647901],[81.27713,28.636436],[81.273551,28.631269],[81.2583,28.624977],[81.247261,28.614082],[81.23104,28.608358],[81.226821,28.605487],[81.203125,28.564188],[81.189826,28.552436],[81.167778,28.521457],[81.150276,28.508262],[81.141853,28.493629],[81.136993,28.488468],[81.113998,28.469829],[81.104606,28.464946],[81.093925,28.455192],[81.08583,28.452041],[81.082916,28.448312],[81.076126,28.427656],[81.063835,28.406991],[81.060798,28.397205],[81.050575,28.407554],[81.039894,28.412189],[81.038139,28.411869],[81.037246,28.409311],[81.037033,28.397447],[81.029998,28.403114],[81.017997,28.41739],[81.03704,28.426843],[81.031196,28.437189],[81.020439,28.430992],[81.018226,28.430686],[81.015678,28.43313],[81.018165,28.448846],[81.017219,28.450695],[81.003273,28.450962],[80.994499,28.44267],[80.989982,28.4405],[80.982841,28.440147],[80.977233,28.434732],[80.966026,28.435926],[80.968627,28.443511],[80.980308,28.455028],[80.970832,28.454931],[80.959266,28.446163],[80.954849,28.446119],[80.948913,28.455484],[80.93518,28.457057],[80.938064,28.462514],[80.944213,28.465517],[80.94535,28.467277],[80.943679,28.468563],[80.939193,28.467939],[80.928726,28.458929],[80.922035,28.458675],[80.918342,28.463027],[80.912002,28.460142],[80.902824,28.478025],[80.902008,28.483369],[80.907211,28.491947],[80.906196,28.4974],[80.899078,28.502777],[80.894958,28.508619],[80.888572,28.5114],[80.878921,28.512449],[80.863616,28.509506],[80.860671,28.503992],[80.865837,28.490232],[80.842041,28.495767],[80.842247,28.500347],[80.840042,28.504737],[80.818717,28.519226],[80.810935,28.523567],[80.799064,28.524301],[80.789169,28.526781],[80.785972,28.529918],[80.784996,28.542301],[80.78273,28.547029],[80.769317,28.552873],[80.761741,28.56764],[80.741928,28.575794],[80.739181,28.574281],[80.738868,28.570507],[80.736198,28.570138],[80.728668,28.574756],[80.723937,28.575563],[80.713188,28.573238],[80.696342,28.584726],[80.692375,28.58867],[80.69503,28.597171],[80.694786,28.602899],[80.683189,28.604824],[80.677963,28.607295],[80.67749,28.619781],[80.676116,28.623981],[80.669868,28.632244],[80.66687,28.645456],[80.655792,28.638484],[80.650581,28.637519],[80.641387,28.644672],[80.635231,28.641078],[80.628189,28.639442],[80.621315,28.640214],[80.615631,28.642745],[80.605537,28.655231],[80.594818,28.65043],[80.597518,28.658296],[80.583808,28.663034],[80.583473,28.667453],[80.589126,28.682163],[80.567001,28.690086],[80.550117,28.692441],[80.54586,28.698738],[80.54216,28.714349],[80.544929,28.717639],[80.55059,28.712711],[80.556854,28.714305],[80.558364,28.71606],[80.553665,28.719263],[80.560798,28.722959],[80.54512,28.732357],[80.542106,28.735712],[80.542587,28.737598],[80.554191,28.745422],[80.553352,28.751222],[80.543357,28.757625],[80.540069,28.765275],[80.541908,28.771499],[80.546684,28.773681],[80.54985,28.777368],[80.548736,28.781848],[80.526992,28.80664],[80.513565,28.815322],[80.517883,28.827585],[80.508819,28.837017],[80.49665,28.874931],[80.496238,28.884096],[80.497161,28.896104],[80.500923,28.90557],[80.518783,28.928979],[80.516746,28.938039],[80.518493,28.953371],[80.516586,28.956995],[80.512367,28.958761],[80.506195,28.971019],[80.503372,28.980266],[80.504356,28.995235],[80.518135,28.999441],[80.523361,29.005758],[80.53218,29.011213],[80.535453,29.016958],[80.534805,29.026723],[80.525001,29.041372],[80.523368,29.062335],[80.529113,29.068344],[80.555603,29.072359],[80.558876,29.073226],[80.559638,29.075456]]]}},{"type":"Feature","properties":{"DISTRICT":"ACHHAM","HQ":"MANGALSEN","PROVINCE":7},"geometry":{"type":"Polygon","coordinates":[[[81.155654,29.385232],[81.172966,29.388025],[81.176078,29.390365],[81.185852,29.386096],[81.194725,29.373231],[81.203849,29.366113],[81.214439,29.363576],[81.224205,29.36329],[81.238113,29.356512],[81.240264,29.353914],[81.246299,29.354103],[81.250503,29.3519],[81.261184,29.335002],[81.25798,29.325962],[81.259567,29.320835],[81.273246,29.299448],[81.277732,29.301109],[81.282821,29.305568],[81.296257,29.30771],[81.297409,29.309579],[81.296569,29.312522],[81.30101,29.31328],[81.304512,29.319715],[81.308837,29.319765],[81.313636,29.322662],[81.320159,29.320148],[81.338241,29.329175],[81.341842,29.329195],[81.345779,29.328353],[81.372795,29.306358],[81.388587,29.296661],[81.395225,29.284048],[81.400154,29.281204],[81.408676,29.280948],[81.420486,29.277265],[81.431587,29.283069],[81.446647,29.283708],[81.453208,29.281721],[81.471794,29.270442],[81.469581,29.268615],[81.470199,29.266597],[81.473442,29.264833],[81.491722,29.262599],[81.493972,29.260559],[81.495056,29.247322],[81.498863,29.240671],[81.499443,29.236345],[81.488754,29.22355],[81.483093,29.199201],[81.490669,29.183586],[81.488502,29.171827],[81.497192,29.163963],[81.499282,29.153018],[81.502182,29.15068],[81.525726,29.151529],[81.531547,29.148004],[81.537208,29.135854],[81.541717,29.132066],[81.560562,29.126352],[81.566459,29.12714],[81.568389,29.126066],[81.55233,29.118118],[81.535331,29.103809],[81.522933,29.099538],[81.511169,29.089511],[81.49617,29.086967],[81.471046,29.075242],[81.467445,29.06636],[81.451782,29.056625],[81.427276,29.023372],[81.416847,29.017366],[81.415855,29.011344],[81.418441,29.002729],[81.417785,28.999855],[81.413543,28.995563],[81.424263,28.981765],[81.425209,28.965976],[81.434623,28.956201],[81.442764,28.956476],[81.444389,28.954742],[81.445983,28.942977],[81.448257,28.938379],[81.469367,28.923412],[81.479095,28.910469],[81.484596,28.898403],[81.491729,28.891492],[81.509925,28.885419],[81.516403,28.8745],[81.533248,28.855222],[81.53778,28.847455],[81.540336,28.835105],[81.551971,28.815261],[81.559051,28.795719],[81.578819,28.780162],[81.583023,28.774118],[81.584281,28.763488],[81.580345,28.754314],[81.56929,28.753204],[81.538726,28.745548],[81.524108,28.74645],[81.522819,28.7499],[81.533561,28.756469],[81.534225,28.759908],[81.531005,28.769107],[81.52777,28.772848],[81.517395,28.778621],[81.519065,28.792106],[81.523307,28.798978],[81.522674,28.803293],[81.506454,28.812519],[81.488655,28.84012],[81.477615,28.843881],[81.464302,28.85223],[81.467575,28.860549],[81.46273,28.873191],[81.463722,28.880075],[81.467323,28.886671],[81.466026,28.890409],[81.462455,28.892711],[81.443603,28.897344],[81.431915,28.907411],[81.415657,28.911176],[81.411102,28.91032],[81.394821,28.905464],[81.385047,28.897447],[81.373001,28.890577],[81.366821,28.888868],[81.354133,28.888597],[81.342109,28.891765],[81.333671,28.905841],[81.328468,28.905559],[81.32521,28.907285],[81.318717,28.917625],[81.303436,28.923666],[81.28424,28.919664],[81.2761,28.91279],[81.270889,28.90504],[81.264389,28.901891],[81.258857,28.903617],[81.251708,28.910793],[81.24813,28.911945],[81.240318,28.904767],[81.211051,28.903923],[81.19609,28.911964],[81.183731,28.913969],[81.16909,28.919706],[81.148918,28.935482],[81.143707,28.943229],[81.135574,28.947528],[81.120597,28.961294],[81.115066,28.9633],[81.1053,28.962917],[81.106025,28.968862],[81.109039,28.9731],[81.11248,28.974449],[81.125648,28.974548],[81.133232,28.979606],[81.139778,28.987743],[81.149703,28.995225],[81.151512,29.007583],[81.147193,29.022867],[81.147422,29.035301],[81.141952,29.039661],[81.139739,29.047729],[81.132575,29.058639],[81.125282,29.066312],[81.124588,29.071306],[81.130691,29.076623],[81.130821,29.079797],[81.113304,29.085212],[81.111,29.096452],[81.105484,29.099378],[81.095886,29.109998],[81.082046,29.12026],[81.07518,29.132459],[81.071601,29.135566],[81.068191,29.144264],[81.062065,29.147953],[81.061561,29.15945],[81.055641,29.161285],[81.052398,29.164669],[81.047256,29.176069],[81.045631,29.184808],[81.043304,29.186351],[81.034927,29.184564],[81.03543,29.185802],[81.031433,29.187089],[81.03144,29.189664],[81.032142,29.194143],[81.037757,29.196994],[81.062934,29.195867],[81.066833,29.196851],[81.078163,29.204393],[81.088752,29.207248],[81.090911,29.209144],[81.103469,29.211969],[81.115257,29.210609],[81.117866,29.211776],[81.119476,29.214944],[81.112396,29.237306],[81.099563,29.244695],[81.09877,29.259054],[81.114921,29.282434],[81.122642,29.29743],[81.134048,29.303541],[81.136634,29.306428],[81.138427,29.325401],[81.152153,29.365146],[81.155654,29.385232]]]}},{"type":"Feature","properties":{"DISTRICT":"DOTI","HQ":"DIPAYAL SILGADHI","PROVINCE":7},"geometry":{"type":"Polygon","coordinates":[[[80.909927,29.442464],[80.912345,29.438934],[80.915084,29.438041],[80.921089,29.428901],[80.931358,29.419795],[80.937469,29.400888],[80.940467,29.396892],[80.949645,29.396394],[80.981391,29.400382],[80.997039,29.40769],[81.009719,29.417839],[81.016586,29.419614],[81.024467,29.418241],[81.040275,29.411184],[81.060974,29.40645],[81.086204,29.407495],[81.104248,29.405904],[81.10984,29.403362],[81.116455,29.397371],[81.121719,29.395687],[81.124008,29.396274],[81.128204,29.402626],[81.132469,29.402364],[81.134468,29.398933],[81.13327,29.387142],[81.137535,29.386314],[81.145385,29.388658],[81.155654,29.385232],[81.152153,29.365146],[81.138427,29.325401],[81.136634,29.306428],[81.134048,29.303541],[81.122642,29.29743],[81.114921,29.282434],[81.09877,29.259054],[81.099563,29.244695],[81.112396,29.237306],[81.119476,29.214944],[81.117866,29.211776],[81.115257,29.210609],[81.103469,29.211969],[81.090911,29.209144],[81.088752,29.207248],[81.078163,29.204393],[81.066833,29.196851],[81.062934,29.195867],[81.037757,29.196994],[81.032142,29.194143],[81.031303,29.187921],[81.03543,29.185802],[81.034927,29.184564],[81.045051,29.185546],[81.047256,29.176069],[81.052398,29.164669],[81.055641,29.161285],[81.061561,29.15945],[81.062065,29.147953],[81.068191,29.144264],[81.071601,29.135566],[81.07518,29.132459],[81.082046,29.12026],[81.095886,29.109998],[81.105484,29.099378],[81.111,29.096452],[81.113304,29.085212],[81.130821,29.079797],[81.130691,29.076623],[81.124588,29.071306],[81.125282,29.066312],[81.132575,29.058639],[81.139739,29.047729],[81.141952,29.039661],[81.147422,29.035301],[81.147193,29.022867],[81.151443,29.008407],[81.151252,29.000883],[81.148605,28.993844],[81.139778,28.987743],[81.133232,28.979606],[81.126441,28.975042],[81.109039,28.9731],[81.106025,28.968862],[81.1053,28.962917],[81.097496,28.961862],[81.091316,28.963859],[81.076347,28.964998],[81.061698,28.969291],[81.052261,28.974157],[81.048675,28.974151],[81.045104,28.969842],[81.030807,28.960647],[81.023338,28.952033],[81.006744,28.954595],[80.999916,28.952293],[80.991149,28.945968],[80.984329,28.939939],[80.984336,28.938346],[80.978782,28.938394],[80.97274,28.941884],[80.968269,28.941125],[80.960739,28.936151],[80.954879,28.935266],[80.939506,28.942033],[80.934158,28.942863],[80.923454,28.941226],[80.915191,28.933481],[80.912139,28.935258],[80.909774,28.939598],[80.903656,28.937997],[80.900421,28.941268],[80.898376,28.940088],[80.898445,28.935356],[80.895805,28.935956],[80.883766,28.941572],[80.884078,28.948778],[80.888465,28.958822],[80.884529,28.964807],[80.880081,28.967521],[80.868118,28.969738],[80.861854,28.975875],[80.855361,28.976522],[80.849861,28.97141],[80.840667,28.954978],[80.839256,28.945573],[80.832862,28.937818],[80.830368,28.930955],[80.827346,28.928836],[80.821792,28.930633],[80.817642,28.936687],[80.809951,28.943279],[80.810317,28.952682],[80.806343,28.958913],[80.806632,28.966054],[80.802803,28.972429],[80.785972,28.982402],[80.7789,28.982749],[80.761993,28.987272],[80.760658,28.990467],[80.764633,28.998004],[80.75428,29.002704],[80.749504,29.007448],[80.738845,29.010801],[80.730705,29.010618],[80.725181,29.007371],[80.71643,29.010677],[80.702842,29.009914],[80.69654,29.01444],[80.684364,29.014936],[80.678764,29.019765],[80.667022,29.019929],[80.656867,29.023273],[80.639205,29.034446],[80.636154,29.040302],[80.618003,29.060867],[80.60662,29.064849],[80.599555,29.072923],[80.585281,29.077123],[80.568344,29.079368],[80.559638,29.075456],[80.554626,29.079257],[80.541542,29.083852],[80.534675,29.088153],[80.528793,29.097629],[80.527481,29.102514],[80.529449,29.105388],[80.53337,29.107109],[80.560859,29.115148],[80.569038,29.119167],[80.571983,29.126632],[80.571662,29.130359],[80.569374,29.132661],[80.555625,29.135822],[80.554321,29.136684],[80.554649,29.140129],[80.557594,29.141855],[80.568717,29.143003],[80.577888,29.147304],[80.584434,29.148447],[80.589675,29.156778],[80.590988,29.164245],[80.59394,29.166824],[80.601135,29.164813],[80.616531,29.177444],[80.63356,29.177143],[80.646003,29.178861],[80.668601,29.184587],[80.679092,29.191465],[80.694808,29.190301],[80.705627,29.195465],[80.706962,29.214414],[80.703048,29.225046],[80.704902,29.228872],[80.711647,29.232622],[80.72966,29.237127],[80.737358,29.242042],[80.752166,29.254451],[80.758659,29.266695],[80.756546,29.270071],[80.746383,29.269802],[80.744117,29.284164],[80.73384,29.295299],[80.735702,29.299638],[80.754783,29.306432],[80.757522,29.306186],[80.76667,29.299974],[80.771942,29.302106],[80.771629,29.307851],[80.773605,29.313875],[80.771972,29.317037],[80.761169,29.324234],[80.759208,29.327678],[80.761848,29.33456],[80.757926,29.343185],[80.758255,29.345766],[80.762199,29.349494],[80.763526,29.360977],[80.770729,29.356374],[80.773689,29.361534],[80.777297,29.363538],[80.806137,29.364364],[80.818603,29.366926],[80.829109,29.374666],[80.836654,29.377807],[80.849433,29.374916],[80.856666,29.38381],[80.859306,29.391553],[80.858665,29.397014],[80.853111,29.404487],[80.853775,29.406776],[80.859352,29.407629],[80.865592,29.411355],[80.873458,29.409612],[80.878051,29.411615],[80.906326,29.436252],[80.909927,29.442464]]]}},{"type":"Feature","properties":{"DISTRICT":"BAJHANG","HQ":"JAYAPRITHVI","PROVINCE":7},"geometry":{"type":"Polygon","coordinates":[[[81.092948,30.054807],[81.103645,30.045703],[81.109672,30.037431],[81.120262,30.033775],[81.128669,30.018911],[81.140884,30.016992],[81.152465,30.013061],[81.172576,30.0132],[81.177505,30.014671],[81.186431,30.012149],[81.192619,30.019374],[81.201835,30.021446],[81.208122,30.018907],[81.212806,30.01148],[81.219779,30.006925],[81.243133,30.011968],[81.252632,30.018632],[81.253593,30.021799],[81.250251,30.026369],[81.23999,30.030897],[81.241935,30.033782],[81.266265,30.042266],[81.272811,30.047199],[81.274482,30.045192],[81.281425,30.043226],[81.283432,30.04037],[81.304283,30.031307],[81.31594,30.032037],[81.320487,30.027107],[81.332031,30.026597],[81.350234,30.019235],[81.359222,30.009241],[81.371734,30.011318],[81.380332,30.007923],[81.385589,30.010246],[81.392463,30.016897],[81.404617,30.022413],[81.412879,30.02045],[81.432083,30.010498],[81.446273,30.009424],[81.445617,30.008272],[81.451255,30.004566],[81.460838,30.002027],[81.466156,29.996309],[81.465568,29.985963],[81.472557,29.976526],[81.473579,29.972507],[81.468734,29.95841],[81.455596,29.952308],[81.456291,29.947431],[81.459945,29.942857],[81.45935,29.934234],[81.465095,29.921995],[81.462776,29.917034],[81.461364,29.907358],[81.456314,29.900127],[81.465858,29.891819],[81.475196,29.889722],[81.494918,29.888732],[81.508705,29.895973],[81.508506,29.893642],[81.51448,29.887632],[81.538574,29.8817],[81.547172,29.875988],[81.554473,29.868257],[81.56446,29.851345],[81.565139,29.847608],[81.559089,29.811943],[81.549613,29.800113],[81.548332,29.793497],[81.561302,29.771987],[81.56166,29.766527],[81.549247,29.750671],[81.545639,29.748064],[81.543342,29.747482],[81.523231,29.75315],[81.515342,29.750814],[81.512077,29.74677],[81.511802,29.738439],[81.521476,29.717491],[81.522834,29.710603],[81.516998,29.696495],[81.520011,29.688163],[81.518066,29.682411],[81.489913,29.662742],[81.478752,29.659818],[81.460716,29.652257],[81.452537,29.646186],[81.4486,29.645013],[81.436431,29.646104],[81.425628,29.640022],[81.424003,29.637424],[81.422866,29.610975],[81.419677,29.598028],[81.417732,29.594282],[81.404342,29.582433],[81.40113,29.572071],[81.402198,29.560293],[81.399589,29.557689],[81.391723,29.555635],[81.381584,29.550128],[81.369781,29.547475],[81.366516,29.544589],[81.341789,29.513986],[81.334686,29.498432],[81.3311,29.495254],[81.322593,29.492332],[81.318031,29.487995],[81.315795,29.480228],[81.300399,29.476976],[81.295501,29.474073],[81.294204,29.472055],[81.295204,29.469766],[81.305107,29.46206],[81.307106,29.458627],[81.305816,29.455455],[81.291473,29.444162],[81.281349,29.438362],[81.264671,29.432519],[81.254325,29.414642],[81.238929,29.412822],[81.21965,29.404945],[81.207908,29.397979],[81.192176,29.397876],[81.182685,29.396093],[81.172966,29.388025],[81.158195,29.385009],[81.145385,29.388658],[81.137535,29.386314],[81.13327,29.387142],[81.134468,29.398933],[81.132469,29.402364],[81.128204,29.402626],[81.124008,29.396274],[81.121719,29.395687],[81.116455,29.397371],[81.10984,29.403362],[81.104248,29.405904],[81.086204,29.407495],[81.060974,29.40645],[81.040275,29.411184],[81.024467,29.418241],[81.016586,29.419614],[81.009719,29.417839],[80.997039,29.40769],[80.981391,29.400382],[80.949645,29.396394],[80.940467,29.396892],[80.937469,29.400888],[80.931358,29.419795],[80.921089,29.428901],[80.915084,29.438041],[80.907569,29.443447],[80.890151,29.441476],[80.886535,29.44292],[80.883918,29.446094],[80.878044,29.46105],[80.859008,29.469709],[80.847549,29.487545],[80.824234,29.500228],[80.820945,29.500804],[80.799903,29.49624],[80.794975,29.49682],[80.78186,29.518962],[80.776611,29.524429],[80.755249,29.529336],[80.749328,29.532215],[80.744079,29.537393],[80.745399,29.545724],[80.750671,29.552616],[80.756927,29.555196],[80.768104,29.552312],[80.774353,29.553453],[80.778976,29.566375],[80.778663,29.579589],[80.785598,29.595672],[80.789237,29.610898],[80.780723,29.637916],[80.778755,29.64137],[80.76757,29.645692],[80.765266,29.647987],[80.763961,29.656896],[80.777153,29.676137],[80.795349,29.686298],[80.800674,29.68708],[80.805282,29.684776],[80.815155,29.683898],[80.824699,29.685327],[80.833267,29.689624],[80.843795,29.687595],[80.849403,29.692474],[80.861267,29.69676],[80.866218,29.703939],[80.876441,29.710525],[80.890609,29.713953],[80.908088,29.723114],[80.924888,29.724798],[80.939735,29.734823],[80.946327,29.735097],[80.961112,29.724723],[80.975593,29.721525],[80.99015,29.740163],[81.020149,29.74555],[81.035621,29.744071],[81.044876,29.751224],[81.057754,29.757799],[81.062057,29.762088],[81.063713,29.765251],[81.065086,29.778175],[81.064476,29.789669],[81.069122,29.797412],[81.071815,29.810909],[81.07122,29.825284],[81.057388,29.831069],[81.041938,29.841739],[81.037734,29.864168],[81.041061,29.871627],[81.039772,29.879392],[81.041763,29.883407],[81.03421,29.893199],[81.027999,29.909019],[81.016807,29.915647],[81.006607,29.925155],[81.003326,29.931776],[81.017578,29.95013],[81.021911,29.960174],[81.020271,29.965347],[81.021286,29.971099],[81.017349,29.98001],[81.026618,29.986022],[81.036239,29.999502],[81.039268,30.013574],[81.054832,30.025892],[81.070762,30.043661],[81.083015,30.049661],[81.089309,30.055103],[81.092948,30.054807]]]}},{"type":"Feature","properties":{"DISTRICT":"BAJURA","HQ":"MARTADI","PROVINCE":7},"geometry":{"type":"Polygon","coordinates":[[[81.508705,29.895973],[81.518211,29.903484],[81.514053,29.915224],[81.517097,29.922149],[81.521369,29.92447],[81.533859,29.926374],[81.554672,29.925285],[81.559936,29.926519],[81.571723,29.93416],[81.585212,29.938526],[81.587852,29.937957],[81.594146,29.932237],[81.601722,29.932838],[81.613868,29.941215],[81.631813,29.940225],[81.644927,29.947774],[81.654075,29.944299],[81.674186,29.941431],[81.688323,29.949802],[81.69725,29.94466],[81.699272,29.934898],[81.710517,29.926885],[81.715515,29.915405],[81.719154,29.912544],[81.732002,29.913158],[81.755043,29.907289],[81.764343,29.910717],[81.7826,29.912425],[81.794639,29.909004],[81.799598,29.904418],[81.799942,29.900396],[81.796989,29.897514],[81.799331,29.887466],[81.799377,29.875974],[81.79515,29.85901],[81.795181,29.851247],[81.792572,29.845785],[81.786323,29.841747],[81.775794,29.839427],[81.768875,29.839982],[81.759635,29.844848],[81.754371,29.843107],[81.756942,29.825267],[81.754005,29.818649],[81.748092,29.815467],[81.739799,29.801887],[81.74295,29.786396],[81.739044,29.776733],[81.733375,29.770586],[81.729972,29.746948],[81.730545,29.731128],[81.717903,29.722362],[81.711883,29.703674],[81.711486,29.696416],[81.702934,29.681587],[81.701782,29.67147],[81.705459,29.653285],[81.706001,29.642053],[81.716903,29.625711],[81.742927,29.605951],[81.75312,29.604537],[81.771842,29.605161],[81.776443,29.603731],[81.77938,29.601903],[81.779251,29.599407],[81.791206,29.59354],[81.799858,29.576452],[81.799972,29.554046],[81.794006,29.5391],[81.792465,29.528854],[81.785285,29.52246],[81.781898,29.507843],[81.794723,29.489873],[81.80484,29.47104],[81.807792,29.454898],[81.808723,29.436201],[81.805908,29.426462],[81.795356,29.40736],[81.775177,29.381492],[81.774093,29.376333],[81.762702,29.363853],[81.754585,29.351032],[81.74662,29.345684],[81.745231,29.341674],[81.748039,29.334741],[81.74504,29.332191],[81.723106,29.332223],[81.714866,29.329465],[81.698448,29.32711],[81.68618,29.319227],[81.682922,29.320133],[81.661262,29.317564],[81.655418,29.32023],[81.643524,29.331604],[81.645812,29.349103],[81.643676,29.357177],[81.629478,29.368869],[81.616058,29.369337],[81.598281,29.364391],[81.580551,29.361751],[81.567504,29.346694],[81.558166,29.355434],[81.553169,29.35061],[81.545677,29.334329],[81.533081,29.325582],[81.524726,29.315917],[81.509231,29.309787],[81.504432,29.297496],[81.500411,29.292089],[81.489097,29.281023],[81.471794,29.270442],[81.453208,29.281721],[81.446647,29.283708],[81.431587,29.283069],[81.420486,29.277265],[81.408676,29.280948],[81.400154,29.281204],[81.395225,29.284048],[81.388587,29.296661],[81.372795,29.306358],[81.345779,29.328353],[81.341842,29.329195],[81.338241,29.329175],[81.320159,29.320148],[81.313636,29.322662],[81.308837,29.319765],[81.304512,29.319715],[81.30101,29.31328],[81.296569,29.312522],[81.297409,29.309579],[81.296257,29.30771],[81.282821,29.305568],[81.277732,29.301109],[81.273246,29.299448],[81.259567,29.320835],[81.25798,29.325962],[81.261184,29.335002],[81.250503,29.3519],[81.246299,29.354103],[81.240264,29.353914],[81.238113,29.356512],[81.224205,29.36329],[81.214439,29.363576],[81.203849,29.366113],[81.194725,29.373231],[81.185852,29.386096],[81.176078,29.390365],[81.182685,29.396093],[81.192176,29.397876],[81.207908,29.397979],[81.21965,29.404945],[81.238929,29.412822],[81.254325,29.414642],[81.264671,29.432519],[81.281349,29.438362],[81.291473,29.444162],[81.305816,29.455455],[81.307106,29.458627],[81.305107,29.46206],[81.295204,29.469766],[81.294204,29.472055],[81.295501,29.474073],[81.300399,29.476976],[81.315795,29.480228],[81.318031,29.487995],[81.322593,29.492332],[81.3311,29.495254],[81.334686,29.498432],[81.341789,29.513986],[81.369781,29.547475],[81.381584,29.550128],[81.391723,29.555635],[81.399589,29.557689],[81.402198,29.560293],[81.40113,29.572071],[81.404342,29.582433],[81.417732,29.594282],[81.419677,29.598028],[81.422866,29.610975],[81.424003,29.637424],[81.425628,29.640022],[81.436431,29.646104],[81.4486,29.645013],[81.452537,29.646186],[81.460716,29.652257],[81.478752,29.659818],[81.489913,29.662742],[81.518066,29.682411],[81.520011,29.688163],[81.516998,29.696495],[81.522834,29.710603],[81.521476,29.717491],[81.511802,29.738439],[81.512077,29.74677],[81.515342,29.750814],[81.523231,29.75315],[81.543342,29.747482],[81.545639,29.748064],[81.549247,29.750671],[81.56166,29.766527],[81.561302,29.771987],[81.550338,29.788906],[81.548316,29.796657],[81.551239,29.802703],[81.559089,29.811943],[81.565139,29.847608],[81.557128,29.864532],[81.547172,29.875988],[81.53527,29.883121],[81.51448,29.887632],[81.508506,29.893642],[81.508705,29.895973]]]}},{"type":"Feature","properties":{"DISTRICT":"KANCHANPUR","HQ":"BHIMDATTA","PROVINCE":7},"geometry":{"type":"Polygon","coordinates":[[[80.504356,28.995235],[80.503372,28.980266],[80.506195,28.971019],[80.512367,28.958761],[80.516586,28.956995],[80.518493,28.953371],[80.516746,28.938039],[80.518783,28.928979],[80.498977,28.901239],[80.497161,28.896104],[80.49665,28.874931],[80.508819,28.837017],[80.517883,28.827585],[80.513565,28.815322],[80.526992,28.80664],[80.548736,28.781848],[80.54985,28.777368],[80.546684,28.773681],[80.541908,28.771499],[80.540069,28.765275],[80.543357,28.757625],[80.553352,28.751222],[80.554191,28.745422],[80.542587,28.737598],[80.542106,28.735712],[80.54512,28.732357],[80.560798,28.722959],[80.553665,28.719263],[80.558364,28.71606],[80.556854,28.714305],[80.55059,28.712711],[80.544929,28.717639],[80.54216,28.714349],[80.542289,28.70948],[80.549751,28.691034],[80.53704,28.688465],[80.5139,28.674686],[80.503471,28.664072],[80.502815,28.660057],[80.517089,28.600326],[80.518051,28.585105],[80.519676,28.581081],[80.527153,28.575332],[80.531051,28.569877],[80.526809,28.558393],[80.520622,28.553518],[80.514762,28.552949],[80.509895,28.565004],[80.506317,28.568458],[80.49916,28.570758],[80.496887,28.5788],[80.487777,28.581958],[80.483879,28.585117],[80.47509,28.583972],[80.474113,28.586849],[80.475418,28.592876],[80.46891,28.598049],[80.458831,28.620733],[80.450691,28.627626],[80.441902,28.632217],[80.424324,28.636804],[80.415534,28.634225],[80.400878,28.633069],[80.387863,28.629049],[80.370933,28.627319],[80.36116,28.632766],[80.35823,28.635635],[80.355621,28.644815],[80.347473,28.652851],[80.322715,28.666324],[80.31977,28.679525],[80.319763,28.690435],[80.316497,28.696451],[80.290092,28.709629],[80.274459,28.71133],[80.261405,28.723367],[80.25814,28.727952],[80.26432,28.736005],[80.263656,28.739732],[80.260063,28.748626],[80.25386,28.7555],[80.24929,28.756927],[80.242126,28.756341],[80.235275,28.759199],[80.222572,28.756311],[80.211486,28.758298],[80.17591,28.780319],[80.154022,28.798927],[80.135711,28.817533],[80.120353,28.828401],[80.117088,28.830112],[80.10926,28.830665],[80.075317,28.825933],[80.067436,28.839113],[80.061218,28.844833],[80.060523,28.854589],[80.069305,28.861509],[80.071243,28.865251],[80.07154,28.872423],[80.067916,28.880733],[80.064971,28.88274],[80.054542,28.880409],[80.051925,28.88183],[80.051246,28.887855],[80.054817,28.892463],[80.053153,28.898771],[80.06031,28.904249],[80.061241,28.917163],[80.066764,28.923501],[80.072494,28.939344],[80.098297,28.976402],[80.101463,28.98302],[80.10765,28.988204],[80.123435,29.045381],[80.13346,29.075256],[80.144813,29.098833],[80.154586,29.108903],[80.159248,29.105419],[80.174949,29.102598],[80.18412,29.096591],[80.197914,29.077404],[80.218559,29.058227],[80.226104,29.048482],[80.230354,29.046485],[80.254524,29.05314],[80.263023,29.052579],[80.275451,29.048582],[80.278709,29.05175],[80.290794,29.057222],[80.309745,29.058406],[80.324798,29.05183],[80.342437,29.056154],[80.357482,29.049283],[80.369255,29.046432],[80.379066,29.045866],[80.386909,29.047882],[80.393775,29.042438],[80.406524,29.038146],[80.418624,29.029829],[80.42353,29.028108],[80.435295,29.02955],[80.449676,29.036741],[80.45948,29.037897],[80.463401,29.032438],[80.470596,29.028715],[80.47158,29.021818],[80.478439,29.018951],[80.474525,29.00316],[80.475502,29.00086],[80.488578,28.99484],[80.504356,28.995235]]]}},{"type":"Feature","properties":{"DISTRICT":"DADELDHURA","HQ":"AMARGADHI","PROVINCE":7},"geometry":{"type":"Polygon","coordinates":[[[80.785163,29.364393],[80.774673,29.362112],[80.770729,29.356374],[80.763526,29.360977],[80.762199,29.349494],[80.758255,29.345766],[80.757926,29.343185],[80.761848,29.33456],[80.759208,29.327678],[80.761169,29.324234],[80.771972,29.317037],[80.773605,29.313875],[80.771629,29.307851],[80.771942,29.302106],[80.76667,29.299974],[80.757522,29.306186],[80.754783,29.306432],[80.735702,29.299638],[80.73384,29.295299],[80.744117,29.284164],[80.746383,29.269802],[80.756546,29.270071],[80.758659,29.266695],[80.752166,29.254451],[80.737358,29.242042],[80.72966,29.237127],[80.711647,29.232622],[80.704902,29.228872],[80.703048,29.225046],[80.706962,29.214414],[80.705627,29.195465],[80.694808,29.190301],[80.679092,29.191465],[80.668601,29.184587],[80.646003,29.178861],[80.63356,29.177143],[80.616531,29.177444],[80.601135,29.164813],[80.59394,29.166824],[80.590988,29.164245],[80.589675,29.156778],[80.584434,29.148447],[80.577888,29.147304],[80.568717,29.143003],[80.557594,29.141855],[80.554649,29.140129],[80.554321,29.136684],[80.555625,29.135822],[80.569374,29.132661],[80.571662,29.130359],[80.571983,29.126632],[80.569038,29.119167],[80.528137,29.104236],[80.527809,29.099929],[80.534675,29.088153],[80.541542,29.083852],[80.554626,29.079257],[80.56018,29.074657],[80.555603,29.072359],[80.529113,29.068344],[80.523368,29.062335],[80.525001,29.041372],[80.534805,29.026723],[80.535453,29.016958],[80.53218,29.011213],[80.523361,29.005758],[80.518783,29.000013],[80.514213,28.997425],[80.508331,28.99714],[80.503082,28.994321],[80.491844,28.994548],[80.477142,28.999429],[80.474525,29.00316],[80.478439,29.018951],[80.47158,29.021818],[80.470596,29.028715],[80.463401,29.032438],[80.45948,29.037897],[80.449676,29.036741],[80.435295,29.02955],[80.42353,29.028108],[80.418624,29.029829],[80.406524,29.038146],[80.393775,29.042438],[80.386909,29.047882],[80.379066,29.045866],[80.369255,29.046432],[80.357482,29.049283],[80.342437,29.056154],[80.324798,29.05183],[80.309745,29.058406],[80.290794,29.057222],[80.278709,29.05175],[80.275451,29.048582],[80.263023,29.052579],[80.254524,29.05314],[80.230354,29.046485],[80.226104,29.048482],[80.218559,29.058227],[80.197914,29.077404],[80.18412,29.096591],[80.174949,29.102598],[80.159248,29.105419],[80.154586,29.108903],[80.170227,29.125883],[80.177421,29.12849],[80.188842,29.136268],[80.205558,29.128847],[80.21376,29.122554],[80.227828,29.121723],[80.243103,29.118026],[80.247627,29.128194],[80.25415,29.134513],[80.27275,29.142307],[80.273391,29.146322],[80.260925,29.162647],[80.260551,29.178133],[80.258895,29.18502],[80.245765,29.202486],[80.247367,29.213674],[80.249961,29.218851],[80.251922,29.219715],[80.254547,29.217994],[80.2621,29.206542],[80.27584,29.204853],[80.285675,29.195697],[80.291893,29.195426],[80.295806,29.197729],[80.297737,29.210641],[80.295089,29.222686],[80.291145,29.229845],[80.291793,29.232145],[80.299949,29.239049],[80.298583,29.259414],[80.303459,29.272045],[80.304397,29.286682],[80.305046,29.288404],[80.311256,29.291578],[80.317123,29.300191],[80.318428,29.303928],[80.31678,29.306795],[80.31742,29.311666],[80.326271,29.307676],[80.332153,29.310552],[80.335418,29.313432],[80.335739,29.319169],[80.341941,29.324634],[80.348808,29.327226],[80.352401,29.332687],[80.356658,29.331829],[80.361259,29.325241],[80.364845,29.331275],[80.370727,29.335878],[80.36679,29.340745],[80.367431,29.3462],[80.36972,29.347925],[80.379325,29.34773],[80.382164,29.350246],[80.385765,29.349391],[80.38903,29.355707],[80.401138,29.359457],[80.405738,29.355161],[80.411293,29.359188],[80.415885,29.357185],[80.422172,29.372032],[80.453643,29.381549],[80.462821,29.382703],[80.473312,29.391901],[80.478553,29.400236],[80.490356,29.401679],[80.523826,29.390506],[80.531372,29.390216],[80.550933,29.399713],[80.555595,29.405841],[80.557617,29.411474],[80.564834,29.415496],[80.566146,29.411195],[80.579597,29.40545],[80.58255,29.399421],[80.585502,29.397415],[80.616668,29.393968],[80.631759,29.386497],[80.643241,29.386201],[80.650131,29.383327],[80.655052,29.385047],[80.660964,29.39223],[80.674758,29.402849],[80.676734,29.410888],[80.673126,29.415485],[80.674774,29.418928],[80.689872,29.423517],[80.711532,29.417175],[80.721046,29.416025],[80.730552,29.406242],[80.753181,29.399328],[80.760726,29.395587],[80.765213,29.390544],[80.764869,29.383941],[80.768806,29.381355],[80.77732,29.379333],[80.784523,29.373867],[80.786155,29.370712],[80.785163,29.364393]]]}},{"type":"Feature","properties":{"DISTRICT":"BAITADI","HQ":"DASHARATHCHAND","PROVINCE":7},"geometry":{"type":"Polygon","coordinates":[[[80.410537,29.603202],[80.417343,29.603668],[80.42192,29.613142],[80.429473,29.612007],[80.431762,29.616609],[80.435371,29.618337],[80.444572,29.616912],[80.45211,29.622091],[80.459335,29.623537],[80.47248,29.619258],[80.48561,29.623001],[80.49678,29.62302],[80.506614,29.635082],[80.508903,29.643121],[80.520065,29.650596],[80.528274,29.653472],[80.54042,29.662101],[80.560791,29.66872],[80.570312,29.676759],[80.573593,29.682218],[80.579513,29.685089],[80.602516,29.688833],[80.612052,29.684247],[80.638679,29.686559],[80.64328,29.685127],[80.6492,29.680534],[80.663993,29.680246],[80.677146,29.685413],[80.683723,29.694599],[80.682075,29.699766],[80.683395,29.704067],[80.689117,29.704673],[80.703269,29.704956],[80.71479,29.701509],[80.730262,29.704944],[80.750015,29.705791],[80.784568,29.699443],[80.790489,29.695131],[80.795349,29.686298],[80.777153,29.676137],[80.764617,29.658908],[80.763626,29.654315],[80.765266,29.647987],[80.76757,29.645692],[80.778755,29.64137],[80.781707,29.635902],[80.783668,29.625844],[80.789237,29.610898],[80.785598,29.595672],[80.778663,29.579589],[80.778648,29.564939],[80.773689,29.552593],[80.768104,29.552312],[80.756927,29.555196],[80.750671,29.552616],[80.745399,29.545724],[80.744079,29.537393],[80.749328,29.532215],[80.755249,29.529336],[80.776611,29.524429],[80.78186,29.518962],[80.794975,29.49682],[80.799903,29.49624],[80.820945,29.500804],[80.824234,29.500228],[80.847549,29.487545],[80.859008,29.469709],[80.878044,29.46105],[80.883918,29.446094],[80.888504,29.44148],[80.901657,29.443464],[80.909927,29.442464],[80.906326,29.436252],[80.878051,29.411615],[80.873458,29.409612],[80.865592,29.411355],[80.859352,29.407629],[80.853775,29.406776],[80.853111,29.404487],[80.858665,29.397014],[80.859306,29.391553],[80.856666,29.38381],[80.849433,29.374916],[80.836654,29.377807],[80.829109,29.374666],[80.819915,29.3675],[80.806137,29.364364],[80.785163,29.364393],[80.786155,29.370712],[80.784523,29.373867],[80.77732,29.379333],[80.768806,29.381355],[80.764869,29.383941],[80.765213,29.390544],[80.760726,29.395587],[80.753181,29.399328],[80.730552,29.406242],[80.721046,29.416025],[80.711532,29.417175],[80.689872,29.423517],[80.674774,29.418928],[80.673126,29.415485],[80.676734,29.410888],[80.674758,29.402849],[80.660964,29.39223],[80.655052,29.385047],[80.650131,29.383327],[80.643241,29.386201],[80.631759,29.386497],[80.616668,29.393968],[80.585502,29.397415],[80.58255,29.399421],[80.579597,29.40545],[80.566146,29.411195],[80.564834,29.415496],[80.557617,29.411474],[80.555595,29.405841],[80.550933,29.399713],[80.531372,29.390216],[80.523826,29.390506],[80.493309,29.401103],[80.48281,29.40138],[80.478553,29.400236],[80.473312,29.391901],[80.462821,29.382703],[80.453643,29.381549],[80.422172,29.372032],[80.415885,29.357185],[80.411293,29.359188],[80.405738,29.355161],[80.401138,29.359457],[80.38903,29.355707],[80.385765,29.349391],[80.382164,29.350246],[80.379325,29.34773],[80.36972,29.347925],[80.367431,29.3462],[80.36679,29.340745],[80.370727,29.335878],[80.364273,29.330598],[80.362243,29.32582],[80.361259,29.325241],[80.356658,29.331829],[80.352401,29.332687],[80.348808,29.327226],[80.341941,29.324634],[80.335739,29.319169],[80.335746,29.314287],[80.333793,29.311704],[80.326271,29.307676],[80.319717,29.309955],[80.309539,29.319976],[80.294792,29.325393],[80.288871,29.335708],[80.279342,29.346298],[80.277999,29.355476],[80.270431,29.367504],[80.271072,29.370656],[80.276947,29.377845],[80.27494,29.390748],[80.267715,29.396471],[80.246704,29.40731],[80.242759,29.411319],[80.247924,29.433706],[80.242973,29.442871],[80.24591,29.446321],[80.258682,29.449516],[80.272125,29.449264],[80.273429,29.45013],[80.27079,29.45471],[80.276687,29.456735],[80.278656,29.456171],[80.279319,29.452444],[80.283592,29.45016],[80.296371,29.451051],[80.300636,29.449916],[80.303253,29.451066],[80.301605,29.455083],[80.29042,29.467388],[80.288757,29.472835],[80.29071,29.477144],[80.298225,29.486915],[80.30117,29.488359],[80.306434,29.483785],[80.312667,29.482364],[80.315605,29.485527],[80.315246,29.496139],[80.317855,29.499877],[80.330307,29.505929],[80.333244,29.509954],[80.341445,29.510835],[80.346351,29.514005],[80.350265,29.522909],[80.357467,29.527795],[80.358116,29.53067],[80.354171,29.534681],[80.34497,29.538671],[80.345588,29.55187],[80.361984,29.555356],[80.366561,29.56254],[80.379043,29.559692],[80.380348,29.560558],[80.384269,29.569461],[80.391151,29.571767],[80.393775,29.574354],[80.394744,29.580097],[80.409812,29.59275],[80.411773,29.598783],[80.410537,29.603202]]]}},{"type":"Feature","properties":{"DISTRICT":"DARCHULA","HQ":"DARCHULA","PROVINCE":7},"geometry":{"type":"Polygon","coordinates":[[[80.90875973603355,30.294180739348157],[80.909285,30.293422],[80.911645,30.29183],[80.914692,30.28679],[80.92688,30.283232],[80.930442,30.278452],[80.929884,30.275524],[80.925593,30.27304],[80.92688,30.267073],[80.92997,30.265552],[80.935935,30.263329],[80.938725,30.26622],[80.951128,30.270187],[80.980997,30.270667],[81.002326,30.264811],[81.008591,30.260142],[81.008934,30.256916],[81.011381,30.254359],[81.019449,30.251985],[81.022453,30.249132],[81.030478,30.247537],[81.02815,30.24016],[81.029716,30.235756],[81.026315,30.227554],[81.030006,30.225922],[81.029748,30.219544],[81.035585,30.217911],[81.044683,30.210643],[81.046112,30.180494],[81.052062,30.178758],[81.058662,30.172711],[81.062614,30.167815],[81.065887,30.158899],[81.078453,30.155706],[81.082077,30.152818],[81.085037,30.147354],[81.084014,30.139025],[81.079666,30.126965],[81.087554,30.114019],[81.085533,30.103386],[81.087837,30.100798],[81.098754,30.101912],[81.10305,30.100754],[81.10733,30.096717],[81.111267,30.089523],[81.108917,30.080911],[81.094268,30.054227],[81.089309,30.055103],[81.083015,30.04966],[81.070762,30.043661],[81.054832,30.025892],[81.039268,30.013574],[81.036239,29.999502],[81.026618,29.986022],[81.017349,29.98001],[81.021286,29.971099],[81.020271,29.965347],[81.021911,29.960173],[81.017578,29.950129],[81.003326,29.931775],[81.006607,29.925154],[81.016807,29.915646],[81.027999,29.909018],[81.03421,29.893199],[81.041763,29.883406],[81.039772,29.879392],[81.041061,29.871626],[81.037734,29.864167],[81.041938,29.841739],[81.057388,29.831069],[81.07122,29.825284],[81.071815,29.810908],[81.069122,29.797411],[81.064476,29.789668],[81.063713,29.765251],[81.057754,29.757799],[81.044876,29.751223],[81.035621,29.744071],[81.020149,29.745549],[80.99015,29.740162],[80.975593,29.721525],[80.961112,29.724723],[80.946327,29.735097],[80.939735,29.734822],[80.924888,29.724798],[80.908088,29.723114],[80.890609,29.713952],[80.876441,29.710525],[80.866218,29.703939],[80.861267,29.696759],[80.851051,29.693333],[80.842147,29.687312],[80.833267,29.689624],[80.824699,29.685327],[80.815155,29.683898],[80.805282,29.684775],[80.800674,29.687079],[80.795349,29.686298],[80.790489,29.69513],[80.784568,29.699442],[80.758903,29.704924],[80.742111,29.706092],[80.71479,29.701508],[80.700637,29.705244],[80.683395,29.704067],[80.682075,29.699766],[80.683723,29.694599],[80.677146,29.685412],[80.662025,29.679963],[80.6492,29.680534],[80.64328,29.685127],[80.638679,29.686558],[80.612052,29.684247],[80.602516,29.688833],[80.579513,29.685089],[80.573593,29.682218],[80.570312,29.676758],[80.560791,29.66872],[80.54042,29.662101],[80.528274,29.653472],[80.520065,29.650596],[80.508903,29.64312],[80.506614,29.635082],[80.49678,29.623019],[80.48561,29.623001],[80.47248,29.619258],[80.459335,29.623537],[80.45211,29.62209],[80.444572,29.616911],[80.435371,29.618337],[80.431762,29.616608],[80.429473,29.612007],[80.42192,29.613141],[80.417343,29.603667],[80.408678,29.6032],[80.405759,29.612229],[80.407862,29.615177],[80.407905,29.621146],[80.41151,29.625921],[80.417218,29.62622],[80.420737,29.629428],[80.41975,29.639462],[80.414042,29.643789],[80.416016,29.651882],[80.414514,29.654083],[80.409665,29.65412],[80.406532,29.659043],[80.398764,29.659266],[80.397133,29.662846],[80.390353,29.664263],[80.39031,29.670901],[80.384988,29.673921],[80.383615,29.677501],[80.384817,29.685293],[80.380825,29.687791],[80.379281,29.700504],[80.372071,29.715861],[80.376405,29.719364],[80.366878,29.72324],[80.365762,29.728458],[80.36971,29.734569],[80.364346,29.739973],[80.36499,29.746643],[80.368466,29.750518],[80.372028,29.749213],[80.385975,29.750629],[80.384945,29.758304],[80.390825,29.760614],[80.393314,29.758416],[80.396404,29.758193],[80.397562,29.759795],[80.395975,29.765457],[80.39855,29.767171],[80.399494,29.772945],[80.404386,29.777489],[80.403485,29.781512],[80.407218,29.784417],[80.406317,29.790079],[80.407733,29.793393],[80.406618,29.794771],[80.413613,29.791643],[80.414729,29.79492],[80.417432,29.796149],[80.421423,29.796],[80.430264,29.799017],[80.43507,29.806204],[80.441508,29.800209],[80.445928,29.798644],[80.454983,29.802517],[80.464553,29.802294],[80.480046,29.795404],[80.494036,29.795814],[80.494171,29.798928],[80.492191,29.801586],[80.494723,29.801959],[80.495495,29.804789],[80.498929,29.806651],[80.500087,29.808401],[80.497684,29.810449],[80.498242,29.811603],[80.501675,29.817822],[80.504636,29.819274],[80.506825,29.82296],[80.520215,29.826236],[80.523819,29.82888],[80.523777,29.832453],[80.528197,29.833459],[80.531716,29.838559],[80.536093,29.838745],[80.538625,29.847269],[80.54326,29.846227],[80.548624,29.850284],[80.552959,29.850619],[80.551242,29.855979],[80.554246,29.859329],[80.554203,29.861562],[80.56107,29.865898],[80.556607,29.869991],[80.559804,29.874662],[80.565683,29.878922],[80.571863,29.89362],[80.568945,29.907664],[80.573987,29.923324],[80.577614,29.927378],[80.581305,29.936676],[80.593578,29.951699],[80.604715,29.959414],[80.609521,29.958968],[80.61922,29.963709],[80.628468,29.965196],[80.637695,29.9633],[80.640549,29.959507],[80.649085,29.955802],[80.656278,29.95512],[80.677306,29.958671],[80.682456,29.962445],[80.683636,29.966553],[80.691211,29.975289],[80.697047,29.979583],[80.700287,29.979918],[80.712754,29.98988],[80.720264,30.000863],[80.737924,29.999246],[80.744447,30.003854],[80.74932,30.008928],[80.753631,30.020168],[80.757322,30.024107],[80.757622,30.028008],[80.755133,30.030981],[80.755691,30.040009],[80.759038,30.043687],[80.758137,30.045024],[80.760712,30.04937],[80.776419,30.054571],[80.779938,30.057431],[80.789079,30.069502],[80.789766,30.073439],[80.791139,30.073216],[80.794401,30.077747],[80.799593,30.0812],[80.800795,30.085099],[80.805387,30.08963],[80.813026,30.092674],[80.813927,30.095311],[80.819334,30.096759],[80.820536,30.099321],[80.826072,30.100063],[80.829248,30.097093],[80.835771,30.097056],[80.845341,30.102328],[80.845428,30.109948],[80.841479,30.111944],[80.844655,30.116176],[80.854997,30.120519],[80.862636,30.121447],[80.86903,30.125493],[80.874223,30.125901],[80.877487,30.127722],[80.879116,30.132434],[80.876412,30.136554],[80.87651,30.141222],[80.873794,30.144496],[80.871305,30.152623],[80.870704,30.161603],[80.854911,30.177481],[80.853881,30.181636],[80.842638,30.191282],[80.832509,30.205451],[80.827102,30.208789],[80.825471,30.213907],[80.818862,30.223623],[80.812511,30.22518],[80.811395,30.228368],[80.797233,30.237564],[80.786762,30.249725],[80.785388,30.255212],[80.776634,30.26737],[80.767192,30.278044],[80.762386,30.278933],[80.759811,30.286493],[80.761013,30.293904],[80.757837,30.303982],[80.754833,30.307096],[80.749683,30.308132],[80.74316,30.306502],[80.736122,30.308577],[80.73389,30.310652],[80.734405,30.316135],[80.717239,30.325915],[80.715866,30.328434],[80.707883,30.330509],[80.705051,30.333175],[80.697326,30.334657],[80.690116,30.332286],[80.683937,30.333472],[80.680332,30.337028],[80.673637,30.338657],[80.66574,30.343249],[80.662651,30.351248],[80.658874,30.353916],[80.660848,30.3551],[80.653553,30.379539],[80.645141,30.386499],[80.638961,30.388275],[80.637588,30.390053],[80.636386,30.395828],[80.63364,30.398344],[80.634326,30.401749],[80.626945,30.409745],[80.626773,30.414482],[80.629005,30.416555],[80.623683,30.421735],[80.622825,30.430913],[80.612697,30.443937],[80.596904,30.447785],[80.590209,30.446009],[80.57785,30.445638],[80.561542,30.430468],[80.535106,30.41722],[80.529785,30.423216],[80.524806,30.425363],[80.530042,30.433132],[80.530042,30.43787],[80.539054,30.444602],[80.540685,30.44919],[80.547723,30.448525],[80.553474,30.452742],[80.555706,30.452225],[80.55931,30.454297],[80.565834,30.460214],[80.56549,30.464211],[80.576305,30.464211],[80.581626,30.467761],[80.595874,30.468204],[80.598835,30.471422],[80.606646,30.47146],[80.608663,30.464505],[80.613427,30.459364],[80.623898,30.462878],[80.62746,30.457477],[80.632224,30.455332],[80.637073,30.450264],[80.64115,30.450893],[80.646858,30.446563],[80.658617,30.442161],[80.670118,30.432503],[80.678014,30.428655],[80.677456,30.423808],[80.679516,30.421809],[80.686168,30.420329],[80.688915,30.414889],[80.693163,30.413075],[80.699644,30.413594],[80.703549,30.417443],[80.707798,30.41722],[80.716037,30.413446],[80.729598,30.401084],[80.734105,30.40064],[80.741314,30.391497],[80.74552,30.387795],[80.749425,30.386905],[80.750284,30.379909],[80.759167,30.375948],[80.760626,30.37254],[80.765347,30.372355],[80.76775,30.367431],[80.775218,30.361952],[80.777921,30.355211],[80.785388,30.353509],[80.784702,30.347693],[80.787792,30.340435],[80.801868,30.333175],[80.80101,30.32473],[80.802211,30.323248],[80.813541,30.32384],[80.820064,30.321915],[80.823669,30.316728],[80.833454,30.313319],[80.842723,30.316876],[80.860233,30.314356],[80.873107,30.305317],[80.873794,30.301316],[80.885467,30.299982],[80.890102,30.302057],[80.907268,30.303982],[80.90907,30.301834],[80.907096,30.298202],[80.90875973603355,30.294180739348157]]]}}]}