{"type":"FeatureCollection","features":[{"type":"Feature","properties":{"id":"P1","name":"Koshi","name_ne":"\u0915\u094b\u0936\u0940","admin_level":1},"geometry":{"type":"Polygon","coordinates":[[[87.24932,26.415126],[87.237213,26.414072],[87.232109,26.411804],[87.225051,26.40554],[87.22187,26.404985],[87.21585,26.408191],[87.213005,26.410787],[87.213661,26.413368],[87.212715,26.414815],[87.2089,26.414838],[87.198715,26.414339],[87.192016,26.412658],[87.188781,26.405792],[87.186851,26.403789],[87.183982,26.402952],[87.18016,26.402687],[87.166175,26.4045],[87.149353,26.410352],[87.138572,26.415592],[87.129394,26.421966],[87.118644,26.4318],[87.101211,26.442533],[87.094253,26.448606],[87.092048,26.452066],[87.092094,26.457809],[87.087478,26.48138],[87.087249,26.493446],[87.082901,26.509548],[87.081733,26.524774],[87.078933,26.534555],[87.074851,26.543199],[87.073005,26.55268],[87.075057,26.57306],[87.07479,26.58024],[87.073539,26.584268],[87.063041,26.586341],[87.050613,26.586986],[87.048057,26.586427],[87.046058,26.573226],[87.044425,26.566925],[87.042488,26.562915],[87.026443,26.545202],[87.020004,26.535758],[87.017127,26.533473],[86.998916,26.524681],[86.991889,26.522413],[86.981704,26.52419],[86.972778,26.521942],[86.97023,26.521959],[86.96482,26.52371],[86.946968,26.520065],[86.937721,26.518968],[86.934844,26.516683],[86.932907,26.512384],[86.931549,26.497177],[86.929588,26.488859],[86.925125,26.487438],[86.913536,26.488199],[86.914985,26.496391],[86.929191,26.531352],[86.936599,26.545679],[86.943336,26.553972],[86.947525,26.561992],[86.952743,26.582057],[86.965316,26.606695],[86.968254,26.617876],[86.973388,26.623592],[86.975654,26.628747],[86.976966,26.635349],[86.979545,26.63935],[86.984672,26.64392],[86.994636,26.657358],[86.997207,26.659641],[87.005203,26.663904],[87.007766,26.665908],[87.010345,26.66962],[87.015548,26.685674],[87.022018,26.699426],[87.025917,26.710025],[87.027648,26.717603],[87.020568,26.716772],[87.005119,26.713325],[86.999809,26.712945],[86.995292,26.713415],[86.988571,26.71615],[86.978759,26.713819],[86.973091,26.714414],[86.969665,26.715841],[86.967041,26.718576],[86.965728,26.723533],[86.966453,26.731958],[86.965003,26.736166],[86.961845,26.73834],[86.946701,26.737749],[86.940483,26.739904],[86.935874,26.742603],[86.932922,26.745346],[86.930503,26.74957],[86.929687,26.753543],[86.926681,26.760522],[86.921096,26.765882],[86.916137,26.767387],[86.911468,26.763322],[86.909629,26.749912],[86.909828,26.739698],[86.908279,26.735237],[86.905265,26.730693],[86.901947,26.727231],[86.893463,26.720869],[86.887069,26.712863],[86.882514,26.711605],[86.876502,26.7114],[86.871887,26.70997],[86.86766,26.702219],[86.859977,26.696983],[86.854179,26.694196],[86.852409,26.691287],[86.847763,26.692384],[86.843933,26.692325],[86.843025,26.694915],[86.84275,26.704793],[86.840911,26.709289],[86.837188,26.711696],[86.832473,26.71245],[86.829345,26.712255],[86.820396,26.707847],[86.814598,26.708381],[86.808242,26.710178],[86.802818,26.710424],[86.795898,26.708734],[86.790016,26.704627],[86.775566,26.699357],[86.770988,26.696949],[86.760681,26.687271],[86.758361,26.68592],[86.757102,26.686794],[86.753822,26.693038],[86.748657,26.697408],[86.744735,26.699289],[86.740097,26.708707],[86.735855,26.710596],[86.725997,26.709167],[86.71524,26.702989],[86.710487,26.705463],[86.708068,26.70589],[86.705154,26.703285],[86.703697,26.700031],[86.700775,26.696628],[86.693771,26.690059],[86.688316,26.688232],[86.681106,26.688198],[86.676811,26.691005],[86.673233,26.694608],[86.662788,26.708509],[86.66349,26.712518],[86.667579,26.720619],[86.667266,26.72516],[86.669761,26.729429],[86.670112,26.735569],[86.668159,26.740983],[86.65966,26.748548],[86.634544,26.760097],[86.604591,26.776342],[86.603424,26.779743],[86.604255,26.796495],[86.602104,26.810232],[86.601661,26.818964],[86.596786,26.829982],[86.593597,26.834777],[86.58628,26.841058],[86.582389,26.84604],[86.579605,26.85164],[86.578346,26.865831],[86.577095,26.871759],[86.568061,26.878919],[86.565521,26.884401],[86.562797,26.886262],[86.550483,26.887893],[86.540954,26.887655],[86.536972,26.886495],[86.527961,26.886999],[86.52256,26.889238],[86.513198,26.887165],[86.505577,26.889274],[86.494445,26.888328],[86.491416,26.886503],[86.487098,26.885322],[86.455482,26.886821],[86.445861,26.88973],[86.433609,26.897081],[86.427185,26.899728],[86.407394,26.906473],[86.390594,26.907619],[86.373703,26.906986],[86.362922,26.908987],[86.33979,26.915012],[86.317588,26.924577],[86.303688,26.927867],[86.291351,26.928213],[86.2816,26.930944],[86.27787,26.933347],[86.281356,26.936632],[86.283256,26.945678],[86.286247,26.949722],[86.290252,26.952785],[86.312309,26.961589],[86.316024,26.962121],[86.332199,26.961566],[86.344963,26.963676],[86.356216,26.963222],[86.365615,26.972827],[86.369415,26.979562],[86.368835,26.993627],[86.373298,27.006559],[86.375732,27.021223],[86.378097,27.025785],[86.383369,27.032733],[86.385444,27.034151],[86.382476,27.036809],[86.371162,27.043233],[86.368148,27.047573],[86.366264,27.0554],[86.363945,27.059436],[86.357604,27.064147],[86.354644,27.068078],[86.353942,27.073539],[86.359878,27.09081],[86.360893,27.095222],[86.360542,27.097578],[86.354461,27.103038],[86.350944,27.103763],[86.335998,27.102645],[86.324417,27.10408],[86.313934,27.106197],[86.309417,27.108703],[86.310333,27.110649],[86.312332,27.111434],[86.315414,27.112091],[86.322593,27.111791],[86.325233,27.112508],[86.329109,27.11511],[86.3423,27.138801],[86.34764,27.145462],[86.351486,27.145191],[86.359191,27.140981],[86.363487,27.141111],[86.369934,27.14392],[86.375152,27.150516],[86.37564,27.153734],[86.3749,27.160511],[86.379653,27.165912],[86.384887,27.173782],[86.387733,27.181722],[86.389778,27.181177],[86.38031,27.191268],[86.373039,27.194099],[86.362533,27.199947],[86.347572,27.203544],[86.3451,27.206323],[86.344505,27.209596],[86.345497,27.226575],[86.344436,27.229],[86.340873,27.23133],[86.318367,27.232522],[86.311729,27.235118],[86.307975,27.237501],[86.296981,27.241111],[86.286216,27.24764],[86.272232,27.253166],[86.270591,27.255359],[86.268981,27.260028],[86.266937,27.260505],[86.264358,27.259788],[86.254623,27.250635],[86.246879,27.247154],[86.239044,27.241197],[86.232078,27.238504],[86.226882,27.238494],[86.21434,27.247219],[86.205444,27.251745],[86.208129,27.258741],[86.213043,27.263256],[86.215751,27.269824],[86.218986,27.271207],[86.220962,27.273466],[86.22583,27.275686],[86.228149,27.279094],[86.233367,27.283033],[86.237648,27.287849],[86.242866,27.29149],[86.242568,27.292654],[86.238471,27.296449],[86.2406,27.305896],[86.237777,27.309104],[86.231597,27.320709],[86.230339,27.321874],[86.223297,27.323144],[86.223037,27.326023],[86.224693,27.32829],[86.224067,27.329162],[86.222145,27.329486],[86.219963,27.332389],[86.219429,27.335748],[86.220481,27.350494],[86.223602,27.359188],[86.221664,27.363737],[86.222846,27.365793],[86.227752,27.368223],[86.22792,27.371202],[86.2238,27.381111],[86.223838,27.38438],[86.228523,27.395013],[86.237655,27.406177],[86.238838,27.40846],[86.239219,27.413681],[86.24028,27.416025],[86.244567,27.420291],[86.251953,27.425333],[86.256492,27.434123],[86.261299,27.448432],[86.26757,27.456745],[86.271202,27.459472],[86.282844,27.465446],[86.290168,27.47071],[86.297981,27.478271],[86.313217,27.488973],[86.329833,27.506254],[86.341346,27.521179],[86.350921,27.525964],[86.355438,27.527294],[86.358657,27.527318],[86.364013,27.543449],[86.37075,27.551759],[86.373764,27.56063],[86.377586,27.566913],[86.385215,27.574466],[86.401618,27.584289],[86.417602,27.590839],[86.424049,27.59679],[86.427909,27.601564],[86.437713,27.608005],[86.441429,27.625324],[86.445472,27.631238],[86.446975,27.636917],[86.450263,27.641923],[86.455085,27.645345],[86.458877,27.651258],[86.458076,27.658969],[86.460052,27.671003],[86.467567,27.675701],[86.479766,27.686815],[86.495063,27.693706],[86.511718,27.696393],[86.51654,27.695598],[86.522148,27.692403],[86.531036,27.692018],[86.535743,27.692829],[86.538726,27.694173],[86.541023,27.696783],[86.544006,27.702552],[86.549087,27.706794],[86.553291,27.711917],[86.557983,27.724599],[86.561035,27.739198],[86.566528,27.744535],[86.569076,27.751159],[86.573982,27.756042],[86.574531,27.758327],[86.569023,27.764757],[86.567214,27.768625],[86.567359,27.774131],[86.569694,27.779609],[86.568748,27.785249],[86.571868,27.795425],[86.57096,27.799169],[86.569511,27.801422],[86.569625,27.804636],[86.568229,27.806482],[86.565101,27.808071],[86.555198,27.810071],[86.550529,27.812475],[86.545379,27.81328],[86.544174,27.814495],[86.543502,27.817029],[86.545471,27.823835],[86.549171,27.829706],[86.550544,27.839559],[86.555862,27.858779],[86.555229,27.8686],[86.557167,27.881662],[86.556846,27.88585],[86.554214,27.895412],[86.556343,27.90422],[86.560874,27.913696],[86.561447,27.917823],[86.56108,27.919033],[86.555282,27.919727],[86.553382,27.922159],[86.552947,27.927556],[86.550155,27.930915],[86.539787,27.936767],[86.535087,27.94169],[86.530487,27.940536],[86.525779,27.940935],[86.523338,27.941703],[86.52143,27.94362],[86.51976,27.948516],[86.518463,27.956907],[86.515304,27.961763],[86.51284,27.969987],[86.513572,27.971363],[86.518714,27.974576],[86.519126,27.97624],[86.515464,27.98196],[86.513977,27.985935],[86.516372,27.99526],[86.516326,28.001399],[86.521804,28.013679],[86.523918,28.021287],[86.533012,28.028993],[86.532791,28.036159],[86.534591,28.039705],[86.535491,28.043941],[86.533729,28.046997],[86.536567,28.051158],[86.53897,28.05216],[86.550804,28.053012],[86.556762,28.058105],[86.56134,28.066146],[86.566177,28.069997],[86.566535,28.072401],[86.560966,28.079921],[86.562255,28.084213],[86.5662,28.088811],[86.567474,28.091444],[86.567146,28.095748],[86.56401,28.101869],[86.563652,28.104223],[86.564888,28.108741],[86.568412,28.111055],[86.574844,28.113105],[86.580207,28.112987],[86.58612,28.11045],[86.588638,28.11025],[86.595672,28.105585],[86.605514,28.102085],[86.606536,28.101274],[86.607063,28.098108],[86.609634,28.092742],[86.609542,28.091136],[86.605895,28.089176],[86.604789,28.084478],[86.609138,28.077548],[86.613578,28.075998],[86.625869,28.07661],[86.634536,28.073175],[86.637054,28.073038],[86.644279,28.076045],[86.653747,28.078119],[86.657928,28.08111],[86.660102,28.084012],[86.661697,28.086751],[86.663658,28.096136],[86.667022,28.100053],[86.672042,28.103036],[86.680923,28.104763],[86.688171,28.108869],[86.697296,28.109558],[86.710517,28.107627],[86.719329,28.108837],[86.730133,28.105319],[86.737693,28.105344],[86.739746,28.104454],[86.744148,28.100553],[86.748268,28.099811],[86.749473,28.098541],[86.750389,28.095085],[86.749053,28.088844],[86.751068,28.08538],[86.753288,28.083055],[86.761329,28.080541],[86.764961,28.077749],[86.764205,28.075176],[86.756095,28.069419],[86.754966,28.067602],[86.751724,28.051401],[86.751991,28.04388],[86.753746,28.040878],[86.758216,28.037662],[86.764488,28.037872],[86.771041,28.03968],[86.775489,28.038991],[86.77951,28.03602],[86.782173,28.029153],[86.78804,28.024946],[86.791145,28.021295],[86.794052,28.021488],[86.799652,28.024169],[86.804641,28.024971],[86.80754,28.024415],[86.8124,28.021768],[86.821121,28.021545],[86.827201,28.018482],[86.83493,28.017002],[86.847541,28.021423],[86.848922,28.022787],[86.851875,28.029056],[86.855194,28.030622],[86.85984,28.030157],[86.869094,28.027458],[86.87107,28.025997],[86.872879,28.022523],[86.873138,28.015066],[86.874061,28.012872],[86.875648,28.01124],[86.887985,28.003965],[86.889884,28.001638],[86.897369,27.997922],[86.913528,27.995182],[86.927062,27.989889],[86.934928,27.978708],[86.935325,27.975891],[86.932968,27.970527],[86.932983,27.967657],[86.936843,27.96364],[86.951805,27.959077],[86.962837,27.958522],[86.97454,27.956285],[86.983512,27.952604],[86.988586,27.952585],[86.990203,27.953723],[86.9944,27.954275],[87.003433,27.953651],[87.015708,27.956737],[87.018608,27.956151],[87.023101,27.951826],[87.025993,27.950372],[87.036956,27.949737],[87.039535,27.94886],[87.043701,27.945104],[87.050399,27.933292],[87.052963,27.93069],[87.058418,27.926933],[87.073539,27.921392],[87.077064,27.917922],[87.080505,27.903549],[87.088447,27.885982],[87.094223,27.881935],[87.105468,27.876987],[87.10707,27.875253],[87.108024,27.873519],[87.10794,27.862323],[87.10884,27.853422],[87.111053,27.846801],[87.114891,27.84362],[87.124206,27.839262],[87.130317,27.837783],[87.137741,27.839176],[87.156372,27.831012],[87.16439,27.826372],[87.173721,27.824012],[87.195297,27.821853],[87.20433,27.82352],[87.217544,27.823717],[87.227188,27.821353],[87.228805,27.82162],[87.230102,27.822765],[87.232086,27.828775],[87.23796,27.837062],[87.242828,27.841333],[87.253822,27.844987],[87.257728,27.849557],[87.261611,27.851825],[87.271278,27.850894],[87.282196,27.846792],[87.298286,27.843797],[87.304069,27.841745],[87.305007,27.838294],[87.307548,27.834541],[87.31459,27.829036],[87.321014,27.826692],[87.336822,27.828577],[87.358413,27.828695],[87.36132,27.829246],[87.362617,27.830381],[87.369499,27.8421],[87.373077,27.845512],[87.378585,27.848051],[87.388275,27.850561],[87.39376,27.850799],[87.400222,27.85218],[87.41156,27.858114],[87.419319,27.860347],[87.422218,27.86033],[87.423179,27.85946],[87.424438,27.856287],[87.431137,27.84963],[87.432075,27.846748],[87.431419,27.845314],[87.429458,27.842748],[87.427192,27.841905],[87.415252,27.84029],[87.405227,27.837215],[87.404571,27.836069],[87.405517,27.833765],[87.414222,27.833982],[87.434143,27.828359],[87.443122,27.82426],[87.451499,27.824188],[87.460876,27.827262],[87.471923,27.835783],[87.475189,27.839483],[87.488471,27.846261],[87.496856,27.846187],[87.504928,27.847547],[87.522628,27.845378],[87.531021,27.846448],[87.538421,27.844938],[87.545234,27.849472],[87.547851,27.852602],[87.549827,27.856323],[87.550544,27.86263],[87.552185,27.865198],[87.559631,27.868001],[87.562858,27.868259],[87.566711,27.866781],[87.570869,27.863586],[87.57891,27.862649],[87.584022,27.858585],[87.585601,27.855978],[87.587425,27.845912],[87.590522,27.835554],[87.589431,27.825229],[87.590682,27.821765],[87.591964,27.821184],[87.598434,27.823133],[87.602943,27.822797],[87.60646,27.820749],[87.611526,27.812953],[87.613136,27.812938],[87.614799,27.817228],[87.617744,27.820934],[87.622604,27.823179],[87.62873,27.823982],[87.631652,27.825386],[87.632354,27.830257],[87.633346,27.832258],[87.635627,27.834251],[87.644027,27.836172],[87.666603,27.837671],[87.669486,27.835914],[87.669776,27.83361],[87.664184,27.824195],[87.66381,27.820178],[87.666313,27.807762],[87.670829,27.807479],[87.686294,27.810941],[87.701766,27.811523],[87.710144,27.810388],[87.719818,27.806663],[87.725944,27.80581],[87.731422,27.809537],[87.735282,27.81356],[87.736251,27.820156],[87.741722,27.828765],[87.753967,27.836807],[87.757835,27.840541],[87.767501,27.858047],[87.77169,27.862058],[87.780403,27.864646],[87.780403,27.867795],[87.777816,27.876695],[87.778137,27.879564],[87.786201,27.897636],[87.792976,27.902807],[87.803619,27.907684],[87.811363,27.916864],[87.815559,27.919729],[87.818786,27.920305],[87.823944,27.919733],[87.82653,27.921451],[87.82846,27.926044],[87.82846,27.928337],[87.825881,27.933218],[87.825881,27.937803],[87.828147,27.942684],[87.832664,27.948415],[87.837181,27.94985],[87.842666,27.949563],[87.8488,27.948127],[87.853317,27.948705],[87.858161,27.946687],[87.859764,27.936937],[87.857177,27.928333],[87.862342,27.920869],[87.864913,27.911979],[87.876205,27.913118],[87.890403,27.910526],[87.898788,27.911962],[87.912345,27.917398],[87.931701,27.916807],[87.938789,27.910205],[87.941047,27.909341],[87.954277,27.907896],[87.957496,27.905887],[87.961357,27.897563],[87.964576,27.894401],[87.972953,27.890089],[87.981658,27.887779],[87.987472,27.888353],[87.990371,27.889495],[87.998771,27.895511],[88.002967,27.897512],[88.008453,27.898365],[88.018135,27.897201],[88.022323,27.89978],[88.025238,27.903215],[88.027816,27.90493],[88.030403,27.905496],[88.036529,27.903772],[88.046516,27.898588],[88.063583,27.887083],[88.067131,27.887939],[88.072952,27.892805],[88.075531,27.893949],[88.083274,27.894222],[88.086502,27.892202],[88.088424,27.887611],[88.089035,27.874128],[88.091918,27.868381],[88.096107,27.866651],[88.099647,27.866071],[88.107398,27.866912],[88.112876,27.869487],[88.11708,27.872919],[88.120643,27.878072],[88.124847,27.881225],[88.130973,27.882646],[88.141296,27.880611],[88.148696,27.877145],[88.158683,27.871105],[88.168334,27.867637],[88.179916,27.857564],[88.193763,27.853219],[88.19696,27.847478],[88.20436,27.840282],[88.204673,27.838563],[88.203376,27.836843],[88.19886,27.83514],[88.197235,27.833419],[88.193016,27.825685],[88.189468,27.823116],[88.178504,27.821422],[88.176887,27.82028],[88.177528,27.81855],[88.183311,27.813373],[88.186187,27.809349],[88.188743,27.800743],[88.195167,27.794982],[88.196128,27.793258],[88.196746,27.788099],[88.19448,27.782936],[88.186073,27.775218],[88.185104,27.772924],[88.184417,27.762025],[88.181495,27.755722],[88.181167,27.753133],[88.182113,27.74826],[88.181144,27.746255],[88.175659,27.74196],[88.164375,27.73941],[88.15921,27.73512],[88.157234,27.723075],[88.15689,27.715333],[88.154937,27.710456],[88.151382,27.705305],[88.150726,27.70272],[88.154891,27.694677],[88.155532,27.692668],[88.155197,27.688941],[88.150337,27.679485],[88.148376,27.670022],[88.14643,27.664867],[88.142227,27.658853],[88.126747,27.64569],[88.123191,27.641107],[88.120246,27.626768],[88.115707,27.610996],[88.113121,27.606702],[88.106353,27.601837],[88.090568,27.594413],[88.08023,27.579797],[88.077331,27.573211],[88.077323,27.571487],[88.0802,27.565172],[88.0802,27.56287],[88.076972,27.558002],[88.071495,27.555147],[88.069564,27.55285],[88.067939,27.54454],[88.062141,27.538806],[88.059547,27.535079],[88.059867,27.533361],[88.065002,27.529052],[88.065315,27.52589],[88.061126,27.521308],[88.060165,27.519014],[88.061439,27.514427],[88.061111,27.512126],[88.058204,27.507545],[88.047264,27.500099],[88.045967,27.497806],[88.045303,27.485191],[88.047531,27.474855],[88.053947,27.467964],[88.067413,27.455888],[88.068687,27.452152],[88.069313,27.445844],[88.076019,27.428045],[88.072158,27.423171],[88.058975,27.415735],[88.052536,27.408859],[88.051246,27.40485],[88.049606,27.392223],[88.048614,27.377885],[88.046043,27.373291],[88.046028,27.368993],[88.047622,27.366409],[88.052108,27.360092],[88.057876,27.354911],[88.062362,27.348594],[88.065223,27.342857],[88.067131,27.333959],[88.06649,27.331083],[88.06488,27.328794],[88.05973,27.325357],[88.053627,27.319057],[88.046867,27.307018],[88.044921,27.297842],[88.045555,27.293251],[88.038803,27.289247],[88.035591,27.28408],[88.034942,27.279211],[88.03524,27.269737],[88.033287,27.252246],[88.028129,27.240484],[88.022987,27.232748],[88.018806,27.221277],[88.016876,27.218978],[88.015586,27.215539],[88.01622,27.211526],[88.014923,27.202922],[88.015556,27.200048],[88.017799,27.198902],[88.018432,27.194881],[88.015213,27.184846],[88.014236,27.177387],[88.015197,27.175374],[88.017753,27.173938],[88.019996,27.170492],[88.01165,27.160459],[88.010681,27.157594],[88.011634,27.150709],[88.009056,27.142673],[87.997505,27.132932],[87.993011,27.128063],[87.991386,27.112571],[87.993309,27.109985],[87.994583,27.10511],[87.995857,27.103673],[88.001625,27.104238],[88.005142,27.103084],[88.010581,27.098775],[88.016975,27.091018],[88.02433,27.086423],[88.02433,27.083263],[88.020149,27.078681],[88.019187,27.074661],[88.020774,27.07093],[88.024612,27.065765],[88.030036,27.050836],[88.034179,27.046527],[88.039291,27.037912],[88.050804,27.035028],[88.060722,27.030422],[88.068397,27.031267],[88.076087,27.034702],[88.079605,27.034982],[88.083763,27.03067],[88.086952,27.024921],[88.089485,27.016027],[88.089797,27.011718],[88.092674,27.008563],[88.103851,27.002796],[88.110229,26.99332],[88.118209,26.985845],[88.125244,26.984968],[88.131965,26.985239],[88.134841,26.984086],[88.134826,26.980648],[88.129699,26.973773],[88.12648,26.966892],[88.122283,26.95313],[88.122276,26.950836],[88.124183,26.947101],[88.144279,26.925254],[88.146499,26.92037],[88.146804,26.914634],[88.146156,26.912336],[88.143585,26.908042],[88.138465,26.902025],[88.139083,26.898002],[88.150566,26.887943],[88.156631,26.884479],[88.162361,26.879882],[88.171615,26.870677],[88.176399,26.867794],[88.177345,26.866071],[88.17733,26.85976],[88.176353,26.854026],[88.171539,26.848009],[88.171516,26.839405],[88.174057,26.83337],[88.175308,26.824764],[88.178802,26.818443],[88.180068,26.814134],[88.180358,26.804092],[88.183174,26.786869],[88.184761,26.782567],[88.19049,26.777103],[88.192718,26.77164],[88.191398,26.759019],[88.19165,26.739795],[88.190353,26.730047],[88.184226,26.712276],[88.176856,26.702531],[88.173652,26.69594],[88.172653,26.68217],[88.165832,26.639719],[88.163269,26.635713],[88.148559,26.622543],[88.14759,26.620536],[88.146614,26.611074],[88.142135,26.604192],[88.139259,26.601337],[88.137969,26.598176],[88.136657,26.582117],[88.135047,26.574653],[88.133766,26.573797],[88.129943,26.576959],[88.128021,26.573238],[88.126121,26.573524],[88.125152,26.572664],[88.12355,26.568939],[88.121322,26.568946],[88.119728,26.570096],[88.1175,26.570386],[88.117179,26.566947],[88.118125,26.565505],[88.118118,26.561208],[88.117477,26.559768],[88.11174,26.558061],[88.111099,26.556053],[88.114883,26.543708],[88.113288,26.54084],[88.108184,26.538839],[88.10659,26.537406],[88.108474,26.52765],[88.108139,26.519905],[88.098236,26.507585],[88.098556,26.506147],[88.10427,26.500686],[88.104896,26.495525],[88.109024,26.490066],[88.108375,26.482604],[88.110588,26.472557],[88.109603,26.464529],[88.102554,26.445026],[88.099662,26.434131],[88.090736,26.426109],[88.087867,26.42066],[88.082115,26.415222],[88.079887,26.411203],[88.074783,26.408344],[88.066825,26.408069],[88.060119,26.399179],[88.056938,26.398616],[88.050254,26.394891],[88.042602,26.386587],[88.038452,26.383428],[88.035896,26.379421],[88.035263,26.375118],[88.036209,26.370235],[88.033966,26.365068],[88.02919,26.362493],[88.019958,26.36107],[88.005973,26.36396],[88.001831,26.365974],[87.99929,26.368556],[87.998023,26.370561],[87.996757,26.375734],[87.997413,26.389789],[87.996772,26.391517],[87.986907,26.392959],[87.968772,26.398708],[87.94905,26.409629],[87.945236,26.4125],[87.93441,26.416814],[87.932189,26.420261],[87.930282,26.426286],[87.921691,26.431453],[87.929016,26.437763],[87.929656,26.439771],[87.929023,26.443784],[87.924247,26.44666],[87.912147,26.446954],[87.906417,26.448678],[87.913108,26.454416],[87.913742,26.456136],[87.913108,26.458435],[87.903884,26.476795],[87.894653,26.485124],[87.888916,26.47623],[87.882225,26.472217],[87.877128,26.470209],[87.870117,26.46877],[87.868209,26.466768],[87.867568,26.463891],[87.863433,26.463321],[87.863746,26.459878],[87.866294,26.453559],[87.866294,26.450979],[87.8647,26.449262],[87.856742,26.444669],[87.854827,26.43893],[87.851005,26.436632],[87.844001,26.438352],[87.836044,26.438644],[87.83509,26.439786],[87.836044,26.447248],[87.83509,26.449258],[87.831268,26.452413],[87.822669,26.458152],[87.812789,26.463319],[87.80101,26.467332],[87.795272,26.466751],[87.793998,26.467905],[87.791458,26.46474],[87.794639,26.461011],[87.794006,26.459289],[87.792411,26.457855],[87.787635,26.456129],[87.7835,26.452972],[87.779037,26.451255],[87.778083,26.450103],[87.778083,26.448957],[87.782546,26.447235],[87.778732,26.438913],[87.778732,26.435462],[87.780639,26.433458],[87.782875,26.434322],[87.78128,26.430303],[87.778732,26.427146],[87.778099,26.421407],[87.773963,26.418531],[87.768241,26.410787],[87.766647,26.409921],[87.764739,26.409063],[87.759963,26.409053],[87.756141,26.411348],[87.752319,26.416517],[87.747543,26.41794],[87.744674,26.417079],[87.743408,26.415641],[87.738006,26.407028],[87.733863,26.408746],[87.729721,26.411613],[87.723663,26.419075],[87.715698,26.425092],[87.710922,26.427383],[87.70137,26.42938],[87.69786,26.434255],[87.682891,26.43338],[87.68386,26.427062],[87.683227,26.420755],[87.681121,26.411951],[87.676322,26.40942],[87.661674,26.408702],[87.655601,26.406473],[87.653656,26.403619],[87.653854,26.393278],[87.65129,26.392152],[87.641761,26.393108],[87.631576,26.392927],[87.621688,26.391012],[87.614326,26.386772],[87.61013,26.381652],[87.604705,26.380266],[87.597717,26.381189],[87.591064,26.383556],[87.58731,26.389331],[87.584159,26.392234],[87.568,26.397844],[87.561981,26.400775],[87.55725,26.40455],[87.55133,26.415517],[87.5485,26.418987],[87.538017,26.420516],[87.531669,26.422302],[87.525016,26.424945],[87.518371,26.428743],[87.488853,26.436468],[87.475189,26.438312],[87.465324,26.438398],[87.459899,26.437295],[87.452545,26.434204],[87.437812,26.42485],[87.428543,26.421194],[87.40689,26.419658],[87.392578,26.420639],[87.387458,26.417808],[87.380371,26.408958],[87.377182,26.407838],[87.37432,26.408721],[87.371139,26.408458],[87.368896,26.407047],[87.367286,26.404758],[87.358551,26.38932],[87.356895,26.382732],[87.356788,26.370958],[87.359542,26.359447],[87.358253,26.357164],[87.351196,26.350896],[87.347358,26.34892],[87.343536,26.348379],[87.341316,26.34897],[87.329299,26.356819],[87.317939,26.36667],[87.313186,26.368711],[87.307785,26.369039],[87.301414,26.36823],[87.2919,26.371746],[87.282356,26.372098],[87.274398,26.371013],[87.270584,26.371326],[87.265838,26.374523],[87.265579,26.381414],[87.267021,26.401214],[87.266426,26.406101],[87.265167,26.408126],[87.260742,26.411314],[87.24932,26.415126]]]}},{"type":"Feature","properties":{"id":"P2","name":"Madhesh","name_ne":"\u092e\u0927\u0947\u0936","admin_level":1},"geometry":{"type":"Polygon","coordinates":[[[87.025917,26.710025],[87.022018,26.699426],[87.015548,26.685674],[87.011642,26.672771],[87.009056,26.667623],[87.005203,26.663904],[86.997207,26.659641],[86.994636,26.657358],[86.986282,26.645915],[86.979545,26.63935],[86.976966,26.635349],[86.974678,26.626165],[86.973388,26.623592],[86.968254,26.617876],[86.965316,26.606695],[86.95436,26.586076],[86.951438,26.57747],[86.948822,26.565711],[86.945915,26.558261],[86.936599,26.545679],[86.927253,26.527053],[86.922721,26.514158],[86.914985,26.496391],[86.913536,26.488199],[86.895599,26.486209],[86.893722,26.484628],[86.893028,26.477928],[86.894676,26.473829],[86.89582,26.466524],[86.895507,26.463426],[86.876731,26.457082],[86.872512,26.456392],[86.865722,26.457866],[86.862968,26.456752],[86.859306,26.451349],[86.850723,26.448595],[86.848526,26.447013],[86.846809,26.443481],[86.84513,26.441953],[86.839645,26.441738],[86.834335,26.440143],[86.82341,26.442071],[86.805717,26.446781],[86.78334,26.456546],[86.778396,26.458038],[86.772293,26.458696],[86.76345,26.451747],[86.754188,26.446357],[86.752113,26.444206],[86.747734,26.437307],[86.747489,26.430427],[86.745018,26.427244],[86.739555,26.424272],[86.734443,26.423133],[86.728599,26.424179],[86.725402,26.427433],[86.721244,26.434089],[86.719169,26.43572],[86.709739,26.435438],[86.702705,26.437591],[86.700378,26.439229],[86.697235,26.445859],[86.69387,26.450151],[86.689949,26.452039],[86.679206,26.453659],[86.654922,26.460727],[86.642395,26.461969],[86.639015,26.46597],[86.630126,26.4678],[86.62738,26.471214],[86.627502,26.474889],[86.626266,26.477659],[86.621345,26.480697],[86.617408,26.485563],[86.614875,26.486749],[86.607803,26.486829],[86.592597,26.492458],[86.573486,26.496753],[86.567687,26.501007],[86.564811,26.50443],[86.563423,26.509899],[86.558624,26.517179],[86.556228,26.522951],[86.551307,26.530809],[86.547805,26.53515],[86.541046,26.539535],[86.528625,26.544435],[86.523918,26.544889],[86.514488,26.540695],[86.497497,26.542829],[86.483772,26.550321],[86.477333,26.554695],[86.467636,26.558876],[86.457084,26.565473],[86.452713,26.567361],[86.437637,26.569984],[86.424232,26.573623],[86.395942,26.584188],[86.394783,26.592979],[86.391876,26.594736],[86.38124,26.596162],[86.366455,26.601362],[86.35749,26.603452],[86.343612,26.605375],[86.341735,26.60832],[86.344284,26.612882],[86.344116,26.614894],[86.336891,26.618122],[86.324073,26.618249],[86.309417,26.619707],[86.3059,26.618877],[86.294921,26.613243],[86.287857,26.614398],[86.275848,26.617959],[86.251724,26.611585],[86.244789,26.607801],[86.237892,26.601778],[86.236854,26.599895],[86.237136,26.597314],[86.235969,26.590209],[86.233978,26.589134],[86.231872,26.589214],[86.226737,26.591434],[86.222068,26.590217],[86.218315,26.590593],[86.216041,26.592685],[86.214515,26.592929],[86.21022,26.59147],[86.208007,26.592523],[86.203781,26.596807],[86.199951,26.596441],[86.19667,26.594057],[86.195793,26.595497],[86.195938,26.60181],[86.195213,26.605607],[86.191818,26.609823],[86.191711,26.611085],[86.193824,26.612218],[86.19371,26.613191],[86.19149,26.614309],[86.177528,26.614715],[86.174484,26.616287],[86.168395,26.614049],[86.161956,26.613929],[86.155014,26.609338],[86.150932,26.60926],[86.141235,26.625572],[86.139038,26.627336],[86.135543,26.628255],[86.119598,26.629375],[86.109771,26.63298],[86.078437,26.647281],[86.072196,26.654853],[86.063934,26.656993],[86.047058,26.659553],[86.031181,26.664403],[86.024795,26.664793],[86.013854,26.660366],[86.010925,26.657537],[86.009643,26.657266],[85.990806,26.657846],[85.981246,26.659141],[85.975463,26.65751],[85.967071,26.652755],[85.961967,26.653116],[85.957748,26.649446],[85.954711,26.640872],[85.95465,26.637432],[85.956138,26.631944],[85.95578,26.629657],[85.951576,26.626846],[85.948638,26.623437],[85.947227,26.616287],[85.944664,26.616033],[85.936088,26.618171],[85.93193,26.617662],[85.927787,26.618299],[85.927742,26.615716],[85.929595,26.612525],[85.929252,26.611385],[85.918701,26.610393],[85.906486,26.605974],[85.902595,26.602586],[85.899322,26.598325],[85.894515,26.597249],[85.89289,26.595829],[85.890548,26.589834],[85.888916,26.587852],[85.885383,26.586462],[85.882194,26.586509],[85.873817,26.582614],[85.87191,26.582925],[85.864395,26.572978],[85.859222,26.569604],[85.85411,26.569112],[85.852531,26.569993],[85.850036,26.573476],[85.852607,26.57459],[85.853591,26.576007],[85.854263,26.577728],[85.852691,26.579187],[85.852401,26.580619],[85.857658,26.588878],[85.859359,26.594888],[85.857254,26.602102],[85.854156,26.607315],[85.842727,26.610923],[85.837661,26.613302],[85.835685,26.609882],[85.833992,26.604442],[85.832054,26.603324],[85.828834,26.601934],[85.82405,26.602005],[85.81929,26.603507],[85.814918,26.609024],[85.809257,26.613988],[85.80709,26.618041],[85.807136,26.620336],[85.805587,26.623519],[85.79988,26.62561],[85.774719,26.629413],[85.767463,26.634399],[85.750602,26.638359],[85.747444,26.640417],[85.738037,26.6506],[85.73648,26.652915],[85.740745,26.659461],[85.739532,26.663217],[85.731636,26.668491],[85.730392,26.67052],[85.729476,26.673122],[85.728393,26.684911],[85.729911,26.699254],[85.728149,26.708185],[85.72882,26.710187],[85.731094,26.712736],[85.731239,26.721069],[85.737602,26.738506],[85.732711,26.751491],[85.73661,26.774421],[85.737472,26.787908],[85.735687,26.795694],[85.731986,26.803785],[85.728332,26.81475],[85.721748,26.822589],[85.711639,26.8302],[85.70372,26.834894],[85.680526,26.844682],[85.662673,26.848361],[85.647979,26.849702],[85.645774,26.851739],[85.642982,26.857238],[85.63993,26.866462],[85.638061,26.869361],[85.633308,26.872583],[85.628189,26.872362],[85.624313,26.870401],[85.608741,26.856517],[85.596496,26.850934],[85.590034,26.846988],[85.588432,26.846719],[85.588188,26.85161],[85.586044,26.857664],[85.584144,26.859127],[85.581275,26.859737],[85.574172,26.855514],[85.572219,26.853246],[85.570892,26.850389],[85.569847,26.844366],[85.567253,26.84239],[85.562789,26.843309],[85.559906,26.842765],[85.55828,26.84106],[85.557243,26.836193],[85.554359,26.835939],[85.552452,26.836832],[85.545082,26.835771],[85.538932,26.830959],[85.530151,26.82101],[85.523666,26.815345],[85.508323,26.815816],[85.505744,26.814416],[85.501838,26.809862],[85.498847,26.802146],[85.496902,26.800157],[85.494644,26.799032],[85.487335,26.801708],[85.484458,26.80203],[85.481872,26.800043],[85.480537,26.796327],[85.477294,26.792915],[85.467338,26.789875],[85.451873,26.781436],[85.448059,26.78292],[85.442054,26.788154],[85.43856,26.78992],[85.43505,26.790252],[85.429267,26.788013],[85.425422,26.787771],[85.422584,26.790393],[85.418449,26.791873],[85.412063,26.792236],[85.408203,26.79055],[85.405883,26.784835],[85.401023,26.780006],[85.387832,26.773834],[85.385887,26.772132],[85.380668,26.764436],[85.376792,26.761322],[85.372291,26.759645],[85.368141,26.759977],[85.361465,26.762346],[85.358573,26.76123],[85.347259,26.751882],[85.344017,26.748178],[85.33789,26.744514],[85.332641,26.74382],[85.32125,26.750375],[85.313285,26.753034],[85.303535,26.754714],[85.270347,26.755388],[85.263168,26.7565],[85.242561,26.761842],[85.232826,26.76173],[85.217216,26.759279],[85.209449,26.761474],[85.204734,26.765132],[85.202529,26.768508],[85.198013,26.771701],[85.194183,26.777492],[85.193878,26.78899],[85.192054,26.792549],[85.185043,26.795204],[85.183273,26.799911],[85.183883,26.803251],[85.179527,26.809955],[85.179786,26.815988],[85.192169,26.828378],[85.193847,26.833736],[85.193702,26.856283],[85.196907,26.863203],[85.194877,26.867797],[85.18383,26.869218],[85.178657,26.867753],[85.170379,26.868043],[85.154396,26.870182],[85.147727,26.87014],[85.134361,26.867292],[85.121307,26.871],[85.105667,26.870666],[85.101074,26.868736],[85.097892,26.866184],[85.088081,26.866168],[85.086174,26.86449],[85.087425,26.861392],[85.089309,26.859333],[85.089141,26.856515],[85.08641,26.854312],[85.083343,26.853431],[85.077758,26.854022],[85.070976,26.853281],[85.061462,26.849594],[85.040977,26.853302],[85.034378,26.852903],[85.029418,26.854648],[85.031822,26.857543],[85.03495,26.859237],[85.032745,26.861518],[85.034652,26.868495],[85.03334,26.871303],[85.036277,26.872932],[85.044807,26.872364],[85.046737,26.878015],[85.054458,26.881],[85.056999,26.883607],[85.056884,26.888156],[85.053916,26.889856],[85.021896,26.891866],[85.009681,26.895341],[84.99781,26.901519],[84.997848,26.904102],[85.003585,26.907197],[85.003036,26.910242],[85.00135,26.911724],[84.989921,26.913015],[84.969093,26.917455],[84.96775,26.92251],[84.96923,26.927694],[84.975883,26.934875],[84.975761,26.939937],[84.972534,26.9475],[84.969139,26.952884],[84.964012,26.958019],[84.959304,26.96017],[84.95153,26.960853],[84.933433,26.967033],[84.921295,26.96791],[84.911109,26.966388],[84.906089,26.967847],[84.901115,26.97068],[84.895965,26.971614],[84.892517,26.970552],[84.890205,26.970706],[84.88845,26.972757],[84.888092,26.975919],[84.887039,26.977691],[84.881431,26.979772],[84.873207,26.980741],[84.860618,26.986896],[84.858413,26.988721],[84.85781,26.990842],[84.859024,26.996664],[84.85894,27.002927],[84.858039,27.008554],[84.851875,27.008794],[84.84748,27.010822],[84.843933,27.017518],[84.839004,27.021558],[84.830574,27.023153],[84.81562,27.018074],[84.814193,27.014207],[84.814605,27.012138],[84.812324,27.009702],[84.811614,27.004871],[84.809906,27.003067],[84.805992,27.002861],[84.803092,27.003818],[84.801109,27.003335],[84.796844,26.995822],[84.795822,26.995292],[84.794464,26.996543],[84.79409,27.000625],[84.791404,27.009347],[84.784965,27.015781],[84.781806,27.017248],[84.776618,27.016164],[84.77108,27.012548],[84.762413,27.003267],[84.757896,27.004892],[84.743293,27.012638],[84.738777,27.014144],[84.727729,27.014553],[84.721336,27.017942],[84.716361,27.024568],[84.711395,27.02659],[84.695945,27.02983],[84.66793,27.040596],[84.651641,27.044107],[84.649497,27.04593],[84.649009,27.048276],[84.651092,27.055433],[84.648826,27.065584],[84.649162,27.068929],[84.653312,27.075233],[84.657379,27.078496],[84.66574,27.081632],[84.668724,27.084362],[84.671913,27.094739],[84.677818,27.09963],[84.67852,27.104703],[84.677551,27.109462],[84.679908,27.115467],[84.678321,27.123382],[84.684478,27.137771],[84.686271,27.151473],[84.689285,27.156793],[84.688682,27.158164],[84.683135,27.159543],[84.682678,27.160636],[84.683601,27.163288],[84.681289,27.167518],[84.681381,27.169992],[84.683845,27.173065],[84.685195,27.182167],[84.687583,27.190753],[84.686447,27.198333],[84.689605,27.206588],[84.68898,27.210206],[84.692207,27.213977],[84.692932,27.217031],[84.691947,27.227548],[84.69075,27.23047],[84.675758,27.25366],[84.66819,27.269805],[84.660575,27.280759],[84.646713,27.304948],[84.637756,27.31882],[84.633445,27.327348],[84.625724,27.336008],[84.620048,27.336921],[84.609764,27.336122],[84.600257,27.338666],[84.592201,27.33962],[84.566589,27.347795],[84.533638,27.351341],[84.523872,27.354335],[84.513381,27.354221],[84.502067,27.357421],[84.492897,27.358934],[84.483634,27.35865],[84.481193,27.357097],[84.480102,27.358091],[84.481094,27.360347],[84.4887,27.363832],[84.492263,27.366683],[84.496528,27.373466],[84.504455,27.377054],[84.506668,27.379495],[84.509033,27.380674],[84.517303,27.383123],[84.524559,27.384298],[84.529464,27.383438],[84.532852,27.380826],[84.533744,27.381357],[84.533775,27.383541],[84.535758,27.384595],[84.539237,27.384351],[84.541992,27.385419],[84.541152,27.389429],[84.539772,27.391544],[84.540306,27.402761],[84.5484,27.404111],[84.550804,27.406843],[84.549537,27.409528],[84.542892,27.410377],[84.538864,27.412345],[84.536705,27.414617],[84.538322,27.418148],[84.544631,27.422355],[84.551345,27.42962],[84.553092,27.437629],[84.556716,27.440778],[84.558761,27.445741],[84.558769,27.453792],[84.560386,27.457664],[84.563041,27.460968],[84.569725,27.462196],[84.578216,27.454637],[84.599754,27.453088],[84.607582,27.451498],[84.61296,27.44909],[84.62973,27.44806],[84.637397,27.443769],[84.643218,27.442161],[84.64624,27.437934],[84.650047,27.429182],[84.652641,27.427537],[84.661689,27.430164],[84.672546,27.427745],[84.699539,27.432092],[84.71656,27.431173],[84.720825,27.43024],[84.727584,27.439737],[84.738357,27.443748],[84.762351,27.436618],[84.781471,27.438123],[84.790122,27.436483],[84.79708,27.436775],[84.800437,27.436115],[84.805358,27.429378],[84.80931,27.427518],[84.814208,27.418073],[84.822463,27.416994],[84.829208,27.418497],[84.834045,27.418365],[84.848503,27.410844],[84.852615,27.406919],[84.856376,27.399585],[84.858772,27.398458],[84.872566,27.398065],[84.877601,27.39713],[84.881256,27.393423],[84.890014,27.388031],[84.898475,27.385749],[84.901397,27.378816],[84.903953,27.375444],[84.911674,27.375858],[84.916267,27.374057],[84.921463,27.370479],[84.92794,27.367362],[84.934013,27.365459],[84.940208,27.364711],[84.950553,27.361055],[84.952033,27.361185],[84.955528,27.365062],[84.978355,27.356739],[84.983505,27.362409],[84.985618,27.363063],[84.988975,27.362688],[84.997253,27.36499],[85.001045,27.365253],[85.003761,27.364524],[85.005004,27.362926],[85.005058,27.358036],[85.019386,27.355161],[85.023628,27.355709],[85.026824,27.357631],[85.032798,27.359115],[85.048355,27.361129],[85.057006,27.365104],[85.061767,27.365711],[85.064163,27.364004],[85.08007,27.364006],[85.09027,27.362007],[85.094375,27.356864],[85.097579,27.340209],[85.099433,27.335559],[85.105369,27.327777],[85.109992,27.323328],[85.119293,27.320348],[85.123062,27.316463],[85.12284,27.312778],[85.125869,27.306816],[85.132003,27.298286],[85.140098,27.293222],[85.143409,27.290025],[85.14598,27.284526],[85.146926,27.279756],[85.153572,27.271457],[85.15747,27.267692],[85.161613,27.265192],[85.16555,27.264007],[85.17012,27.26375],[85.184188,27.259872],[85.185043,27.257518],[85.184783,27.251539],[85.188499,27.246496],[85.196113,27.243497],[85.204238,27.248323],[85.226066,27.246047],[85.232818,27.246313],[85.242446,27.248844],[85.251129,27.248899],[85.256828,27.244962],[85.26033,27.234634],[85.265998,27.226211],[85.268264,27.224784],[85.273704,27.228157],[85.281791,27.229637],[85.31195,27.230436],[85.318397,27.229097],[85.339363,27.221673],[85.353195,27.221342],[85.357429,27.214061],[85.364402,27.211046],[85.378097,27.211233],[85.382751,27.208498],[85.39756,27.206266],[85.398796,27.204889],[85.399208,27.201446],[85.401107,27.196449],[85.406654,27.1944],[85.411865,27.194368],[85.419227,27.189577],[85.432723,27.190902],[85.441764,27.185541],[85.447555,27.185623],[85.451438,27.182363],[85.457374,27.170368],[85.461585,27.165782],[85.466033,27.163503],[85.480766,27.1623],[85.486419,27.162549],[85.490402,27.163604],[85.498916,27.168994],[85.503761,27.176713],[85.5046,27.176811],[85.505867,27.175361],[85.505836,27.173637],[85.504188,27.170495],[85.505424,27.167322],[85.495399,27.161989],[85.491485,27.157152],[85.490585,27.143781],[85.530456,27.141542],[85.535285,27.142631],[85.541107,27.146005],[85.544311,27.145965],[85.552307,27.144153],[85.562263,27.145175],[85.574058,27.140439],[85.581138,27.142072],[85.594604,27.14162],[85.598777,27.142141],[85.605506,27.141487],[85.609649,27.139713],[85.62471,27.139238],[85.638526,27.140781],[85.651107,27.145217],[85.669601,27.158195],[85.678649,27.162389],[85.685493,27.168899],[85.692047,27.177438],[85.698875,27.1828],[85.717582,27.188589],[85.725341,27.192216],[85.730163,27.193017],[85.737182,27.190338],[85.7471,27.188764],[85.769454,27.182147],[85.782196,27.176805],[85.798416,27.16854],[85.819145,27.161357],[85.82302,27.162736],[85.827903,27.166975],[85.831764,27.167493],[85.837181,27.165409],[85.845115,27.160419],[85.845695,27.157245],[85.843086,27.154407],[85.840423,27.149274],[85.840698,27.146686],[85.842903,27.144077],[85.846076,27.142307],[85.85437,27.139602],[85.857856,27.137537],[85.865715,27.128238],[85.869262,27.129333],[85.872566,27.135028],[85.876823,27.139856],[85.884933,27.144905],[85.888786,27.145143],[85.896728,27.140718],[85.900558,27.139513],[85.908149,27.133947],[85.928527,27.125888],[85.937461,27.123167],[85.940269,27.119106],[85.939498,27.11194],[85.94683,27.092584],[85.951232,27.087923],[85.959495,27.083778],[85.966766,27.078207],[85.968612,27.074157],[85.974861,27.048788],[85.993339,27.025808],[86.003204,27.022212],[86.034576,27.02058],[86.046714,27.018667],[86.074615,27.019945],[86.090309,27.019695],[86.098625,27.018701],[86.114891,27.014705],[86.128845,27.007587],[86.144027,26.998146],[86.158309,26.991308],[86.17897,26.983781],[86.18663,26.982219],[86.18975,26.978147],[86.194839,26.976335],[86.195106,26.973745],[86.196983,26.971706],[86.212509,26.963685],[86.219451,26.958686],[86.219985,26.953794],[86.22219,26.95174],[86.22824,26.950201],[86.231079,26.948141],[86.235214,26.946926],[86.240852,26.940799],[86.246543,26.937541],[86.257659,26.933042],[86.26081,26.930683],[86.260757,26.92839],[86.25872,26.922672],[86.25962,26.920078],[86.263481,26.916873],[86.266754,26.92517],[86.269622,26.929159],[86.27787,26.933347],[86.2816,26.930944],[86.291351,26.928213],[86.303688,26.927867],[86.317588,26.924577],[86.33979,26.915012],[86.362922,26.908987],[86.373703,26.906986],[86.390594,26.907619],[86.407394,26.906473],[86.427185,26.899728],[86.433609,26.897081],[86.445861,26.88973],[86.455482,26.886821],[86.487098,26.885322],[86.491416,26.886503],[86.494445,26.888328],[86.505577,26.889274],[86.513198,26.887165],[86.52256,26.889238],[86.527961,26.886999],[86.536972,26.886495],[86.540954,26.887655],[86.550483,26.887893],[86.562797,26.886262],[86.565521,26.884401],[86.568061,26.878919],[86.577095,26.871759],[86.578346,26.865831],[86.579605,26.85164],[86.582389,26.84604],[86.58628,26.841058],[86.593597,26.834777],[86.596786,26.829982],[86.601661,26.818964],[86.602104,26.810232],[86.604255,26.796495],[86.603424,26.779743],[86.604591,26.776342],[86.634544,26.760097],[86.65966,26.748548],[86.668159,26.740983],[86.670112,26.735569],[86.669761,26.729429],[86.667266,26.72516],[86.667579,26.720619],[86.66349,26.712518],[86.662788,26.708509],[86.673233,26.694608],[86.676811,26.691005],[86.681106,26.688198],[86.688316,26.688232],[86.693771,26.690059],[86.700775,26.696628],[86.703697,26.700031],[86.705154,26.703285],[86.708068,26.70589],[86.710487,26.705463],[86.71524,26.702989],[86.725997,26.709167],[86.735855,26.710596],[86.740097,26.708707],[86.744735,26.699289],[86.748657,26.697408],[86.753822,26.693038],[86.757102,26.686794],[86.758361,26.68592],[86.760681,26.687271],[86.770988,26.696949],[86.775566,26.699357],[86.790016,26.704627],[86.795898,26.708734],[86.802818,26.710424],[86.808242,26.710178],[86.814598,26.708381],[86.820396,26.707847],[86.829345,26.712255],[86.832473,26.71245],[86.837188,26.711696],[86.840911,26.709289],[86.84275,26.704793],[86.843025,26.694915],[86.843933,26.692325],[86.847763,26.692384],[86.852409,26.691287],[86.854179,26.694196],[86.859977,26.696983],[86.86766,26.702219],[86.871887,26.70997],[86.876502,26.7114],[86.882514,26.711605],[86.887069,26.712863],[86.893463,26.720869],[86.901947,26.727231],[86.905265,26.730693],[86.908279,26.735237],[86.909828,26.739698],[86.909629,26.749912],[86.911468,26.763322],[86.916137,26.767387],[86.921096,26.765882],[86.926681,26.760522],[86.929687,26.753543],[86.930503,26.74957],[86.932922,26.745346],[86.935874,26.742603],[86.940483,26.739904],[86.946701,26.737749],[86.961845,26.73834],[86.965003,26.736166],[86.966453,26.731958],[86.965728,26.723533],[86.967041,26.718576],[86.969665,26.715841],[86.973091,26.714414],[86.978759,26.713819],[86.988571,26.71615],[86.995292,26.713415],[86.999809,26.712945],[87.005119,26.713325],[87.020568,26.716772],[87.027648,26.717603],[87.025917,26.710025]]]}},{"type":"Feature","properties":{"id":"P3","name":"Bagmati","name_ne":"\u092c\u093e\u0917\u092e\u0924\u0940","admin_level":1},"geometry":{"type":"Polygon","coordinates":[[[85.503761,27.176713],[85.498916,27.168994],[85.494239,27.165813],[85.490402,27.163604],[85.486419,27.162549],[85.480766,27.1623],[85.466033,27.163503],[85.461585,27.165782],[85.457374,27.170368],[85.451438,27.182363],[85.447555,27.185623],[85.441764,27.185541],[85.432723,27.190902],[85.419227,27.189577],[85.411865,27.194368],[85.406654,27.1944],[85.401107,27.196449],[85.399208,27.201446],[85.398796,27.204889],[85.39756,27.206266],[85.382751,27.208498],[85.378097,27.211233],[85.364402,27.211046],[85.357429,27.214061],[85.353195,27.221342],[85.339363,27.221673],[85.318397,27.229097],[85.31195,27.230436],[85.281791,27.229637],[85.273704,27.228157],[85.268264,27.224784],[85.265998,27.226211],[85.26033,27.234634],[85.256828,27.244962],[85.251129,27.248899],[85.242446,27.248844],[85.232818,27.246313],[85.226066,27.246047],[85.204238,27.248323],[85.196113,27.243497],[85.188499,27.246496],[85.184783,27.251539],[85.185043,27.257518],[85.184188,27.259872],[85.17012,27.26375],[85.16555,27.264007],[85.161613,27.265192],[85.15747,27.267692],[85.153572,27.271457],[85.146926,27.279756],[85.14598,27.284526],[85.143409,27.290025],[85.140098,27.293222],[85.132003,27.298286],[85.125869,27.306816],[85.12284,27.312778],[85.123062,27.316463],[85.119293,27.320348],[85.109992,27.323328],[85.105369,27.327777],[85.099433,27.335559],[85.097579,27.340209],[85.094375,27.356864],[85.09027,27.362007],[85.08007,27.364006],[85.064163,27.364004],[85.061767,27.365711],[85.057006,27.365104],[85.048355,27.361129],[85.032798,27.359115],[85.026824,27.357631],[85.023628,27.355709],[85.019386,27.355161],[85.005058,27.358036],[85.005004,27.362926],[85.003761,27.364524],[85.001045,27.365253],[84.997253,27.36499],[84.988975,27.362688],[84.985618,27.363063],[84.983505,27.362409],[84.978355,27.356739],[84.955528,27.365062],[84.952033,27.361185],[84.950553,27.361055],[84.940208,27.364711],[84.934013,27.365459],[84.92794,27.367362],[84.921463,27.370479],[84.916267,27.374057],[84.911674,27.375858],[84.903953,27.375444],[84.901397,27.378816],[84.898475,27.385749],[84.890014,27.388031],[84.881256,27.393423],[84.877601,27.39713],[84.872566,27.398065],[84.858772,27.398458],[84.856376,27.399585],[84.852615,27.406919],[84.848503,27.410844],[84.834045,27.418365],[84.829208,27.418497],[84.822463,27.416994],[84.814208,27.418073],[84.80931,27.427518],[84.805358,27.429378],[84.800437,27.436115],[84.79708,27.436775],[84.790122,27.436483],[84.781471,27.438123],[84.762351,27.436618],[84.738357,27.443748],[84.727584,27.439737],[84.720825,27.43024],[84.71656,27.431173],[84.699539,27.432092],[84.672546,27.427745],[84.661689,27.430164],[84.652641,27.427537],[84.650047,27.429182],[84.64624,27.437934],[84.643218,27.442161],[84.637397,27.443769],[84.62973,27.44806],[84.61296,27.44909],[84.607582,27.451498],[84.599754,27.453088],[84.578216,27.454637],[84.569725,27.462196],[84.563041,27.460968],[84.560386,27.457664],[84.558769,27.453792],[84.558761,27.445741],[84.556716,27.440778],[84.553092,27.437629],[84.551345,27.42962],[84.544631,27.422355],[84.538322,27.418148],[84.536705,27.414617],[84.538864,27.412345],[84.542892,27.410377],[84.549537,27.409528],[84.550804,27.406843],[84.5484,27.404111],[84.540306,27.402761],[84.539772,27.391544],[84.541152,27.389429],[84.541992,27.385419],[84.539237,27.384351],[84.535758,27.384595],[84.533775,27.383541],[84.533744,27.381357],[84.532852,27.380826],[84.529464,27.383438],[84.524559,27.384298],[84.517303,27.383123],[84.509033,27.380674],[84.506668,27.379495],[84.504455,27.377054],[84.496528,27.373466],[84.492263,27.366683],[84.4887,27.363832],[84.481094,27.360347],[84.480102,27.358091],[84.481193,27.357097],[84.478347,27.355028],[84.474891,27.354125],[84.467521,27.359956],[84.462463,27.36203],[84.455116,27.362979],[84.452255,27.364263],[84.447418,27.369102],[84.444435,27.37021],[84.435806,27.370512],[84.429092,27.371643],[84.421157,27.368844],[84.417533,27.369832],[84.410736,27.368082],[84.406982,27.369474],[84.404014,27.369617],[84.395736,27.368362],[84.382942,27.374765],[84.376129,27.374338],[84.36914,27.372295],[84.353096,27.373245],[84.348258,27.373992],[84.342674,27.376502],[84.333656,27.376737],[84.328453,27.380121],[84.304946,27.387815],[84.299842,27.388782],[84.297988,27.387952],[84.295677,27.383846],[84.293533,27.384906],[84.278915,27.39599],[84.277374,27.399127],[84.278854,27.409902],[84.278236,27.415584],[84.276535,27.420846],[84.271469,27.430385],[84.266967,27.433427],[84.261085,27.434675],[84.260314,27.438169],[84.260559,27.442487],[84.259269,27.44598],[84.256774,27.44853],[84.252784,27.451753],[84.246772,27.453052],[84.237327,27.45161],[84.233657,27.455183],[84.231094,27.454284],[84.2247,27.448102],[84.223266,27.445672],[84.223014,27.441932],[84.221939,27.440765],[84.220275,27.440343],[84.213554,27.441347],[84.209289,27.445421],[84.208992,27.4545],[84.20745,27.4577],[84.207077,27.460687],[84.207496,27.462356],[84.209213,27.463527],[84.20935,27.466354],[84.206642,27.469882],[84.201583,27.471702],[84.188072,27.470952],[84.180526,27.474462],[84.174537,27.474439],[84.172782,27.47528],[84.167587,27.48084],[84.163551,27.483085],[84.154647,27.483652],[84.150146,27.486402],[84.148727,27.489658],[84.147789,27.495277],[84.151153,27.500904],[84.151077,27.505214],[84.152542,27.512535],[84.151588,27.515457],[84.145942,27.517101],[84.141189,27.516344],[84.131942,27.511327],[84.126152,27.5109],[84.121871,27.512165],[84.120498,27.513292],[84.118217,27.517629],[84.115036,27.518907],[84.106658,27.518959],[84.102943,27.517871],[84.101051,27.51572],[84.100334,27.512826],[84.100418,27.502084],[84.098533,27.496307],[84.095237,27.490165],[84.089607,27.484861],[84.086807,27.483322],[84.078887,27.482975],[84.071617,27.479078],[84.070312,27.47693],[84.0699,27.47141],[84.067947,27.466207],[84.062103,27.462097],[84.060752,27.458568],[84.062858,27.453083],[84.061035,27.45104],[84.056831,27.44857],[84.056274,27.444425],[84.053726,27.443063],[84.03022,27.436565],[84.022888,27.432664],[84.007865,27.439741],[83.999938,27.440137],[83.996231,27.44198],[83.986183,27.441888],[83.980178,27.439439],[83.972312,27.442995],[83.967201,27.444129],[83.962524,27.443017],[83.953521,27.439266],[83.951911,27.439411],[83.949172,27.440856],[83.946037,27.44593],[83.943962,27.446815],[83.938301,27.4465],[83.934066,27.447385],[83.941955,27.457939],[83.94371,27.462747],[83.94461,27.475675],[83.942543,27.482082],[83.942413,27.486848],[83.944808,27.49139],[83.961257,27.499605],[83.965881,27.503074],[83.971977,27.510221],[83.971488,27.516662],[83.967903,27.521076],[83.963714,27.524631],[83.958015,27.525909],[83.953956,27.524698],[83.949073,27.51926],[83.944763,27.515798],[83.933525,27.512466],[83.928764,27.513763],[83.92366,27.516456],[83.92102,27.520885],[83.920639,27.534343],[83.922073,27.539424],[83.92604,27.544004],[83.929718,27.544418],[83.934867,27.544794],[83.949943,27.542032],[83.969116,27.543704],[84.023277,27.540159],[84.036033,27.540287],[84.05027,27.544116],[84.070503,27.547576],[84.101951,27.548498],[84.107803,27.549324],[84.112472,27.550947],[84.117675,27.555501],[84.123527,27.559268],[84.127891,27.570537],[84.138092,27.582864],[84.151565,27.596567],[84.170074,27.610155],[84.18753,27.625118],[84.203346,27.635108],[84.223564,27.643888],[84.251953,27.654731],[84.25988,27.658975],[84.282836,27.667215],[84.29071,27.670761],[84.323913,27.687404],[84.329788,27.694782],[84.332458,27.697061],[84.336624,27.698776],[84.35704,27.701684],[84.361488,27.698692],[84.367156,27.691978],[84.374794,27.686954],[84.387153,27.685445],[84.394157,27.687427],[84.419586,27.699237],[84.428833,27.706014],[84.431526,27.710874],[84.430488,27.720188],[84.427864,27.729496],[84.425102,27.735095],[84.425666,27.739006],[84.428466,27.741201],[84.43106,27.741764],[84.44062,27.747045],[84.452651,27.763366],[84.454589,27.763357],[84.466842,27.756994],[84.469757,27.757272],[84.472343,27.758991],[84.473976,27.761564],[84.471092,27.768468],[84.463691,27.7751],[84.457237,27.778564],[84.440765,27.782077],[84.438507,27.783226],[84.435295,27.786973],[84.43209,27.795026],[84.43148,27.803354],[84.433441,27.807937],[84.441238,27.817962],[84.446426,27.821388],[84.448699,27.821954],[84.454841,27.821651],[84.457099,27.820781],[84.46389,27.820755],[84.47393,27.823879],[84.477165,27.824146],[84.491378,27.820652],[84.501083,27.820611],[84.515609,27.815387],[84.517875,27.81624],[84.521125,27.819095],[84.524734,27.829998],[84.526367,27.83286],[84.530586,27.836284],[84.551605,27.835342],[84.554527,27.836765],[84.558433,27.841915],[84.562385,27.855682],[84.566711,27.859003],[84.573684,27.861074],[84.577362,27.863479],[84.583511,27.872943],[84.589988,27.877737],[84.594596,27.877817],[84.608764,27.87202],[84.611618,27.871679],[84.614669,27.872707],[84.620719,27.876905],[84.625335,27.876401],[84.636756,27.86568],[84.638351,27.862977],[84.645401,27.861734],[84.648956,27.859651],[84.650154,27.854991],[84.658142,27.85045],[84.661285,27.846994],[84.663208,27.839424],[84.662857,27.835327],[84.663848,27.83008],[84.668807,27.823728],[84.670181,27.820829],[84.674453,27.816028],[84.682914,27.812765],[84.692596,27.81254],[84.697448,27.81142],[84.704895,27.807159],[84.70977,27.802022],[84.719787,27.800067],[84.726585,27.79667],[84.732719,27.796131],[84.73529,27.79758],[84.739776,27.803636],[84.742019,27.805082],[84.750411,27.805128],[84.75846,27.809194],[84.764549,27.81726],[84.767448,27.817569],[84.772949,27.814725],[84.77555,27.811582],[84.777488,27.811305],[84.779418,27.812177],[84.7807,27.813911],[84.781013,27.816497],[84.777732,27.825658],[84.77671,27.835704],[84.766258,27.857746],[84.761062,27.86174],[84.755523,27.870891],[84.749671,27.877166],[84.749,27.882625],[84.746391,27.886047],[84.741531,27.888603],[84.738609,27.891462],[84.73664,27.896898],[84.734222,27.922433],[84.736114,27.931343],[84.746635,27.954944],[84.750167,27.958404],[84.773376,27.96916],[84.78012,27.976947],[84.78495,27.980419],[84.789123,27.986469],[84.792312,27.994235],[84.798751,27.999439],[84.805534,28.000043],[84.80973,28.001508],[84.816177,28.005556],[84.813552,28.011857],[84.81385,28.016735],[84.816719,28.024795],[84.813446,28.03281],[84.8134,28.040561],[84.816612,28.045459],[84.820793,28.049217],[84.821403,28.05668],[84.822669,28.061565],[84.826515,28.068187],[84.833534,28.088602],[84.838645,28.100397],[84.838638,28.102121],[84.84024,28.105285],[84.842491,28.107595],[84.843116,28.112478],[84.846336,28.11594],[84.854759,28.114259],[84.859306,28.111415],[84.8619,28.110851],[84.871932,28.109464],[84.880668,28.110366],[84.897529,28.104715],[84.913391,28.103061],[84.920181,28.104816],[84.922767,28.106264],[84.925659,28.110874],[84.927894,28.117486],[84.933052,28.122961],[84.935958,28.123836],[84.943405,28.123577],[84.949874,28.124467],[84.953109,28.125637],[84.955688,28.128229],[84.956321,28.131675],[84.954978,28.143722],[84.962997,28.161558],[84.965553,28.171613],[84.972297,28.184844],[84.973258,28.188585],[84.973243,28.19289],[84.971603,28.197477],[84.969642,28.20177],[84.963775,28.209789],[84.96376,28.213516],[84.970222,28.218709],[84.982482,28.231969],[85.031265,28.274076],[85.036109,28.28012],[85.03804,28.283288],[85.036033,28.300786],[85.036354,28.303951],[85.038917,28.311992],[85.043434,28.319187],[85.048927,28.324373],[85.062194,28.333614],[85.077415,28.341989],[85.082603,28.343162],[85.108879,28.344396],[85.113105,28.339815],[85.118629,28.336389],[85.122528,28.335252],[85.126411,28.336704],[85.132255,28.336721],[85.136802,28.333002],[85.142646,28.330438],[85.153358,28.32903],[85.164054,28.329925],[85.18061,28.32538],[85.183204,28.325677],[85.185798,28.327119],[85.188713,28.329711],[85.192268,28.335464],[85.194206,28.337186],[85.197776,28.33892],[85.201988,28.338932],[85.207511,28.336936],[85.220825,28.327789],[85.238685,28.317207],[85.244529,28.310333],[85.250389,28.297998],[85.253959,28.293983],[85.25785,28.29314],[85.269523,28.294595],[85.271141,28.294021],[85.279457,28.286788],[85.285285,28.285942],[85.303756,28.290287],[85.311859,28.290876],[85.33422,28.300094],[85.33908,28.301824],[85.342651,28.30212],[85.346542,28.299829],[85.348159,28.296112],[85.348167,28.291519],[85.349792,28.287511],[85.355621,28.285226],[85.368591,28.285535],[85.372154,28.28325],[85.377342,28.276659],[85.381881,28.280685],[85.388359,28.284425],[85.410728,28.305961],[85.413322,28.309692],[85.415908,28.322881],[85.416557,28.324893],[85.418502,28.326902],[85.431472,28.329498],[85.440879,28.333532],[85.449958,28.33497],[85.464553,28.335271],[85.480117,28.331563],[85.490173,28.330711],[85.50856,28.33279],[85.515693,28.331071],[85.527694,28.32648],[85.550064,28.315004],[85.563026,28.309257],[85.572105,28.307537],[85.592864,28.306381],[85.596427,28.305524],[85.597724,28.303226],[85.597702,28.293748],[85.601234,28.273359],[85.604454,28.262451],[85.608329,28.254981],[85.6119,28.25527],[85.627479,28.263299],[85.632675,28.26818],[85.645034,28.284542],[85.66259,28.301467],[85.662269,28.304344],[85.656768,28.310951],[85.655807,28.313821],[85.656135,28.317264],[85.663948,28.327026],[85.666572,28.339941],[85.670158,28.345392],[85.675354,28.34797],[85.682159,28.34596],[85.685409,28.346244],[85.686714,28.348541],[85.687698,28.352558],[85.685775,28.362323],[85.686439,28.367485],[85.686126,28.374088],[85.688095,28.382131],[85.692001,28.384136],[85.711151,28.385267],[85.720855,28.373479],[85.720825,28.362565],[85.721466,28.359981],[85.724685,28.352519],[85.731796,28.34188],[85.732421,28.334701],[85.73143,28.327814],[85.736915,28.31919],[85.738517,28.313167],[85.736824,28.289329],[85.741638,28.272674],[85.743843,28.253721],[85.746086,28.245391],[85.748985,28.239353],[85.752532,28.233898],[85.758674,28.227851],[85.771926,28.218357],[85.773864,28.216064],[85.774818,28.209745],[85.778045,28.206289],[85.801017,28.196491],[85.803283,28.196483],[85.808151,28.198774],[85.813667,28.199625],[85.814956,28.198183],[85.816871,28.192152],[85.823654,28.185251],[85.830123,28.183509],[85.84082,28.183492],[85.845024,28.182615],[85.846954,28.179742],[85.851112,28.166526],[85.853042,28.163644],[85.858207,28.15904],[85.866584,28.148115],[85.869476,28.142938],[85.870407,28.134605],[85.8694,28.125993],[85.871322,28.121686],[85.87519,28.117944],[85.886192,28.114757],[85.892654,28.111867],[85.895881,28.109563],[85.897483,28.106689],[85.899719,28.10008],[85.900299,28.086002],[85.899955,28.081703],[85.896675,28.071945],[85.896331,28.068782],[85.898559,28.059305],[85.901115,28.053556],[85.918853,28.04059],[85.922714,28.036848],[85.927215,28.030797],[85.946235,28.016674],[85.965232,28.000541],[85.973945,27.996778],[85.976844,27.993324],[85.976165,27.987579],[85.973548,27.982421],[85.971595,27.979845],[85.967048,27.976696],[85.959571,27.969543],[85.957283,27.963802],[85.956596,27.957487],[85.949752,27.946594],[85.944557,27.942022],[85.948097,27.93971],[85.957458,27.936235],[85.964225,27.932773],[85.980323,27.920373],[85.990631,27.913732],[85.998367,27.910549],[86.004188,27.910528],[86.012611,27.913658],[86.017456,27.913358],[86.028083,27.907285],[86.034858,27.905546],[86.048446,27.90722],[86.053604,27.904899],[86.056808,27.901435],[86.063278,27.896789],[86.066833,27.899364],[86.069168,27.903064],[86.069847,27.905063],[86.067993,27.909114],[86.069328,27.911388],[86.071601,27.911928],[86.076728,27.910129],[86.07933,27.910951],[86.085784,27.915582],[86.093711,27.919342],[86.112869,27.924215],[86.122634,27.927789],[86.125617,27.931482],[86.125671,27.934354],[86.124137,27.938108],[86.121284,27.941024],[86.115547,27.944852],[86.108917,27.952709],[86.10746,27.960779],[86.107917,27.96738],[86.106155,27.976306],[86.101196,27.986728],[86.093688,27.999769],[86.082305,28.012584],[86.079177,28.017808],[86.078277,28.021549],[86.085815,28.026609],[86.089813,28.032287],[86.088371,28.041215],[86.088623,28.054134],[86.089317,28.056423],[86.094589,28.061225],[86.094955,28.063232],[86.094665,28.065242],[86.091514,28.069311],[86.08152,28.087282],[86.080924,28.090158],[86.092063,28.097164],[86.095634,28.097404],[86.105552,28.091791],[86.113288,28.090515],[86.120132,28.092996],[86.127014,28.097192],[86.130065,28.104036],[86.132545,28.114912],[86.135498,28.116882],[86.13842,28.117116],[86.140403,28.119096],[86.142143,28.125101],[86.147354,28.126741],[86.15097,28.129274],[86.158561,28.136613],[86.173217,28.140974],[86.179435,28.144323],[86.179496,28.147195],[86.175704,28.151569],[86.174468,28.154458],[86.174888,28.159336],[86.173393,28.165393],[86.175094,28.169385],[86.177719,28.171062],[86.184219,28.172111],[86.186157,28.171789],[86.189643,28.168289],[86.197113,28.153799],[86.195358,28.147226],[86.198051,28.136552],[86.204406,28.130704],[86.217308,28.112966],[86.221572,28.100551],[86.221138,28.095096],[86.218521,28.093988],[86.209121,28.092996],[86.206809,28.091024],[86.205451,28.087882],[86.205276,28.079271],[86.210243,28.069423],[86.211097,28.063957],[86.217575,28.04862],[86.219024,28.040845],[86.225936,28.030963],[86.226524,28.028367],[86.222572,28.024986],[86.221832,28.020406],[86.221359,28.013515],[86.223037,28.000848],[86.222785,27.988786],[86.225868,27.981843],[86.232177,27.974269],[86.235366,27.972202],[86.238914,27.97186],[86.257789,27.977857],[86.267814,27.978263],[86.271369,27.97821],[86.279067,27.975488],[86.288459,27.976196],[86.293609,27.975248],[86.298652,27.969415],[86.303276,27.958993],[86.315948,27.947284],[86.320518,27.949213],[86.331459,27.96195],[86.334709,27.96276],[86.335899,27.958143],[86.339332,27.952625],[86.338317,27.950345],[86.335044,27.948678],[86.339859,27.947156],[86.343338,27.943643],[86.347091,27.938127],[86.348373,27.937528],[86.360061,27.940193],[86.36557,27.94067],[86.370086,27.940591],[86.37619,27.938758],[86.386367,27.931692],[86.388557,27.928197],[86.400924,27.917924],[86.410377,27.907411],[86.415527,27.906747],[86.428153,27.907955],[86.441383,27.907142],[86.446342,27.911939],[86.454185,27.915817],[86.462753,27.923126],[86.467727,27.928491],[86.4691,27.932207],[86.467376,27.941137],[86.469749,27.945976],[86.490539,27.950767],[86.498405,27.955221],[86.503921,27.95626],[86.509407,27.955873],[86.518463,27.956907],[86.52037,27.946098],[86.52143,27.94362],[86.523338,27.941703],[86.530487,27.940536],[86.535087,27.94169],[86.539787,27.936767],[86.550155,27.930915],[86.552947,27.927556],[86.553382,27.922159],[86.555282,27.919727],[86.56108,27.919033],[86.561546,27.915811],[86.556343,27.90422],[86.554214,27.895412],[86.556846,27.88585],[86.557167,27.881662],[86.555229,27.8686],[86.555862,27.858779],[86.550544,27.839559],[86.549171,27.829706],[86.545471,27.823835],[86.543502,27.817029],[86.544174,27.814495],[86.545379,27.81328],[86.550529,27.812475],[86.555198,27.810071],[86.565101,27.808071],[86.568229,27.806482],[86.569625,27.804636],[86.569511,27.801422],[86.57096,27.799169],[86.571868,27.795425],[86.568748,27.785249],[86.569694,27.779609],[86.567359,27.774131],[86.567214,27.768625],[86.569023,27.764757],[86.574531,27.758327],[86.573982,27.756042],[86.569076,27.751159],[86.566528,27.744535],[86.561035,27.739198],[86.557983,27.724599],[86.553291,27.711917],[86.549087,27.706794],[86.544006,27.702552],[86.541023,27.696783],[86.538726,27.694173],[86.535743,27.692829],[86.531036,27.692018],[86.522148,27.692403],[86.51654,27.695598],[86.511718,27.696393],[86.495063,27.693706],[86.479766,27.686815],[86.467567,27.675701],[86.460052,27.671003],[86.458076,27.658969],[86.458877,27.651258],[86.455085,27.645345],[86.450263,27.641923],[86.446975,27.636917],[86.445472,27.631238],[86.441429,27.625324],[86.437713,27.608005],[86.427909,27.601564],[86.424049,27.59679],[86.417602,27.590839],[86.401618,27.584289],[86.385215,27.574466],[86.377586,27.566913],[86.373764,27.56063],[86.37075,27.551759],[86.364013,27.543449],[86.358657,27.527318],[86.355438,27.527294],[86.350921,27.525964],[86.341346,27.521179],[86.329833,27.506254],[86.313217,27.488973],[86.297981,27.478271],[86.290168,27.47071],[86.282844,27.465446],[86.271202,27.459472],[86.26757,27.456745],[86.261299,27.448432],[86.256492,27.434123],[86.251953,27.425333],[86.244567,27.420291],[86.24028,27.416025],[86.239219,27.413681],[86.238838,27.40846],[86.237655,27.406177],[86.228523,27.395013],[86.223838,27.38438],[86.2238,27.381111],[86.22792,27.371202],[86.227752,27.368223],[86.222846,27.365793],[86.221664,27.363737],[86.223602,27.359188],[86.220481,27.350494],[86.219429,27.335748],[86.219963,27.332389],[86.222145,27.329486],[86.224067,27.329162],[86.224693,27.32829],[86.223037,27.326023],[86.223297,27.323144],[86.230339,27.321874],[86.231597,27.320709],[86.237777,27.309104],[86.2406,27.305896],[86.238471,27.296449],[86.242568,27.292654],[86.242866,27.29149],[86.237648,27.287849],[86.233367,27.283033],[86.228149,27.279094],[86.22583,27.275686],[86.220962,27.273466],[86.218986,27.271207],[86.215751,27.269824],[86.213043,27.263256],[86.208129,27.258741],[86.205444,27.251745],[86.21434,27.247219],[86.226882,27.238494],[86.232078,27.238504],[86.239044,27.241197],[86.246879,27.247154],[86.254623,27.250635],[86.264358,27.259788],[86.266937,27.260505],[86.268981,27.260028],[86.270591,27.255359],[86.272232,27.253166],[86.286216,27.24764],[86.296981,27.241111],[86.307975,27.237501],[86.311729,27.235118],[86.318367,27.232522],[86.340873,27.23133],[86.344436,27.229],[86.345497,27.226575],[86.344505,27.209596],[86.3451,27.206323],[86.347572,27.203544],[86.362533,27.199947],[86.373039,27.194099],[86.38031,27.191268],[86.389778,27.181177],[86.387733,27.181722],[86.384887,27.173782],[86.379653,27.165912],[86.3749,27.160511],[86.37564,27.153734],[86.375152,27.150516],[86.369934,27.14392],[86.363487,27.141111],[86.359191,27.140981],[86.351486,27.145191],[86.34764,27.145462],[86.3423,27.138801],[86.329109,27.11511],[86.325233,27.112508],[86.322593,27.111791],[86.315414,27.112091],[86.312332,27.111434],[86.310333,27.110649],[86.309417,27.108703],[86.313934,27.106197],[86.324417,27.10408],[86.335998,27.102645],[86.350944,27.103763],[86.354461,27.103038],[86.356933,27.101343],[86.360542,27.097578],[86.360893,27.095222],[86.353942,27.073539],[86.354644,27.068078],[86.357604,27.064147],[86.363945,27.059436],[86.366264,27.0554],[86.368148,27.047573],[86.371162,27.043233],[86.382476,27.036809],[86.385444,27.034151],[86.383369,27.032733],[86.378097,27.025785],[86.375732,27.021223],[86.373298,27.006559],[86.368835,26.993627],[86.369415,26.979562],[86.365615,26.972827],[86.357826,26.964303],[86.356216,26.963222],[86.353393,26.962911],[86.344963,26.963676],[86.332199,26.961566],[86.316024,26.962121],[86.312309,26.961589],[86.290252,26.952785],[86.286247,26.949722],[86.283256,26.945678],[86.281356,26.936632],[86.27787,26.933347],[86.269622,26.929159],[86.266754,26.92517],[86.263481,26.916873],[86.25962,26.920078],[86.25872,26.922672],[86.260757,26.92839],[86.26081,26.930683],[86.257659,26.933042],[86.246543,26.937541],[86.240852,26.940799],[86.235214,26.946926],[86.231079,26.948141],[86.22824,26.950201],[86.22219,26.95174],[86.219985,26.953794],[86.219451,26.958686],[86.212509,26.963685],[86.196983,26.971706],[86.195106,26.973745],[86.194839,26.976335],[86.18975,26.978147],[86.18663,26.982219],[86.17897,26.983781],[86.158309,26.991308],[86.144027,26.998146],[86.128845,27.007587],[86.114891,27.014705],[86.098625,27.018701],[86.090309,27.019695],[86.074615,27.019945],[86.046714,27.018667],[86.034576,27.02058],[86.003204,27.022212],[85.993339,27.025808],[85.974861,27.048788],[85.968612,27.074157],[85.966766,27.078207],[85.959495,27.083778],[85.951232,27.087923],[85.94683,27.092584],[85.939498,27.11194],[85.940269,27.119106],[85.937461,27.123167],[85.928527,27.125888],[85.908149,27.133947],[85.900558,27.139513],[85.896728,27.140718],[85.888786,27.145143],[85.884933,27.144905],[85.876823,27.139856],[85.872566,27.135028],[85.869262,27.129333],[85.865715,27.128238],[85.857856,27.137537],[85.85437,27.139602],[85.846076,27.142307],[85.842903,27.144077],[85.840698,27.146686],[85.840423,27.149274],[85.843086,27.154407],[85.845695,27.157245],[85.845115,27.160419],[85.837181,27.165409],[85.831764,27.167493],[85.827903,27.166975],[85.82302,27.162736],[85.819145,27.161357],[85.798416,27.16854],[85.782196,27.176805],[85.769454,27.182147],[85.7471,27.188764],[85.737182,27.190338],[85.730163,27.193017],[85.725341,27.192216],[85.717582,27.188589],[85.698875,27.1828],[85.692047,27.177438],[85.685493,27.168899],[85.678649,27.162389],[85.669601,27.158195],[85.651107,27.145217],[85.634346,27.139972],[85.62471,27.139238],[85.609649,27.139713],[85.605506,27.141487],[85.598777,27.142141],[85.594604,27.14162],[85.581138,27.142072],[85.574058,27.140439],[85.562263,27.145175],[85.552307,27.144153],[85.544311,27.145965],[85.541107,27.146005],[85.535285,27.142631],[85.530456,27.141542],[85.490585,27.143781],[85.491485,27.157152],[85.495399,27.161989],[85.505424,27.167322],[85.504188,27.170495],[85.505836,27.173637],[85.505867,27.175361],[85.5046,27.176811],[85.503761,27.176713]]]}},{"type":"Feature","properties":{"id":"P4","name":"Gandaki","name_ne":"\u0917\u0923\u094d\u0921\u0915\u0940","admin_level":1},"geometry":{"type":"Polygon","coordinates":[[[83.942321,27.877353],[83.939086,27.876209],[83.931648,27.871324],[83.924537,27.869886],[83.921623,27.870172],[83.918067,27.87103],[83.913536,27.874475],[83.912239,27.877918],[83.908683,27.880788],[83.891212,27.883363],[83.882804,27.881639],[83.880859,27.885078],[83.875686,27.886512],[83.865013,27.881624],[83.863075,27.879325],[83.862434,27.875024],[83.859527,27.872154],[83.854995,27.874153],[83.852401,27.879316],[83.850135,27.880464],[83.847877,27.879032],[83.847236,27.877014],[83.848213,27.870992],[83.846595,27.868124],[83.839805,27.8684],[83.828804,27.87384],[83.822975,27.874986],[83.816841,27.871246],[83.813926,27.871242],[83.808425,27.872964],[83.801948,27.87984],[83.78997,27.886714],[83.78511,27.89159],[83.780891,27.899042],[83.776351,27.903913],[83.77246,27.906782],[83.762756,27.908773],[83.76081,27.908195],[83.757263,27.902744],[83.754676,27.902738],[83.750785,27.906749],[83.748519,27.907608],[83.745285,27.907604],[83.746917,27.903303],[83.746597,27.901573],[83.745628,27.90043],[83.743682,27.900711],[83.73883,27.903284],[83.729751,27.91188],[83.719703,27.919036],[83.717117,27.919319],[83.706443,27.917285],[83.699653,27.916988],[83.697387,27.917268],[83.691551,27.921277],[83.683151,27.918107],[83.681198,27.920396],[83.679573,27.924695],[83.678268,27.926124],[83.67601,27.926412],[83.672775,27.92554],[83.66761,27.9218],[83.660858,27.908006],[83.656669,27.902259],[83.653762,27.900817],[83.648269,27.899944],[83.636619,27.901355],[83.633705,27.90307],[83.634651,27.909957],[83.633995,27.913116],[83.632698,27.914545],[83.624923,27.91625],[83.62297,27.920549],[83.623603,27.92457],[83.620681,27.927141],[83.617126,27.927133],[83.610015,27.923667],[83.604843,27.923078],[83.602577,27.923654],[83.598365,27.925651],[83.595764,27.929655],[83.591552,27.930795],[83.578285,27.931043],[83.576988,27.931903],[83.578262,27.937932],[83.576309,27.939643],[83.574371,27.93964],[83.572113,27.938484],[83.5634,27.93272],[83.558547,27.93185],[83.550155,27.927518],[83.54531,27.926349],[83.542716,27.926637],[83.540451,27.928058],[83.537185,27.933794],[83.533935,27.937509],[83.532318,27.937215],[83.530715,27.935199],[83.52816,27.927452],[83.524604,27.925712],[83.523307,27.926572],[83.521339,27.933168],[83.517112,27.937454],[83.512573,27.940305],[83.509986,27.940015],[83.507736,27.937135],[83.509056,27.930828],[83.508422,27.928241],[83.504226,27.926511],[83.497428,27.927349],[83.487419,27.923297],[83.482887,27.923849],[83.478027,27.925556],[83.473159,27.927829],[83.467315,27.932405],[83.462783,27.93411],[83.446617,27.931755],[83.442062,27.936895],[83.442687,27.940916],[83.445579,27.945806],[83.461059,27.954475],[83.46492,27.958795],[83.468132,27.96483],[83.471664,27.96943],[83.476181,27.97318],[83.488761,27.98097],[83.492965,27.981843],[83.497497,27.981292],[83.506599,27.973577],[83.517311,27.966148],[83.524757,27.964452],[83.538337,27.967365],[83.554809,27.975742],[83.556747,27.976034],[83.563232,27.97404],[83.577148,27.973514],[83.579414,27.974092],[83.588775,27.98072],[83.589401,27.985885],[83.59069,27.987035],[83.594245,27.987909],[83.602645,27.992807],[83.605545,27.996549],[83.607452,28.006589],[83.609062,28.009471],[83.610824,28.0109],[83.610679,28.011829],[83.602317,28.01991],[83.596519,28.023096],[83.594917,28.02569],[83.590721,28.027145],[83.585258,28.032339],[83.582023,28.033216],[83.574264,28.033256],[83.567489,28.035865],[83.566261,28.047929],[83.569915,28.064561],[83.576416,28.069692],[83.579353,28.073987],[83.584228,28.077978],[83.58036,28.080009],[83.57714,28.082897],[83.572288,28.08292],[83.562568,28.080953],[83.559661,28.081251],[83.557403,28.0827],[83.553878,28.088745],[83.55101,28.09679],[83.547485,28.103122],[83.53363,28.115236],[83.524917,28.120155],[83.519424,28.121902],[83.514274,28.126802],[83.511352,28.126241],[83.503219,28.118242],[83.49057,28.112264],[83.487655,28.112567],[83.480873,28.11518],[83.473114,28.116361],[83.47052,28.116077],[83.463706,28.111799],[83.460792,28.111236],[83.458854,28.112106],[83.455009,28.121593],[83.452758,28.123897],[83.448226,28.12478],[83.442092,28.128248],[83.436279,28.129701],[83.433357,28.129138],[83.428169,28.126577],[83.424926,28.126014],[83.422988,28.126884],[83.422035,28.130899],[83.424324,28.134908],[83.423034,28.136922],[83.415603,28.140398],[83.414321,28.14269],[83.418243,28.151866],[83.418586,28.15559],[83.416679,28.165351],[83.414764,28.170812],[83.412193,28.175127],[83.410896,28.175706],[83.407981,28.175144],[83.390129,28.165447],[83.383331,28.164031],[83.381065,28.164901],[83.377845,28.170083],[83.376258,28.177543],[83.372383,28.181003],[83.368507,28.182739],[83.365928,28.185611],[83.364959,28.188199],[83.365623,28.191644],[83.36499,28.194513],[83.361106,28.19625],[83.354942,28.193967],[83.346832,28.189403],[83.342941,28.188272],[83.337112,28.187709],[83.321899,28.189474],[83.315101,28.190355],[83.306686,28.19296],[83.296966,28.191841],[83.283355,28.18671],[83.277847,28.187011],[83.275909,28.188455],[83.274627,28.193334],[83.271408,28.199081],[83.261703,28.202836],[83.258796,28.206571],[83.256225,28.212606],[83.253959,28.215187],[83.24134,28.220384],[83.232948,28.230154],[83.230033,28.232463],[83.228103,28.236196],[83.22454,28.238784],[83.218727,28.246253],[83.213233,28.25114],[83.201583,28.257768],[83.193817,28.263523],[83.186058,28.270988],[83.182502,28.276741],[83.176673,28.277605],[83.168243,28.275321],[83.160781,28.27046],[83.141639,28.252986],[83.133529,28.248987],[83.131912,28.248987],[83.127708,28.252437],[83.114425,28.251592],[83.111511,28.252166],[83.099853,28.257921],[83.098236,28.259073],[83.098236,28.26194],[83.100509,28.269111],[83.1007,28.273612],[83.097015,28.276453],[83.095123,28.279117],[83.093559,28.284545],[83.08628,28.29466],[83.073654,28.303565],[83.071716,28.311597],[83.068473,28.316192],[83.051948,28.321657],[83.046768,28.326248],[83.042877,28.326251],[83.034446,28.323095],[83.024398,28.325975],[83.019859,28.329133],[83.016998,28.334196],[83.015502,28.33459],[83.01197,28.333127],[83.009147,28.333272],[83.004302,28.336305],[82.998466,28.347494],[82.984848,28.357831],[82.978691,28.35984],[82.964744,28.358407],[82.960205,28.359842],[82.958518,28.361534],[82.955986,28.371023],[82.945922,28.39483],[82.94268,28.399709],[82.940406,28.400859],[82.935218,28.401145],[82.92646,28.400279],[82.922248,28.401424],[82.920616,28.407163],[82.921913,28.412322],[82.921913,28.4172],[82.916389,28.426382],[82.916053,28.434694],[82.914756,28.438133],[82.907287,28.44559],[82.89138,28.452466],[82.889755,28.454471],[82.889427,28.45878],[82.886505,28.461639],[82.886497,28.467382],[82.883888,28.475406],[82.884864,28.47713],[82.888755,28.479143],[82.899147,28.478284],[82.908882,28.475135],[82.913749,28.476282],[82.915374,28.47772],[82.916023,28.479442],[82.913749,28.482593],[82.898155,28.495203],[82.890029,28.505531],[82.880599,28.513269],[82.879951,28.515556],[82.881568,28.516138],[82.888069,28.514703],[82.898452,28.516433],[82.903114,28.516386],[82.911186,28.521444],[82.913383,28.525329],[82.915977,28.526481],[82.916954,28.528774],[82.916618,28.541681],[82.918235,28.55577],[82.9179,28.562103],[82.923454,28.564535],[82.92678,28.564863],[82.931686,28.564102],[82.951324,28.553815],[82.95697,28.552316],[82.965332,28.552309],[82.966957,28.551158],[82.970207,28.54342],[82.974754,28.540266],[82.976379,28.540836],[82.978652,28.543987],[82.988395,28.563207],[82.988716,28.565786],[82.987091,28.570093],[82.98384,28.573251],[82.969215,28.580127],[82.964668,28.583572],[82.959785,28.590745],[82.957832,28.596475],[82.957511,28.599351],[82.95848,28.606809],[82.961402,28.613117],[82.964645,28.617134],[82.968544,28.620288],[82.974075,28.622293],[82.981224,28.622875],[82.985122,28.624883],[82.989021,28.62545],[82.995201,28.624019],[83.004631,28.620286],[83.012756,28.620859],[83.022506,28.618846],[83.027381,28.622289],[83.03128,28.623729],[83.037788,28.623434],[83.042015,28.62573],[83.04721,28.627162],[83.058586,28.619695],[83.060867,28.618553],[83.064765,28.618261],[83.080047,28.622554],[83.086227,28.62771],[83.096633,28.632581],[83.105087,28.63315],[83.107688,28.632575],[83.113197,28.629276],[83.114715,28.629304],[83.115852,28.632757],[83.116088,28.638893],[83.123863,28.653596],[83.121971,28.670475],[83.124526,28.673677],[83.133422,28.672298],[83.13961,28.674207],[83.142631,28.678035],[83.144287,28.691913],[83.150024,28.694168],[83.151336,28.695423],[83.151885,28.698863],[83.151145,28.704433],[83.149879,28.70932],[83.146537,28.7145],[83.143203,28.729551],[83.143188,28.739896],[83.147476,28.745559],[83.153663,28.74699],[83.170265,28.745252],[83.175796,28.746103],[83.196617,28.739479],[83.203773,28.734874],[83.212875,28.731424],[83.220046,28.734275],[83.228195,28.741149],[83.230796,28.742296],[83.235679,28.742576],[83.239906,28.7397],[83.244132,28.734525],[83.248359,28.731937],[83.252578,28.72676],[83.257453,28.723884],[83.277946,28.72126],[83.289352,28.726406],[83.306289,28.732389],[83.313781,28.73381],[83.319641,28.733791],[83.33625,28.736623],[83.339508,28.736612],[83.36,28.732837],[83.364562,28.733682],[83.368804,28.736825],[83.381561,28.754581],[83.384498,28.757158],[83.391021,28.760868],[83.394279,28.76172],[83.409912,28.761957],[83.43338,28.768774],[83.443809,28.770465],[83.450645,28.770727],[83.457824,28.774433],[83.466651,28.781579],[83.475456,28.784416],[83.481971,28.785253],[83.487518,28.786958],[83.490135,28.789823],[83.491462,28.796125],[83.488586,28.809053],[83.485992,28.812791],[83.48471,28.817672],[83.484741,28.824563],[83.486068,28.830009],[83.485794,28.842636],[83.487434,28.844924],[83.492004,28.846342],[83.498184,28.843742],[83.501121,28.844306],[83.504394,28.848026],[83.507041,28.858058],[83.506416,28.863508],[83.502868,28.871559],[83.502548,28.874139],[83.504531,28.880161],[83.507156,28.883312],[83.522865,28.897029],[83.529426,28.904747],[83.554649,28.929906],[83.556945,28.932771],[83.561569,28.943368],[83.563209,28.945077],[83.574325,28.950773],[83.578918,28.954776],[83.587127,28.965644],[83.59307,28.979396],[83.597007,28.98369],[83.601913,28.985103],[83.604194,28.984519],[83.608413,28.981344],[83.612335,28.981037],[83.616271,28.985042],[83.618942,28.996797],[83.61898,29.003391],[83.620971,29.009698],[83.618064,29.015451],[83.620704,29.021751],[83.620063,29.023763],[83.617462,29.025791],[83.616821,29.027515],[83.618484,29.033246],[83.617195,29.036695],[83.61753,29.038986],[83.622459,29.044134],[83.622505,29.053604],[83.624504,29.059904],[83.633346,29.065032],[83.634994,29.067039],[83.63533,29.068752],[83.630821,29.081977],[83.630195,29.086858],[83.627929,29.090311],[83.623367,29.09263],[83.621742,29.094356],[83.620773,29.09637],[83.621116,29.098661],[83.622428,29.100379],[83.637817,29.10634],[83.641105,29.109479],[83.643089,29.114067],[83.644721,29.114063],[83.647956,29.10802],[83.649909,29.107149],[83.652198,29.107421],[83.655166,29.111139],[83.656188,29.120031],[83.65718,29.121751],[83.659477,29.12289],[83.667984,29.124284],[83.672546,29.122261],[83.678428,29.122226],[83.681709,29.125085],[83.682723,29.129953],[83.679512,29.140586],[83.680213,29.148622],[83.677955,29.153228],[83.675346,29.155248],[83.668495,29.157575],[83.665901,29.160747],[83.665588,29.164186],[83.667266,29.17193],[83.665977,29.17509],[83.660766,29.177989],[83.662094,29.181711],[83.660499,29.189464],[83.657279,29.198663],[83.656974,29.202688],[83.659927,29.204393],[83.665161,29.204948],[83.676307,29.208337],[83.687789,29.214601],[83.69931,29.227169],[83.702613,29.232318],[83.708213,29.238319],[83.714454,29.242883],[83.719703,29.244871],[83.740646,29.24505],[83.757987,29.244388],[83.76583,29.24291],[83.768447,29.243471],[83.775352,29.247451],[83.777641,29.247724],[83.783851,29.246259],[83.791397,29.24966],[83.797615,29.249917],[83.799263,29.251346],[83.802925,29.259929],[83.80133,29.266826],[83.799079,29.272012],[83.797813,29.2789],[83.799468,29.281763],[83.80867,29.286304],[83.809989,29.287733],[83.811973,29.290306],[83.812675,29.297195],[83.813674,29.299772],[83.815322,29.301479],[83.821228,29.303171],[83.832015,29.300523],[83.839218,29.301055],[83.850341,29.299848],[83.854949,29.302402],[83.856941,29.306407],[83.860572,29.310119],[83.880264,29.31574],[83.888145,29.319145],[83.893066,29.320261],[83.897651,29.319654],[83.900276,29.320499],[83.904235,29.324787],[83.908172,29.325328],[83.921592,29.323816],[83.92942,29.31974],[83.936294,29.3197],[83.948394,29.317613],[83.953323,29.319305],[83.960601,29.328147],[83.963569,29.330425],[83.966194,29.330982],[83.9747,29.329496],[83.990364,29.32278],[83.999816,29.317264],[84.002731,29.314083],[84.002372,29.310359],[83.991828,29.302391],[83.991157,29.300672],[83.992118,29.298654],[84.001914,29.295429],[84.007812,29.295679],[84.013999,29.291614],[84.026397,29.28722],[84.028373,29.287786],[84.031036,29.293222],[84.04158,29.300031],[84.045196,29.301156],[84.049766,29.29968],[84.05854,29.293018],[84.07093,29.286895],[84.075508,29.286283],[84.079772,29.287117],[84.082077,29.288249],[84.085067,29.292816],[84.087699,29.294235],[84.093917,29.293901],[84.101081,29.289827],[84.117057,29.282812],[84.120948,29.279045],[84.12223,29.27559],[84.121864,29.272153],[84.114883,29.261585],[84.115516,29.258991],[84.114135,29.252405],[84.114768,29.249523],[84.116394,29.248367],[84.12815,29.245977],[84.130432,29.245096],[84.13562,29.240463],[84.141502,29.238973],[84.146736,29.239221],[84.163803,29.24368],[84.167732,29.243358],[84.178169,29.239538],[84.181442,29.239795],[84.190338,29.245468],[84.203086,29.243345],[84.204704,29.241609],[84.202674,29.235595],[84.201271,29.227285],[84.200843,29.217813],[84.199493,29.214096],[84.197845,29.212673],[84.191596,29.210142],[84.182746,29.208782],[84.171211,29.200836],[84.169227,29.198844],[84.168556,29.196836],[84.166816,29.187093],[84.167419,29.182209],[84.170585,29.172136],[84.169868,29.166103],[84.170783,29.16007],[84.176567,29.15026],[84.176429,29.13706],[84.179306,29.130716],[84.186447,29.126058],[84.195915,29.124254],[84.203109,29.124774],[84.204704,29.121307],[84.204925,29.110973],[84.204216,29.105808],[84.198883,29.096666],[84.196517,29.089797],[84.188865,29.077234],[84.188461,29.069772],[84.190353,29.063146],[84.190216,29.050802],[84.191162,29.047637],[84.194091,29.046463],[84.208854,29.051795],[84.216049,29.052875],[84.222587,29.05311],[84.229751,29.051038],[84.235908,29.046384],[84.244377,29.043725],[84.246963,29.041406],[84.253005,29.027286],[84.254264,29.022674],[84.252899,29.01781],[84.245597,29.007251],[84.241241,28.997526],[84.24044,28.984609],[84.241622,28.973691],[84.236305,28.965698],[84.226501,28.935066],[84.225082,28.925601],[84.221374,28.915014],[84.221336,28.911279],[84.225807,28.902629],[84.226402,28.897743],[84.224021,28.891496],[84.231346,28.891042],[84.235267,28.891611],[84.246696,28.889589],[84.250938,28.889587],[84.253555,28.890441],[84.25846,28.895027],[84.260421,28.895887],[84.263359,28.895883],[84.268913,28.893867],[84.278045,28.886384],[84.297943,28.873722],[84.30577,28.87055],[84.31948,28.868225],[84.32698,28.86304],[84.328285,28.862751],[84.33123,28.863901],[84.338424,28.869628],[84.34333,28.871051],[84.345939,28.870471],[84.348548,28.868457],[84.35408,28.861555],[84.357994,28.858385],[84.362236,28.858377],[84.37857,28.861213],[84.389671,28.860897],[84.397827,28.858871],[84.405326,28.854829],[84.408256,28.851087],[84.408561,28.845634],[84.407577,28.843053],[84.401031,28.83876],[84.399726,28.836757],[84.399711,28.833889],[84.401664,28.831581],[84.404602,28.829851],[84.417991,28.83212],[84.421905,28.830959],[84.431022,28.824619],[84.438201,28.822301],[84.437538,28.820295],[84.432952,28.815994],[84.432289,28.812841],[84.433891,28.803363],[84.435188,28.800781],[84.44268,28.796735],[84.445274,28.791561],[84.446884,28.785528],[84.44622,28.782367],[84.441307,28.775777],[84.440315,28.772918],[84.441284,28.76975],[84.455947,28.764543],[84.460151,28.755058],[84.461776,28.75333],[84.471557,28.751573],[84.475791,28.748693],[84.478401,28.748678],[84.481651,28.747232],[84.489448,28.738309],[84.493682,28.736864],[84.507095,28.746007],[84.51461,28.749132],[84.523399,28.7448],[84.539054,28.744167],[84.545913,28.745292],[84.556053,28.751855],[84.558967,28.747253],[84.562873,28.744651],[84.570343,28.737451],[84.572944,28.736],[84.580116,28.735109],[84.595779,28.73649],[84.603927,28.735019],[84.620574,28.737245],[84.627418,28.735208],[84.638145,28.728845],[84.646919,28.722204],[84.650146,28.71644],[84.651092,28.709833],[84.652694,28.705232],[84.661796,28.699453],[84.668289,28.69425],[84.66957,28.690221],[84.669532,28.68477],[84.673759,28.681594],[84.676361,28.680719],[84.688095,28.680379],[84.691345,28.678928],[84.695884,28.673734],[84.704994,28.670822],[84.705635,28.668514],[84.705291,28.665647],[84.701004,28.658781],[84.700012,28.655624],[84.700637,28.650743],[84.698951,28.641845],[84.698921,28.636962],[84.701522,28.635807],[84.708694,28.635765],[84.715522,28.633436],[84.723312,28.627944],[84.726539,28.623044],[84.730758,28.620147],[84.734985,28.618694],[84.75225,28.618024],[84.769157,28.612483],[84.776649,28.611577],[84.784126,28.609525],[84.801345,28.601964],[84.819511,28.590951],[84.835105,28.585399],[84.856201,28.574651],[84.85881,28.575208],[84.864387,28.58006],[84.869941,28.582033],[84.883636,28.583097],[84.887222,28.584226],[84.896392,28.58991],[84.905525,28.591575],[84.909103,28.590404],[84.913009,28.590373],[84.922492,28.594915],[84.939788,28.597957],[84.943702,28.597639],[84.947883,28.591295],[84.949783,28.58496],[84.951072,28.583229],[84.953346,28.582929],[84.956939,28.58348],[84.968055,28.588287],[84.984062,28.593055],[84.99028,28.59617],[84.99356,28.598447],[84.993255,28.600746],[84.98809,28.606813],[84.988441,28.609111],[84.992073,28.614831],[85.018394,28.642501],[85.030891,28.65389],[85.0345,28.656452],[85.037437,28.656721],[85.039405,28.65814],[85.041427,28.665306],[85.043403,28.667591],[85.049629,28.670703],[85.052261,28.672981],[85.05722,28.680406],[85.059852,28.682691],[85.072532,28.679145],[85.082572,28.6716],[85.087799,28.673],[85.114669,28.686002],[85.117279,28.686264],[85.123138,28.684783],[85.13253,28.677812],[85.138946,28.668001],[85.146392,28.662479],[85.147323,28.658161],[85.155685,28.646894],[85.158607,28.645147],[85.166412,28.643646],[85.185005,28.644348],[85.187599,28.643182],[85.189521,28.640005],[85.187805,28.631689],[85.190063,28.629661],[85.19754,28.628162],[85.196807,28.620409],[85.192123,28.608678],[85.187828,28.60325],[85.178306,28.596725],[85.177627,28.593864],[85.17955,28.591262],[85.184074,28.587778],[85.185035,28.58576],[85.183341,28.579744],[85.184944,28.577138],[85.190757,28.572496],[85.191711,28.570478],[85.190017,28.564174],[85.187705,28.561609],[85.187034,28.559316],[85.189575,28.553546],[85.189872,28.550672],[85.186447,28.535194],[85.184806,28.533483],[85.181861,28.532649],[85.17276,28.534162],[85.170135,28.532457],[85.166404,28.518129],[85.160789,28.510417],[85.159446,28.506698],[85.156692,28.492357],[85.155029,28.489212],[85.151748,28.48637],[85.147819,28.484674],[85.144241,28.484416],[85.131248,28.487398],[85.123756,28.4866],[85.120796,28.484041],[85.116828,28.47746],[85.111167,28.465154],[85.100997,28.456619],[85.099662,28.45347],[85.100616,28.451171],[85.114212,28.44359],[85.113754,28.430959],[85.117843,28.416854],[85.117103,28.408245],[85.118041,28.403924],[85.128669,28.393493],[85.123695,28.384057],[85.112937,28.349388],[85.108879,28.344396],[85.090713,28.344043],[85.077415,28.341989],[85.062194,28.333614],[85.048927,28.324373],[85.043434,28.319187],[85.038917,28.311992],[85.037307,28.307971],[85.036033,28.300786],[85.03804,28.283288],[85.036109,28.28012],[85.031265,28.274076],[84.982482,28.231969],[84.970222,28.218709],[84.96376,28.213516],[84.963775,28.209789],[84.969642,28.20177],[84.971603,28.197477],[84.973243,28.19289],[84.973258,28.188585],[84.972297,28.184844],[84.965553,28.171613],[84.962997,28.161558],[84.954978,28.143722],[84.956321,28.131675],[84.955688,28.128229],[84.953109,28.125637],[84.946968,28.123884],[84.935958,28.123836],[84.933052,28.122961],[84.927894,28.117486],[84.925659,28.110874],[84.922767,28.106264],[84.920181,28.104816],[84.913391,28.103061],[84.897529,28.104715],[84.880668,28.110366],[84.871932,28.109464],[84.8619,28.110851],[84.859306,28.111415],[84.854759,28.114259],[84.846336,28.11594],[84.843757,28.113626],[84.842491,28.107595],[84.84024,28.105285],[84.838638,28.102121],[84.838645,28.100397],[84.833534,28.088602],[84.826515,28.068187],[84.822669,28.061565],[84.821403,28.05668],[84.820793,28.049217],[84.816612,28.045459],[84.8134,28.040561],[84.813446,28.03281],[84.816719,28.024795],[84.81385,28.016735],[84.813552,28.011857],[84.816177,28.005556],[84.80973,28.001508],[84.805534,28.000043],[84.798751,27.999439],[84.792312,27.994235],[84.789123,27.986469],[84.78495,27.980419],[84.78012,27.976947],[84.773376,27.96916],[84.750167,27.958404],[84.745674,27.953212],[84.745368,27.950916],[84.740249,27.94141],[84.73867,27.936241],[84.736114,27.931343],[84.734222,27.922433],[84.73664,27.896898],[84.738609,27.891462],[84.741531,27.888603],[84.746391,27.886047],[84.749,27.882625],[84.749671,27.877166],[84.755523,27.870891],[84.761062,27.86174],[84.766258,27.857746],[84.77671,27.835704],[84.777732,27.825658],[84.781013,27.816497],[84.7807,27.813911],[84.779418,27.812177],[84.777488,27.811305],[84.77555,27.811582],[84.772949,27.814725],[84.767448,27.817569],[84.764549,27.81726],[84.75846,27.809194],[84.750411,27.805128],[84.742019,27.805082],[84.739776,27.803636],[84.73529,27.79758],[84.732719,27.796131],[84.726585,27.79667],[84.719787,27.800067],[84.70977,27.802022],[84.704895,27.807159],[84.697448,27.81142],[84.692596,27.81254],[84.682914,27.812765],[84.674453,27.816028],[84.670181,27.820829],[84.668807,27.823728],[84.663848,27.83008],[84.662857,27.835327],[84.663208,27.839424],[84.661285,27.846994],[84.658142,27.85045],[84.650154,27.854991],[84.648956,27.859651],[84.645401,27.861734],[84.638351,27.862977],[84.636756,27.86568],[84.625335,27.876401],[84.620719,27.876905],[84.614669,27.872707],[84.611618,27.871679],[84.608764,27.87202],[84.594596,27.877817],[84.589988,27.877737],[84.583511,27.872943],[84.577362,27.863479],[84.573684,27.861074],[84.566711,27.859003],[84.562385,27.855682],[84.558433,27.841915],[84.554527,27.836765],[84.551605,27.835342],[84.530586,27.836284],[84.526367,27.83286],[84.524734,27.829998],[84.521125,27.819095],[84.517875,27.81624],[84.515609,27.815387],[84.501083,27.820611],[84.491378,27.820652],[84.477165,27.824146],[84.47393,27.823879],[84.46389,27.820755],[84.457099,27.820781],[84.454841,27.821651],[84.448699,27.821954],[84.446426,27.821388],[84.441238,27.817962],[84.433441,27.807937],[84.43148,27.803354],[84.43209,27.795026],[84.435295,27.786973],[84.438507,27.783226],[84.440765,27.782077],[84.457237,27.778564],[84.463691,27.7751],[84.471092,27.768468],[84.473976,27.761564],[84.472343,27.758991],[84.469757,27.757272],[84.466842,27.756994],[84.454589,27.763357],[84.452651,27.763366],[84.44062,27.747045],[84.43106,27.741764],[84.428466,27.741201],[84.425666,27.739006],[84.425102,27.735095],[84.427864,27.729496],[84.430488,27.720188],[84.431526,27.710874],[84.428833,27.706014],[84.419586,27.699237],[84.394157,27.687427],[84.387153,27.685445],[84.374794,27.686954],[84.367156,27.691978],[84.361488,27.698692],[84.35704,27.701684],[84.336624,27.698776],[84.332458,27.697061],[84.329788,27.694782],[84.323913,27.687404],[84.29071,27.670761],[84.282836,27.667215],[84.25988,27.658975],[84.251953,27.654731],[84.223564,27.643888],[84.203346,27.635108],[84.18753,27.625118],[84.170074,27.610155],[84.151565,27.596567],[84.138092,27.582864],[84.127891,27.570537],[84.123527,27.559268],[84.117675,27.555501],[84.112472,27.550947],[84.107803,27.549324],[84.101951,27.548498],[84.070503,27.547576],[84.05027,27.544116],[84.036033,27.540287],[84.023277,27.540159],[83.969116,27.543704],[83.92456,27.542979],[83.923187,27.552111],[83.923873,27.559416],[83.91632,27.565504],[83.900527,27.558808],[83.884735,27.566721],[83.875808,27.583763],[83.875808,27.590457],[83.871002,27.595326],[83.871002,27.605062],[83.857269,27.603845],[83.852462,27.608104],[83.864135,27.638523],[83.860015,27.652513],[83.842849,27.651905],[83.829803,27.652513],[83.818817,27.66346],[83.80783,27.662244],[83.793411,27.671366],[83.767318,27.677447],[83.759078,27.677447],[83.754272,27.679879],[83.745346,27.677447],[83.736419,27.680487],[83.728866,27.678663],[83.723373,27.680487],[83.728744,27.687717],[83.726013,27.697015],[83.726455,27.702068],[83.728118,27.706201],[83.732048,27.710515],[83.743515,27.716957],[83.749313,27.719087],[83.757438,27.718753],[83.767822,27.719972],[83.775108,27.722333],[83.782524,27.722911],[83.799499,27.720808],[83.806663,27.718168],[83.812927,27.714614],[83.827056,27.712846],[83.832473,27.710372],[83.837699,27.711359],[83.840011,27.715894],[83.839942,27.720602],[83.842132,27.725368],[83.842636,27.73036],[83.843734,27.73191],[83.853538,27.731168],[83.861412,27.733583],[83.884506,27.733818],[83.899162,27.730258],[83.900703,27.730493],[83.905609,27.736293],[83.921485,27.728141],[83.927032,27.727508],[83.926963,27.730663],[83.928962,27.734569],[83.937088,27.73945],[83.952766,27.746164],[83.961418,27.747131],[83.978713,27.751199],[83.991485,27.751659],[83.994911,27.758951],[83.994323,27.76555],[83.995941,27.771232],[84.002845,27.789543],[84.015563,27.802917],[84.018539,27.81038],[84.023315,27.818016],[84.026481,27.826511],[84.029388,27.829496],[84.026611,27.832485],[84.024803,27.841043],[84.024803,27.844598],[84.031257,27.857866],[84.023185,27.860694],[84.020919,27.860698],[84.019622,27.858686],[84.021888,27.854387],[84.019622,27.852371],[84.017684,27.852663],[84.004425,27.856687],[83.999572,27.860128],[83.995689,27.865303],[83.993103,27.867311],[83.980491,27.868173],[83.975959,27.870183],[83.974021,27.872478],[83.972404,27.872768],[83.964637,27.871902],[83.957847,27.872474],[83.950408,27.870758],[83.946525,27.872764],[83.945556,27.873907],[83.945236,27.876499],[83.942321,27.877353]]]}},{"type":"Feature","properties":{"id":"P5","name":"Lumbini","name_ne":"\u0932\u0941\u092e\u094d\u092c\u093f\u0928\u0940","admin_level":1},"geometry":{"type":"MultiPolygon","coordinates":[[[[83.230895,27.410614],[83.214744,27.42196],[83.198432,27.446207],[83.187896,27.454078],[83.17205,27.457096],[83.160339,27.457666],[83.08712,27.453191],[83.035507,27.448646],[83.018104,27.453821],[83.008247,27.455423],[82.997016,27.460166],[82.992248,27.461282],[82.979835,27.461545],[82.974548,27.462493],[82.952796,27.471014],[82.948112,27.476655],[82.944618,27.486272],[82.93991,27.493816],[82.937118,27.496782],[82.932075,27.500015],[82.929168,27.500967],[82.920021,27.502052],[82.913017,27.50097],[82.902496,27.49792],[82.873107,27.497131],[82.85012,27.499025],[82.830787,27.502836],[82.812767,27.497714],[82.800888,27.495553],[82.775382,27.49862],[82.762229,27.501384],[82.746971,27.502351],[82.736793,27.504158],[82.736663,27.50995],[82.739212,27.517311],[82.743904,27.517816],[82.746383,27.520875],[82.750099,27.521764],[82.751045,27.523893],[82.743484,27.532785],[82.744338,27.536569],[82.742523,27.537767],[82.743614,27.543796],[82.740531,27.549047],[82.741981,27.551931],[82.747993,27.555252],[82.74784,27.557024],[82.744407,27.558893],[82.747627,27.564426],[82.748023,27.569244],[82.750541,27.574197],[82.754669,27.579742],[82.756103,27.58394],[82.756179,27.588531],[82.753349,27.593664],[82.74971,27.596906],[82.739395,27.609615],[82.738273,27.612133],[82.738685,27.615461],[82.736984,27.617906],[82.739593,27.620744],[82.741088,27.624658],[82.739181,27.628484],[82.74237,27.631034],[82.736091,27.633907],[82.740104,27.6375],[82.740013,27.640193],[82.737716,27.643556],[82.734031,27.645418],[82.732093,27.645402],[82.733154,27.648681],[82.732284,27.651548],[82.726608,27.657745],[82.724029,27.658124],[82.721336,27.656671],[82.720748,27.657699],[82.721015,27.66217],[82.71553,27.663099],[82.71891,27.666286],[82.716606,27.670164],[82.716491,27.674297],[82.718978,27.676898],[82.719902,27.680461],[82.719772,27.685911],[82.717903,27.691684],[82.709983,27.702346],[82.708374,27.707668],[82.71022,27.719871],[82.705772,27.716575],[82.703857,27.720544],[82.699211,27.719417],[82.691986,27.715541],[82.681488,27.715871],[82.675117,27.715204],[82.671127,27.715908],[82.669403,27.719532],[82.666709,27.72252],[82.658241,27.714584],[82.640899,27.709081],[82.631187,27.710659],[82.626022,27.706033],[82.618736,27.704278],[82.608573,27.706148],[82.599739,27.701251],[82.583572,27.698085],[82.551162,27.689069],[82.541244,27.687028],[82.536491,27.688255],[82.530372,27.687633],[82.524398,27.690917],[82.518737,27.692024],[82.50251,27.688459],[82.488273,27.682867],[82.482154,27.683055],[82.476997,27.679111],[82.468757,27.678155],[82.458663,27.679275],[82.449653,27.682386],[82.424713,27.693332],[82.397323,27.709157],[82.38903,27.715478],[82.379646,27.725069],[82.373992,27.733278],[82.36956,27.741592],[82.361839,27.747974],[82.331596,27.761714],[82.289436,27.786865],[82.277458,27.795249],[82.265029,27.805465],[82.250862,27.814819],[82.226058,27.827901],[82.204216,27.847164],[82.19564,27.851125],[82.19004,27.852327],[82.180564,27.855772],[82.154327,27.866888],[82.151496,27.866653],[82.145698,27.861898],[82.136161,27.863561],[82.120559,27.868829],[82.111335,27.879655],[82.086364,27.90056],[82.08113,27.908121],[82.068984,27.922786],[82.067001,27.921642],[82.064422,27.921659],[82.049606,27.923784],[82.03218,27.923343],[82.023475,27.923984],[82.006401,27.925552],[81.989662,27.929412],[81.982887,27.929462],[81.972229,27.9281],[81.968666,27.926401],[81.966712,27.924402],[81.950416,27.904697],[81.938331,27.887262],[81.931518,27.881849],[81.929229,27.878423],[81.928199,27.870962],[81.928443,27.862052],[81.927795,27.8612],[81.915504,27.856685],[81.90776,27.855308],[81.895507,27.855096],[81.887779,27.856008],[81.885215,27.857463],[81.877235,27.86757],[81.85543,27.881502],[81.841972,27.892501],[81.830108,27.900035],[81.819488,27.903554],[81.815628,27.903858],[81.807876,27.902187],[81.804344,27.904216],[81.781257,27.922157],[81.768096,27.930564],[81.754333,27.945856],[81.743431,27.955112],[81.733161,27.962915],[81.73027,27.964082],[81.722564,27.969577],[81.714225,27.977092],[81.699127,27.987506],[81.692687,27.989545],[81.669456,27.989662],[81.653015,27.991462],[81.644317,27.99323],[81.641754,27.996112],[81.635002,28.00045],[81.625022,28.004228],[81.620529,28.008844],[81.614418,28.012313],[81.588668,28.024204],[81.576438,28.030853],[81.553924,28.046449],[81.544593,28.051939],[81.536544,28.055995],[81.510444,28.066423],[81.488227,28.078847],[81.482437,28.084323],[81.48117,28.090351],[81.481849,28.098104],[81.485778,28.111581],[81.486114,28.115024],[81.48484,28.1179],[81.48001,28.121648],[81.470016,28.12627],[81.455833,28.134357],[81.452949,28.139247],[81.452659,28.148427],[81.44754,28.161079],[81.436256,28.168579],[81.429481,28.171175],[81.412048,28.174667],[81.394599,28.173286],[81.377807,28.175333],[81.376502,28.171606],[81.370994,28.163869],[81.371307,28.161289],[81.379371,28.157245],[81.376441,28.150083],[81.373519,28.145786],[81.370285,28.142925],[81.363174,28.140642],[81.358001,28.140077],[81.341209,28.139833],[81.32537,28.13327],[81.322463,28.132986],[81.319885,28.133852],[81.318595,28.136157],[81.319259,28.141027],[81.322814,28.145038],[81.329605,28.147607],[81.328643,28.149908],[81.326705,28.15135],[81.323173,28.157379],[81.320594,28.158821],[81.316711,28.155382],[81.315414,28.155389],[81.311874,28.158555],[81.30735,28.160285],[81.304458,28.164306],[81.304458,28.166603],[81.30899,28.168033],[81.319969,28.167148],[81.325141,28.169713],[81.325469,28.17259],[81.320968,28.180633],[81.32164,28.192401],[81.320365,28.198137],[81.318435,28.201297],[81.305541,28.214813],[81.29457,28.222583],[81.282958,28.23236],[81.260047,28.255075],[81.252311,28.264553],[81.246185,28.274322],[81.236503,28.286094],[81.235534,28.290977],[81.235557,28.303888],[81.237518,28.318241],[81.236228,28.323408],[81.23397,28.327713],[81.224609,28.340343],[81.215248,28.356716],[81.210716,28.359304],[81.20037,28.36161],[81.172546,28.366792],[81.147636,28.36997],[81.135993,28.373411],[81.114639,28.377727],[81.104286,28.378591],[81.092315,28.380889],[81.086494,28.382606],[81.079696,28.386054],[81.063842,28.397523],[81.060798,28.397205],[81.063835,28.406991],[81.070625,28.417325],[81.076126,28.427656],[81.080657,28.439132],[81.082916,28.448312],[81.08583,28.452041],[81.093925,28.455192],[81.104606,28.464946],[81.113998,28.469829],[81.136993,28.488468],[81.141853,28.493629],[81.14833,28.505971],[81.150276,28.508262],[81.161293,28.515722],[81.167778,28.521457],[81.179122,28.538949],[81.185935,28.546409],[81.189826,28.552436],[81.200531,28.560745],[81.203125,28.564188],[81.210586,28.57566],[81.215782,28.587425],[81.223251,28.600904],[81.226821,28.605487],[81.23104,28.608358],[81.244018,28.61236],[81.247261,28.614082],[81.249855,28.615804],[81.252784,28.619817],[81.2583,28.624977],[81.265769,28.62841],[81.271606,28.630125],[81.275505,28.632703],[81.27713,28.636436],[81.286872,28.644166],[81.290443,28.649045],[81.291427,28.652202],[81.291114,28.662244],[81.28897,28.67032],[81.306358,28.655912],[81.313804,28.646718],[81.317039,28.640399],[81.320602,28.636957],[81.325462,28.634361],[81.337463,28.630327],[81.346862,28.625715],[81.366317,28.621088],[81.382835,28.610729],[81.396774,28.606391],[81.402603,28.603229],[81.410049,28.597757],[81.417831,28.595439],[81.42527,28.587966],[81.425582,28.583082],[81.426872,28.579921],[81.430755,28.576469],[81.438819,28.562385],[81.443023,28.557786],[81.451438,28.553747],[81.466674,28.552551],[81.47023,28.549959],[81.474105,28.543346],[81.477012,28.54133],[81.488342,28.536993],[81.50711,28.526895],[81.509048,28.525453],[81.51744,28.514806],[81.529083,28.508739],[81.534584,28.504991],[81.541671,28.494632],[81.544586,28.493759],[81.554306,28.493726],[81.5569,28.49257],[81.580146,28.473545],[81.600181,28.461702],[81.608253,28.455348],[81.618278,28.450721],[81.622795,28.447254],[81.636009,28.43371],[81.648277,28.425043],[81.660224,28.417814],[81.666687,28.414915],[81.680618,28.415435],[81.687713,28.409948],[81.70285,28.39495],[81.711242,28.389162],[81.721893,28.383369],[81.730613,28.379592],[81.748069,28.374341],[81.767143,28.370222],[81.757003,28.353908],[81.755981,28.34587],[81.748077,28.323804],[81.74694,28.316419],[81.753944,28.310583],[81.764038,28.30982],[81.767158,28.306219],[81.785522,28.294881],[81.790534,28.288084],[81.794059,28.280878],[81.798332,28.280258],[81.80516,28.284635],[81.81163,28.2838],[81.830993,28.278186],[81.838569,28.275058],[81.862648,28.254783],[81.864036,28.247169],[81.8638,28.241495],[81.868774,28.241565],[81.872917,28.240488],[81.88021,28.243255],[81.884162,28.242179],[81.893554,28.237558],[81.910186,28.232784],[81.917503,28.22805],[81.925575,28.212999],[81.932952,28.209346],[81.937103,28.204887],[81.943061,28.20083],[81.950439,28.197067],[81.957168,28.195299],[81.964027,28.192218],[81.96611,28.188043],[81.970451,28.184499],[81.976013,28.182958],[81.980415,28.179182],[81.984428,28.177474],[81.991882,28.169288],[81.995826,28.166486],[82.001602,28.159797],[82.005798,28.158599],[82.015975,28.160297],[82.015686,28.16224],[82.014106,28.163967],[82.013931,28.167808],[82.019607,28.177524],[82.019927,28.181612],[82.02227,28.186225],[82.02877,28.211366],[82.038619,28.219423],[82.049873,28.241083],[82.060073,28.242296],[82.073074,28.242649],[82.077789,28.244144],[82.092895,28.255229],[82.098258,28.257242],[82.101943,28.256896],[82.114883,28.253009],[82.124839,28.25468],[82.132476,28.253484],[82.145294,28.242607],[82.152671,28.241924],[82.163528,28.247608],[82.168373,28.251733],[82.174514,28.253627],[82.189582,28.250944],[82.196441,28.246932],[82.200454,28.245496],[82.206596,28.247047],[82.212608,28.249853],[82.220626,28.250837],[82.222633,28.25032],[82.231628,28.244356],[82.236869,28.241889],[82.247344,28.240913],[82.252838,28.240797],[82.257369,28.241775],[82.260017,28.24521],[82.264411,28.245561],[82.27845,28.249336],[82.292221,28.247379],[82.309043,28.249553],[82.3124,28.248579],[82.314537,28.24611],[82.314666,28.22931],[82.316345,28.225069],[82.3199,28.221055],[82.325531,28.217554],[82.335937,28.213016],[82.354431,28.20824],[82.369743,28.193206],[82.374328,28.189937],[82.379432,28.188272],[82.385581,28.188659],[82.389328,28.189462],[82.391853,28.191638],[82.392501,28.193588],[82.390495,28.194845],[82.390823,28.19691],[82.396064,28.205846],[82.398017,28.216051],[82.399307,28.217653],[82.410308,28.224061],[82.414649,28.228128],[82.421058,28.237581],[82.421066,28.242168],[82.414543,28.25106],[82.412544,28.256517],[82.407432,28.261968],[82.399681,28.272466],[82.396903,28.281934],[82.380676,28.300985],[82.376602,28.307119],[82.377967,28.313085],[82.377128,28.317554],[82.374412,28.322599],[82.374481,28.327133],[82.370529,28.331775],[82.367294,28.332927],[82.365165,28.336486],[82.366004,28.341758],[82.369117,28.346569],[82.378829,28.351089],[82.379547,28.35499],[82.379219,28.360151],[82.383827,28.37413],[82.380783,28.376893],[82.374954,28.380046],[82.371849,28.38561],[82.372306,28.39186],[82.370819,28.398227],[82.363761,28.405744],[82.358512,28.408378],[82.354759,28.412052],[82.351524,28.419105],[82.351264,28.422945],[82.354957,28.424493],[82.367202,28.42575],[82.372711,28.427064],[82.377571,28.431987],[82.377899,28.438468],[82.372787,28.459049],[82.38964,28.464307],[82.392364,28.4666],[82.393272,28.468261],[82.393341,28.481969],[82.396026,28.492237],[82.409042,28.496461],[82.411506,28.498229],[82.409561,28.501274],[82.40937,28.505744],[82.415924,28.514286],[82.417617,28.523912],[82.416687,28.528598],[82.422744,28.525852],[82.433959,28.522977],[82.445312,28.522331],[82.451469,28.520717],[82.463401,28.521045],[82.472488,28.528028],[82.485473,28.532939],[82.491378,28.537921],[82.493598,28.548927],[82.49691,28.552587],[82.509429,28.551309],[82.516311,28.552673],[82.526702,28.556558],[82.531829,28.556484],[82.534484,28.55511],[82.529125,28.558742],[82.531185,28.564923],[82.535648,28.570803],[82.544403,28.572763],[82.546119,28.575477],[82.554359,28.58226],[82.556591,28.5803],[82.56174,28.580602],[82.567405,28.577738],[82.575645,28.5803],[82.578392,28.584823],[82.581825,28.58633],[82.578735,28.590249],[82.580795,28.594771],[82.581138,28.6008],[82.579765,28.603211],[82.580451,28.611349],[82.578048,28.614363],[82.570838,28.610746],[82.567749,28.611349],[82.562255,28.610144],[82.554016,28.616171],[82.551956,28.61587],[82.546463,28.618582],[82.547492,28.623103],[82.551612,28.625815],[82.547149,28.627623],[82.543029,28.625815],[82.544403,28.623103],[82.540626,28.621898],[82.52964,28.624911],[82.51831,28.625815],[82.512474,28.627623],[82.508697,28.627623],[82.50801,28.630938],[82.485351,28.641183],[82.479171,28.645402],[82.470245,28.644197],[82.466125,28.645703],[82.461318,28.645703],[82.457542,28.651126],[82.453765,28.649319],[82.450675,28.655043],[82.440032,28.657754],[82.449989,28.67131],[82.460632,28.669503],[82.462348,28.672817],[82.465095,28.670407],[82.470588,28.67131],[82.474021,28.670407],[82.478828,28.67372],[82.485351,28.673118],[82.490844,28.671612],[82.494277,28.669804],[82.499771,28.668901],[82.502517,28.663177],[82.508354,28.660767],[82.513847,28.659562],[82.517623,28.661068],[82.5214,28.659562],[82.524833,28.655344],[82.534103,28.649921],[82.537536,28.64962],[82.537879,28.64721],[82.542686,28.646306],[82.547836,28.64721],[82.555389,28.643895],[82.559509,28.646004],[82.563972,28.651126],[82.573242,28.658357],[82.578392,28.664081],[82.582855,28.665286],[82.586975,28.664382],[82.590408,28.666792],[82.597961,28.668599],[82.599678,28.67131],[82.601051,28.677034],[82.600708,28.68366],[82.604484,28.687274],[82.616157,28.689533],[82.615985,28.691942],[82.614097,28.694653],[82.614097,28.698267],[82.614612,28.703386],[82.616844,28.708806],[82.612724,28.71242],[82.605342,28.715581],[82.605514,28.722808],[82.603454,28.727775],[82.602424,28.733345],[82.602252,28.743128],[82.595214,28.743429],[82.591609,28.740419],[82.585945,28.740118],[82.580108,28.741473],[82.573413,28.741172],[82.571182,28.743429],[82.568435,28.744784],[82.566032,28.744031],[82.565689,28.748246],[82.567062,28.752309],[82.566719,28.757877],[82.564144,28.759533],[82.56483,28.765101],[82.562084,28.768261],[82.563285,28.768862],[82.566547,28.76811],[82.567405,28.771119],[82.569293,28.771119],[82.570667,28.772925],[82.575645,28.775784],[82.580966,28.780298],[82.586288,28.781652],[82.589893,28.785714],[82.588691,28.788873],[82.591266,28.79128],[82.594871,28.79113],[82.597618,28.792935],[82.601222,28.797448],[82.603626,28.7979],[82.604141,28.799855],[82.612552,28.805571],[82.613239,28.806925],[82.620277,28.809482],[82.620277,28.814295],[82.617187,28.819108],[82.615127,28.826327],[82.61856,28.828733],[82.62371,28.835651],[82.62577,28.840764],[82.625083,28.844072],[82.626113,28.848282],[82.62989,28.853695],[82.6371,28.854897],[82.642593,28.866925],[82.650146,28.869631],[82.655639,28.866323],[82.658042,28.861212],[82.666625,28.853394],[82.673149,28.852191],[82.685165,28.860911],[82.698211,28.865121],[82.701736,28.858587],[82.706214,28.855882],[82.71051,28.854955],[82.719802,28.849536],[82.724418,28.848377],[82.737762,28.849655],[82.740814,28.847923],[82.743606,28.844703],[82.758285,28.819423],[82.761589,28.815399],[82.765945,28.813606],[82.770759,28.813928],[82.775321,28.816326],[82.779434,28.819978],[82.783668,28.821805],[82.799873,28.822492],[82.815071,28.831384],[82.818527,28.832231],[82.822875,28.830842],[82.825424,28.832031],[82.834526,28.83114],[82.840324,28.832321],[82.843048,28.830818],[82.839965,28.824584],[82.841064,28.821878],[82.845619,28.823244],[82.854469,28.823553],[82.862586,28.8187],[82.867523,28.81776],[82.875869,28.821107],[82.877639,28.824542],[82.877136,28.82707],[82.874938,28.830806],[82.876838,28.833091],[82.880081,28.831766],[82.882545,28.829633],[82.889114,28.828571],[82.894844,28.82872],[82.9011,28.830524],[82.905471,28.833776],[82.926933,28.830875],[82.929916,28.82862],[82.948219,28.831174],[82.952888,28.827888],[82.955665,28.824321],[82.962234,28.82377],[82.967353,28.819442],[82.97763,28.807516],[82.981521,28.804342],[82.994338,28.804677],[83.000007,28.805631],[83.009483,28.801223],[83.015197,28.79976],[83.018173,28.796413],[83.021667,28.794218],[83.028564,28.794178],[83.034103,28.795757],[83.039115,28.795444],[83.052215,28.7882],[83.058311,28.785701],[83.068313,28.783351],[83.071372,28.782936],[83.078094,28.786621],[83.082977,28.787168],[83.08612,28.779867],[83.095558,28.77098],[83.099052,28.768836],[83.102844,28.762104],[83.106346,28.750953],[83.109809,28.744155],[83.113502,28.741268],[83.117401,28.740901],[83.135108,28.743431],[83.140045,28.742832],[83.14315,28.740343],[83.143203,28.729551],[83.146537,28.7145],[83.149879,28.70932],[83.151145,28.704433],[83.151885,28.698863],[83.151336,28.695423],[83.150024,28.694168],[83.144287,28.691913],[83.142631,28.678035],[83.13961,28.674207],[83.133422,28.672298],[83.124526,28.673677],[83.121971,28.670475],[83.123863,28.653596],[83.116088,28.638893],[83.115852,28.632757],[83.114715,28.629304],[83.113197,28.629276],[83.107688,28.632575],[83.105087,28.63315],[83.096633,28.632581],[83.086227,28.62771],[83.080047,28.622554],[83.064765,28.618261],[83.060867,28.618553],[83.058586,28.619695],[83.04721,28.627162],[83.042015,28.62573],[83.037788,28.623434],[83.03128,28.623729],[83.027381,28.622289],[83.022506,28.618846],[83.012756,28.620859],[83.004631,28.620286],[82.995201,28.624019],[82.989021,28.62545],[82.985122,28.624883],[82.981224,28.622875],[82.974075,28.622293],[82.968544,28.620288],[82.964645,28.617134],[82.961402,28.613117],[82.95848,28.606809],[82.957511,28.599351],[82.959785,28.590745],[82.964668,28.583572],[82.969215,28.580127],[82.98384,28.573251],[82.987091,28.570093],[82.988716,28.565786],[82.987739,28.561485],[82.976379,28.540836],[82.974754,28.540266],[82.970207,28.54342],[82.966957,28.551158],[82.965332,28.552309],[82.95697,28.552316],[82.951324,28.553815],[82.931686,28.564102],[82.92678,28.564863],[82.923454,28.564535],[82.9179,28.562103],[82.918235,28.55577],[82.916618,28.541681],[82.916954,28.528774],[82.915977,28.526481],[82.913383,28.525329],[82.911186,28.521444],[82.903114,28.516386],[82.898452,28.516433],[82.888069,28.514703],[82.881568,28.516138],[82.879951,28.515556],[82.880599,28.513269],[82.890029,28.505531],[82.898155,28.495203],[82.913749,28.482593],[82.916023,28.479442],[82.913749,28.476282],[82.910827,28.475139],[82.893623,28.479145],[82.888755,28.479143],[82.884864,28.47713],[82.883888,28.475406],[82.886497,28.467382],[82.886505,28.461639],[82.889427,28.45878],[82.889755,28.454471],[82.893325,28.451316],[82.907287,28.44559],[82.914756,28.438133],[82.916053,28.434694],[82.916389,28.426382],[82.921913,28.4172],[82.921913,28.412322],[82.920616,28.407163],[82.922248,28.401424],[82.92646,28.400279],[82.935218,28.401145],[82.940406,28.400859],[82.94268,28.399709],[82.945922,28.39483],[82.955986,28.371023],[82.958518,28.361534],[82.960205,28.359842],[82.964744,28.358407],[82.978691,28.35984],[82.984848,28.357831],[82.998466,28.347494],[83.004302,28.336305],[83.009147,28.333272],[83.01197,28.333127],[83.015502,28.33459],[83.016998,28.334196],[83.019859,28.329133],[83.024398,28.325975],[83.034446,28.323095],[83.042877,28.326251],[83.046768,28.326248],[83.051948,28.321657],[83.068473,28.316192],[83.071716,28.311597],[83.073654,28.303565],[83.08628,28.29466],[83.093559,28.284545],[83.095123,28.279117],[83.097015,28.276453],[83.1007,28.273612],[83.100509,28.269111],[83.098564,28.263662],[83.098236,28.259073],[83.109886,28.252742],[83.114425,28.251592],[83.127708,28.252437],[83.131912,28.248987],[83.136123,28.249837],[83.144233,28.254989],[83.15332,28.264162],[83.160781,28.27046],[83.168243,28.275321],[83.176673,28.277605],[83.182502,28.276741],[83.186058,28.270988],[83.193817,28.263523],[83.201583,28.257768],[83.213233,28.25114],[83.218727,28.246253],[83.22454,28.238784],[83.228103,28.236196],[83.230033,28.232463],[83.232948,28.230154],[83.24134,28.220384],[83.253959,28.215187],[83.256225,28.212606],[83.258796,28.206571],[83.261703,28.202836],[83.271408,28.199081],[83.274627,28.193334],[83.275909,28.188455],[83.277847,28.187011],[83.283355,28.18671],[83.296966,28.191841],[83.306686,28.19296],[83.315101,28.190355],[83.321899,28.189474],[83.337112,28.187709],[83.342941,28.188272],[83.346832,28.189403],[83.354942,28.193967],[83.361106,28.19625],[83.36499,28.194513],[83.365623,28.191644],[83.364959,28.188199],[83.365928,28.185611],[83.368507,28.182739],[83.372383,28.181003],[83.376258,28.177543],[83.377845,28.170083],[83.381065,28.164901],[83.383331,28.164031],[83.390129,28.165447],[83.407981,28.175144],[83.410896,28.175706],[83.412193,28.175127],[83.414764,28.170812],[83.416679,28.165351],[83.418586,28.15559],[83.418243,28.151866],[83.414321,28.14269],[83.415603,28.140398],[83.423034,28.136922],[83.424324,28.134908],[83.422035,28.130899],[83.422988,28.126884],[83.424926,28.126014],[83.428169,28.126577],[83.433357,28.129138],[83.436279,28.129701],[83.442092,28.128248],[83.448226,28.12478],[83.452758,28.123897],[83.455009,28.121593],[83.458854,28.112106],[83.460792,28.111236],[83.463706,28.111799],[83.47052,28.116077],[83.473114,28.116361],[83.480873,28.11518],[83.487655,28.112567],[83.49057,28.112264],[83.503219,28.118242],[83.511352,28.126241],[83.514274,28.126802],[83.519424,28.121902],[83.524917,28.120155],[83.53363,28.115236],[83.547485,28.103122],[83.55101,28.09679],[83.553878,28.088745],[83.557403,28.0827],[83.559661,28.081251],[83.562568,28.080953],[83.572288,28.08292],[83.57714,28.082897],[83.58036,28.080009],[83.584228,28.077978],[83.579353,28.073987],[83.576416,28.069692],[83.569915,28.064561],[83.566261,28.047929],[83.567489,28.035865],[83.574264,28.033256],[83.582023,28.033216],[83.585258,28.032339],[83.590721,28.027145],[83.594917,28.02569],[83.596519,28.023096],[83.602317,28.01991],[83.610679,28.011829],[83.610824,28.0109],[83.609062,28.009471],[83.607452,28.006589],[83.605545,27.996549],[83.602645,27.992807],[83.594245,27.987909],[83.59069,27.987035],[83.589401,27.985885],[83.588775,27.98072],[83.579414,27.974092],[83.577148,27.973514],[83.563232,27.97404],[83.556747,27.976034],[83.554809,27.975742],[83.538337,27.967365],[83.524757,27.964452],[83.517311,27.966148],[83.506599,27.973577],[83.497497,27.981292],[83.492965,27.981843],[83.488761,27.98097],[83.476181,27.97318],[83.471664,27.96943],[83.468132,27.96483],[83.46492,27.958795],[83.461059,27.954475],[83.445579,27.945806],[83.442687,27.940916],[83.442062,27.936895],[83.446617,27.931755],[83.462783,27.93411],[83.467315,27.932405],[83.473159,27.927829],[83.478027,27.925556],[83.482887,27.923849],[83.487419,27.923297],[83.497428,27.927349],[83.504226,27.926511],[83.508422,27.928241],[83.509056,27.930828],[83.507736,27.937135],[83.509986,27.940015],[83.512573,27.940305],[83.517112,27.937454],[83.521339,27.933168],[83.523307,27.926572],[83.524604,27.925712],[83.52816,27.927452],[83.530715,27.935199],[83.532318,27.937215],[83.533935,27.937509],[83.537185,27.933794],[83.540451,27.928058],[83.542716,27.926637],[83.54531,27.926349],[83.550155,27.927518],[83.558547,27.93185],[83.5634,27.93272],[83.572113,27.938484],[83.574371,27.93964],[83.576309,27.939643],[83.578262,27.937932],[83.576988,27.931903],[83.578285,27.931043],[83.591552,27.930795],[83.595764,27.929655],[83.598365,27.925651],[83.602577,27.923654],[83.604843,27.923078],[83.610015,27.923667],[83.617126,27.927133],[83.620681,27.927141],[83.623603,27.92457],[83.62297,27.920549],[83.624923,27.91625],[83.632698,27.914545],[83.633995,27.913116],[83.634651,27.909957],[83.633705,27.90307],[83.636619,27.901355],[83.648269,27.899944],[83.653762,27.900817],[83.656669,27.902259],[83.660858,27.908006],[83.66761,27.9218],[83.672775,27.92554],[83.67601,27.926412],[83.678268,27.926124],[83.679573,27.924695],[83.681198,27.920396],[83.683151,27.918107],[83.691551,27.921277],[83.697387,27.917268],[83.699653,27.916988],[83.706443,27.917285],[83.717117,27.919319],[83.719703,27.919036],[83.729751,27.91188],[83.73883,27.903284],[83.743682,27.900711],[83.745628,27.90043],[83.746597,27.901573],[83.746917,27.903303],[83.745285,27.907604],[83.748519,27.907608],[83.750785,27.906749],[83.754676,27.902738],[83.757263,27.902744],[83.76081,27.908195],[83.762756,27.908773],[83.77246,27.906782],[83.776351,27.903913],[83.780891,27.899042],[83.78511,27.89159],[83.78997,27.886714],[83.801948,27.87984],[83.808425,27.872964],[83.813926,27.871242],[83.816841,27.871246],[83.822975,27.874986],[83.828804,27.87384],[83.839805,27.8684],[83.846595,27.868124],[83.848213,27.870992],[83.847236,27.877014],[83.847877,27.879032],[83.850135,27.880464],[83.852401,27.879316],[83.854995,27.874153],[83.859527,27.872154],[83.862434,27.875024],[83.863075,27.879325],[83.865013,27.881624],[83.875686,27.886512],[83.880859,27.885078],[83.882804,27.881639],[83.891212,27.883363],[83.908683,27.880788],[83.912239,27.877918],[83.913536,27.874475],[83.918067,27.87103],[83.921623,27.870172],[83.924537,27.869886],[83.931648,27.871324],[83.939086,27.876209],[83.942321,27.877353],[83.945236,27.876499],[83.945556,27.873907],[83.946525,27.872764],[83.950408,27.870758],[83.957847,27.872474],[83.964637,27.871902],[83.972404,27.872768],[83.974021,27.872478],[83.975959,27.870183],[83.980491,27.868173],[83.993103,27.867311],[83.995689,27.865303],[83.999572,27.860128],[84.004425,27.856687],[84.017684,27.852663],[84.019622,27.852371],[84.021888,27.854387],[84.019622,27.858686],[84.020919,27.860698],[84.023185,27.860694],[84.031257,27.857866],[84.024803,27.844598],[84.024803,27.841043],[84.026611,27.832485],[84.029388,27.829496],[84.026481,27.826511],[84.023315,27.818016],[84.018539,27.81038],[84.015563,27.802917],[84.002845,27.789543],[83.995941,27.771232],[83.994323,27.76555],[83.994911,27.758951],[83.991485,27.751659],[83.978713,27.751199],[83.961418,27.747131],[83.952766,27.746164],[83.937088,27.73945],[83.928962,27.734569],[83.926963,27.730663],[83.927032,27.727508],[83.921485,27.728141],[83.905609,27.736293],[83.900703,27.730493],[83.899162,27.730258],[83.884506,27.733818],[83.861412,27.733583],[83.853538,27.731168],[83.843734,27.73191],[83.842636,27.73036],[83.842132,27.725368],[83.839942,27.720602],[83.840011,27.715894],[83.837699,27.711359],[83.832473,27.710372],[83.827056,27.712846],[83.812927,27.714614],[83.806663,27.718168],[83.799499,27.720808],[83.782524,27.722911],[83.775108,27.722333],[83.767822,27.719972],[83.757438,27.718753],[83.749313,27.719087],[83.743515,27.716957],[83.732048,27.710515],[83.728118,27.706201],[83.726455,27.702068],[83.726013,27.697015],[83.728744,27.687717],[83.727462,27.684736],[83.723373,27.680487],[83.728866,27.678663],[83.736419,27.680487],[83.745346,27.677447],[83.754272,27.679879],[83.759078,27.677447],[83.767318,27.677447],[83.793411,27.671366],[83.80783,27.662244],[83.818817,27.66346],[83.829803,27.652513],[83.842849,27.651905],[83.860015,27.652513],[83.864135,27.638523],[83.852462,27.608104],[83.857269,27.603845],[83.871002,27.605062],[83.871002,27.595326],[83.875808,27.590457],[83.875808,27.583763],[83.884735,27.566721],[83.900527,27.558808],[83.91632,27.565504],[83.923873,27.559416],[83.923187,27.552111],[83.92456,27.542979],[83.92514351125669,27.54296898148617],[83.922073,27.539424],[83.920639,27.534343],[83.920516,27.527608],[83.92102,27.520885],[83.92366,27.516456],[83.928764,27.513763],[83.933525,27.512466],[83.944763,27.515798],[83.949073,27.51926],[83.953956,27.524698],[83.958015,27.525909],[83.963714,27.524631],[83.967903,27.521076],[83.971488,27.516662],[83.971977,27.510221],[83.965881,27.503074],[83.961257,27.499605],[83.944808,27.49139],[83.942413,27.486848],[83.942543,27.482082],[83.94461,27.475675],[83.94371,27.462747],[83.941955,27.457939],[83.935775,27.449422],[83.919075,27.444019],[83.88105,27.435531],[83.874488,27.432895],[83.871147,27.428012],[83.870956,27.422956],[83.872695,27.417276],[83.876625,27.409578],[83.877601,27.401021],[83.87638,27.39706],[83.876449,27.392578],[83.880569,27.389476],[83.908096,27.387123],[83.908103,27.376441],[83.907333,27.373285],[83.90438,27.36944],[83.891006,27.358299],[83.884002,27.354686],[83.87828,27.352737],[83.87397,27.349979],[83.867286,27.347908],[83.860084,27.350957],[83.849342,27.358644],[83.83049,27.369836],[83.821151,27.376724],[83.789947,27.38871],[83.751708,27.40591],[83.724029,27.417249],[83.698905,27.429277],[83.687957,27.435348],[83.64653,27.453992],[83.621589,27.466468],[83.617858,27.468065],[83.611228,27.468742],[83.59391,27.468824],[83.512496,27.472993],[83.466789,27.476881],[83.451408,27.476833],[83.413887,27.478612],[83.393554,27.477735],[83.392166,27.472053],[83.393173,27.470033],[83.396179,27.467927],[83.401016,27.466402],[83.402763,27.463588],[83.402664,27.457912],[83.399299,27.449232],[83.388526,27.443225],[83.38565,27.439308],[83.388702,27.433923],[83.393623,27.428485],[83.404731,27.418889],[83.408226,27.414705],[83.407287,27.40954],[83.403579,27.404592],[83.390144,27.39186],[83.387725,27.387542],[83.385223,27.37376],[83.376182,27.369026],[83.371086,27.360109],[83.364631,27.353086],[83.360885,27.345666],[83.355194,27.340646],[83.348648,27.338619],[83.338966,27.334217],[83.327644,27.336643],[83.32212,27.335649],[83.319747,27.334604],[83.31932,27.333145],[83.311706,27.333288],[83.297828,27.335176],[83.289779,27.339193],[83.273872,27.35548],[83.27082,27.359996],[83.270599,27.365221],[83.274337,27.373788],[83.273773,27.380907],[83.272872,27.381992],[83.261634,27.389745],[83.243988,27.404249],[83.230895,27.410614]]],[[[83.94549941883476,27.542619483615702],[83.954963,27.542457],[83.949943,27.542032],[83.94549941883476,27.542619483615702]]]]}},{"type":"Feature","properties":{"id":"P6","name":"Karnali","name_ne":"\u0915\u0930\u094d\u0923\u093e\u0932\u0940","admin_level":1},"geometry":{"type":"Polygon","coordinates":[[[82.417617,28.523912],[82.415924,28.514286],[82.40937,28.505744],[82.409561,28.501274],[82.411506,28.498229],[82.409042,28.496461],[82.396026,28.492237],[82.393341,28.481969],[82.393272,28.468261],[82.392364,28.4666],[82.38964,28.464307],[82.372787,28.459049],[82.377899,28.438468],[82.377571,28.431987],[82.372711,28.427064],[82.367202,28.42575],[82.354957,28.424493],[82.351264,28.422945],[82.351524,28.419105],[82.354759,28.412052],[82.358512,28.408378],[82.363761,28.405744],[82.370819,28.398227],[82.372306,28.39186],[82.371849,28.38561],[82.374954,28.380046],[82.380783,28.376893],[82.383827,28.37413],[82.379219,28.360151],[82.379547,28.35499],[82.378829,28.351089],[82.369117,28.346569],[82.366004,28.341758],[82.365165,28.336486],[82.367294,28.332927],[82.370529,28.331775],[82.374481,28.327133],[82.374412,28.322599],[82.377128,28.317554],[82.377967,28.313085],[82.376602,28.307119],[82.380676,28.300985],[82.396903,28.281934],[82.399681,28.272466],[82.407432,28.261968],[82.412544,28.256517],[82.414543,28.25106],[82.421066,28.242168],[82.421058,28.237581],[82.414649,28.228128],[82.410308,28.224061],[82.399307,28.217653],[82.398017,28.216051],[82.396064,28.205846],[82.390823,28.19691],[82.390495,28.194845],[82.392501,28.193588],[82.391853,28.191638],[82.389328,28.189462],[82.385581,28.188659],[82.379432,28.188272],[82.374328,28.189937],[82.369743,28.193206],[82.354431,28.20824],[82.335937,28.213016],[82.325531,28.217554],[82.3199,28.221055],[82.316345,28.225069],[82.314666,28.22931],[82.314537,28.24611],[82.3124,28.248579],[82.309043,28.249553],[82.292221,28.247379],[82.27845,28.249336],[82.264411,28.245561],[82.260017,28.24521],[82.257369,28.241775],[82.252838,28.240797],[82.247344,28.240913],[82.236869,28.241889],[82.231628,28.244356],[82.222633,28.25032],[82.220626,28.250837],[82.212608,28.249853],[82.206596,28.247047],[82.200454,28.245496],[82.196441,28.246932],[82.189582,28.250944],[82.174514,28.253627],[82.168373,28.251733],[82.163528,28.247608],[82.152671,28.241924],[82.145294,28.242607],[82.132476,28.253484],[82.124839,28.25468],[82.114883,28.253009],[82.101943,28.256896],[82.098258,28.257242],[82.092895,28.255229],[82.077789,28.244144],[82.073074,28.242649],[82.060073,28.242296],[82.049873,28.241083],[82.038619,28.219423],[82.02877,28.211366],[82.02227,28.186225],[82.019927,28.181612],[82.019607,28.177524],[82.013931,28.167808],[82.014106,28.163967],[82.015686,28.16224],[82.015975,28.160297],[82.005798,28.158599],[82.001602,28.159797],[81.995826,28.166486],[81.991882,28.169288],[81.984428,28.177474],[81.980415,28.179182],[81.976013,28.182958],[81.970451,28.184499],[81.96611,28.188043],[81.964027,28.192218],[81.957168,28.195299],[81.950439,28.197067],[81.943061,28.20083],[81.937103,28.204887],[81.932952,28.209346],[81.925575,28.212999],[81.917503,28.22805],[81.910186,28.232784],[81.893554,28.237558],[81.884162,28.242179],[81.88021,28.243255],[81.872917,28.240488],[81.868774,28.241565],[81.8638,28.241495],[81.864036,28.247169],[81.862648,28.254783],[81.838569,28.275058],[81.830993,28.278186],[81.81163,28.2838],[81.80516,28.284635],[81.798332,28.280258],[81.794059,28.280878],[81.790534,28.288084],[81.785522,28.294881],[81.767158,28.306219],[81.764038,28.30982],[81.753944,28.310583],[81.74694,28.316419],[81.748077,28.323804],[81.755981,28.34587],[81.757003,28.353908],[81.767143,28.370222],[81.748069,28.374341],[81.730613,28.379592],[81.721893,28.383369],[81.711242,28.389162],[81.70285,28.39495],[81.687713,28.409948],[81.680618,28.415435],[81.666687,28.414915],[81.660224,28.417814],[81.648277,28.425043],[81.636009,28.43371],[81.622795,28.447254],[81.618278,28.450721],[81.608253,28.455348],[81.600181,28.461702],[81.580146,28.473545],[81.5569,28.49257],[81.554306,28.493726],[81.544586,28.493759],[81.541671,28.494632],[81.534584,28.504991],[81.529083,28.508739],[81.51744,28.514806],[81.509048,28.525453],[81.50711,28.526895],[81.488342,28.536993],[81.477012,28.54133],[81.474105,28.543346],[81.47023,28.549959],[81.466674,28.552551],[81.451438,28.553747],[81.443023,28.557786],[81.438819,28.562385],[81.430755,28.576469],[81.426872,28.579921],[81.425582,28.583082],[81.42527,28.587966],[81.417831,28.595439],[81.410049,28.597757],[81.402603,28.603229],[81.396774,28.606391],[81.382835,28.610729],[81.366317,28.621088],[81.346862,28.625715],[81.337463,28.630327],[81.325462,28.634361],[81.320602,28.636957],[81.317039,28.640399],[81.313804,28.646718],[81.306358,28.655912],[81.28897,28.67032],[81.285614,28.677749],[81.28012,28.694108],[81.270713,28.701011],[81.267799,28.705316],[81.268775,28.709617],[81.271049,28.712486],[81.272354,28.716215],[81.271385,28.72397],[81.266517,28.726842],[81.260025,28.728565],[81.257751,28.730007],[81.256782,28.732017],[81.257431,28.734306],[81.260032,28.738035],[81.261016,28.742055],[81.259719,28.746646],[81.258094,28.749521],[81.254524,28.752962],[81.25193,28.758134],[81.248695,28.775642],[81.243179,28.783679],[81.235061,28.786834],[81.232788,28.788852],[81.231819,28.792295],[81.232139,28.795162],[81.233772,28.797744],[81.240272,28.801469],[81.242546,28.804052],[81.242225,28.808639],[81.234428,28.815246],[81.232482,28.829881],[81.227615,28.835046],[81.212989,28.843376],[81.211364,28.845386],[81.209739,28.848258],[81.208114,28.858587],[81.203567,28.860021],[81.201614,28.858018],[81.198036,28.837358],[81.198684,28.831327],[81.199989,28.82932],[81.206481,28.824443],[81.209083,28.819847],[81.208435,28.818414],[81.204208,28.816125],[81.191535,28.822151],[81.18341,28.824447],[81.17984,28.827316],[81.175285,28.833627],[81.169761,28.833919],[81.162292,28.82904],[81.158065,28.82847],[81.15644,28.83019],[81.156112,28.832481],[81.156761,28.84052],[81.155784,28.845106],[81.149932,28.854572],[81.14505,28.868637],[81.143424,28.870069],[81.140174,28.870071],[81.133026,28.865186],[81.130424,28.860887],[81.128479,28.856292],[81.12751,28.851415],[81.126205,28.849695],[81.108985,28.844808],[81.103782,28.844806],[81.100212,28.847106],[81.09468,28.853982],[81.090774,28.857143],[81.085899,28.859718],[81.078742,28.862005],[81.076469,28.864009],[81.074836,28.866018],[81.073532,28.873476],[81.072227,28.874336],[81.061828,28.872896],[81.055976,28.87289],[81.054351,28.873754],[81.040023,28.890094],[81.031227,28.904708],[81.020797,28.918186],[81.016235,28.921331],[80.989227,28.932481],[80.984336,28.937356],[80.984329,28.939939],[80.985633,28.941373],[81.001869,28.953153],[81.008697,28.954603],[81.021713,28.951745],[81.023338,28.952033],[81.030807,28.960647],[81.045104,28.969842],[81.048675,28.974151],[81.050308,28.974439],[81.052261,28.974157],[81.061698,28.969291],[81.076347,28.964998],[81.091316,28.963859],[81.097496,28.961862],[81.111808,28.96359],[81.117996,28.962448],[81.126457,28.956995],[81.135574,28.947528],[81.143707,28.943229],[81.148918,28.935482],[81.159332,28.92831],[81.165512,28.921998],[81.16909,28.919706],[81.183731,28.913969],[81.19609,28.911964],[81.211051,28.903923],[81.233161,28.903623],[81.240318,28.904767],[81.245529,28.910799],[81.24813,28.911945],[81.251708,28.910793],[81.258857,28.903617],[81.264389,28.901891],[81.268943,28.90332],[81.270889,28.90504],[81.2761,28.91279],[81.28424,28.919664],[81.286842,28.921098],[81.303436,28.923666],[81.307014,28.922801],[81.311569,28.919645],[81.318717,28.917625],[81.320343,28.916191],[81.32521,28.907285],[81.328468,28.905559],[81.333671,28.905841],[81.335296,28.904117],[81.339508,28.894931],[81.342109,28.891765],[81.349906,28.889175],[81.354133,28.888597],[81.366821,28.888868],[81.373001,28.890577],[81.385047,28.897447],[81.394821,28.905464],[81.411102,28.91032],[81.415657,28.911176],[81.425079,28.908002],[81.431915,28.907411],[81.438079,28.901374],[81.443603,28.897344],[81.462455,28.892711],[81.466026,28.890409],[81.467323,28.888391],[81.467323,28.886671],[81.466339,28.883802],[81.463722,28.880075],[81.46273,28.873191],[81.46305,28.870889],[81.467575,28.860549],[81.464309,28.853672],[81.464302,28.85223],[81.466896,28.849645],[81.471771,28.847621],[81.477615,28.843881],[81.488655,28.84012],[81.4906,28.83839],[81.499656,28.821723],[81.506454,28.812519],[81.51229,28.8082],[81.517158,28.806463],[81.522674,28.803293],[81.523307,28.798978],[81.519065,28.792106],[81.51741,28.784358],[81.517395,28.778621],[81.518692,28.777179],[81.52777,28.772848],[81.531005,28.769107],[81.534225,28.759908],[81.533561,28.756469],[81.522819,28.7499],[81.522491,28.748464],[81.524108,28.74645],[81.533203,28.745269],[81.538726,28.745548],[81.544578,28.746387],[81.56929,28.753204],[81.580345,28.754314],[81.582298,28.756896],[81.584281,28.763488],[81.584297,28.768945],[81.583023,28.774118],[81.578819,28.780162],[81.559051,28.795719],[81.555503,28.80377],[81.551971,28.815261],[81.540336,28.835105],[81.53778,28.847455],[81.533248,28.855222],[81.526771,28.863559],[81.516403,28.8745],[81.509925,28.885419],[81.506683,28.886863],[81.498229,28.888607],[81.491729,28.891492],[81.484596,28.898403],[81.48233,28.902135],[81.479095,28.910469],[81.47293,28.917085],[81.469367,28.923412],[81.458,28.930318],[81.455078,28.933485],[81.448257,28.938379],[81.445983,28.942977],[81.445022,28.947853],[81.445358,28.951585],[81.444389,28.954742],[81.442764,28.956476],[81.437553,28.955331],[81.434623,28.956201],[81.425209,28.965976],[81.42424,28.969709],[81.425224,28.973442],[81.424263,28.981765],[81.422317,28.984926],[81.413871,28.994127],[81.413543,28.995563],[81.417785,28.999855],[81.418441,29.002729],[81.415855,29.011344],[81.416847,29.017366],[81.427276,29.023372],[81.43544,29.033699],[81.440673,29.042587],[81.451782,29.056625],[81.467445,29.06636],[81.471046,29.075242],[81.475944,29.078399],[81.485397,29.081247],[81.49356,29.08496],[81.49617,29.086967],[81.503021,29.088672],[81.504974,29.088094],[81.511169,29.089511],[81.516067,29.092657],[81.522933,29.099538],[81.527824,29.101818],[81.535331,29.103809],[81.540885,29.107242],[81.55233,29.118118],[81.564079,29.123262],[81.568389,29.126066],[81.566459,29.12714],[81.560562,29.126352],[81.541717,29.132066],[81.537208,29.135854],[81.531547,29.148004],[81.525726,29.151529],[81.519523,29.151897],[81.505775,29.150341],[81.502182,29.15068],[81.499282,29.153018],[81.498039,29.156768],[81.497192,29.163963],[81.488502,29.171827],[81.48854,29.174133],[81.490608,29.180133],[81.490669,29.183586],[81.488807,29.189064],[81.484336,29.195156],[81.483093,29.199201],[81.486206,29.208641],[81.487388,29.220405],[81.488754,29.22355],[81.498085,29.233489],[81.499443,29.236345],[81.498863,29.240671],[81.495056,29.247322],[81.494476,29.251926],[81.494903,29.257671],[81.493972,29.260559],[81.491722,29.262599],[81.473442,29.264833],[81.470199,29.266597],[81.469581,29.268615],[81.489097,29.281023],[81.497413,29.288957],[81.504432,29.297496],[81.507209,29.306371],[81.509231,29.309787],[81.524726,29.315917],[81.533081,29.325582],[81.545677,29.334329],[81.554847,29.352895],[81.558166,29.355434],[81.561408,29.353668],[81.567504,29.346694],[81.570487,29.348663],[81.57389,29.355518],[81.576896,29.358928],[81.580551,29.361751],[81.587463,29.363672],[81.598281,29.364391],[81.603233,29.36634],[81.616058,29.369337],[81.629478,29.368869],[81.641105,29.36009],[81.643676,29.357177],[81.644927,29.354003],[81.645812,29.349103],[81.643524,29.331604],[81.646072,29.328113],[81.655418,29.32023],[81.661262,29.317564],[81.682922,29.320133],[81.68618,29.319227],[81.692131,29.322311],[81.698448,29.32711],[81.703056,29.328483],[81.714866,29.329465],[81.723106,29.332223],[81.74504,29.332191],[81.748039,29.334741],[81.747779,29.337902],[81.745529,29.340236],[81.745231,29.341674],[81.74662,29.345684],[81.754585,29.351032],[81.762702,29.363853],[81.774093,29.376333],[81.775177,29.381492],[81.779914,29.388902],[81.786926,29.39541],[81.789306,29.399682],[81.795356,29.40736],[81.799438,29.414482],[81.802536,29.421916],[81.804878,29.424179],[81.808341,29.43333],[81.808471,29.439937],[81.807319,29.447719],[81.807792,29.454898],[81.80484,29.47104],[81.794723,29.489873],[81.783264,29.507284],[81.781898,29.507843],[81.785285,29.52246],[81.790786,29.526298],[81.792465,29.528854],[81.794006,29.5391],[81.799972,29.554046],[81.799858,29.576452],[81.794586,29.588241],[81.791206,29.59354],[81.78852,29.595472],[81.779251,29.599407],[81.77938,29.601903],[81.773811,29.604879],[81.762969,29.605422],[81.75312,29.604537],[81.746871,29.606243],[81.742927,29.605951],[81.732055,29.615112],[81.725807,29.618257],[81.722831,29.621408],[81.716903,29.625711],[81.710624,29.636034],[81.706001,29.642053],[81.704933,29.64602],[81.705459,29.653285],[81.701782,29.67147],[81.702934,29.681587],[81.704544,29.685501],[81.711486,29.696416],[81.711883,29.703674],[81.714782,29.715106],[81.717903,29.722362],[81.730545,29.731128],[81.729972,29.746948],[81.732833,29.760244],[81.733375,29.770586],[81.739044,29.776733],[81.742454,29.783433],[81.74295,29.786396],[81.741149,29.795942],[81.739936,29.796913],[81.739425,29.799156],[81.739799,29.801887],[81.748092,29.815467],[81.754005,29.818649],[81.756942,29.825267],[81.757255,29.828712],[81.755592,29.8336],[81.755905,29.838872],[81.754371,29.843107],[81.755027,29.843971],[81.759635,29.844848],[81.768875,29.839982],[81.77777,29.839714],[81.784683,29.841167],[81.791259,29.844347],[81.794532,29.848951],[81.795181,29.851247],[81.79515,29.85901],[81.79776,29.866769],[81.79969,29.879419],[81.799331,29.887466],[81.796997,29.895505],[81.796989,29.897514],[81.799942,29.900396],[81.800262,29.902696],[81.798606,29.905567],[81.795631,29.908432],[81.792655,29.909862],[81.7826,29.912425],[81.770576,29.910736],[81.764343,29.910717],[81.755043,29.907289],[81.748313,29.909172],[81.745605,29.908836],[81.740585,29.910024],[81.732002,29.913158],[81.727058,29.913427],[81.72245,29.912269],[81.719154,29.912544],[81.716506,29.913976],[81.715515,29.915405],[81.710517,29.926885],[81.703575,29.930604],[81.699272,29.934898],[81.698242,29.943223],[81.69725,29.94466],[81.693603,29.947809],[81.688323,29.949802],[81.674186,29.941431],[81.669578,29.941127],[81.654075,29.944299],[81.651306,29.945093],[81.648994,29.947036],[81.644927,29.947774],[81.631813,29.940225],[81.620651,29.940109],[81.616432,29.941514],[81.613868,29.941215],[81.61058,29.939765],[81.604026,29.933994],[81.601722,29.932838],[81.594146,29.932237],[81.590843,29.933948],[81.587852,29.937957],[81.585212,29.938526],[81.571723,29.93416],[81.559936,29.926519],[81.554672,29.925285],[81.549102,29.925052],[81.543304,29.926509],[81.533859,29.926374],[81.521369,29.92447],[81.517097,29.922149],[81.514053,29.915224],[81.514511,29.911621],[81.518264,29.904649],[81.517555,29.90233],[81.501815,29.891345],[81.494918,29.888732],[81.483871,29.890199],[81.475196,29.889722],[81.467727,29.890991],[81.464775,29.892677],[81.459808,29.897899],[81.456314,29.900127],[81.461364,29.907358],[81.462776,29.917034],[81.465095,29.921995],[81.463836,29.926015],[81.45935,29.934234],[81.459945,29.942857],[81.456291,29.947431],[81.455596,29.952308],[81.457557,29.95376],[81.465782,29.956384],[81.468734,29.95841],[81.473579,29.972507],[81.472557,29.976526],[81.465568,29.985963],[81.464889,29.988258],[81.466156,29.996309],[81.460838,30.002027],[81.457527,30.003444],[81.451255,30.004566],[81.445617,30.008272],[81.446273,30.009424],[81.443626,30.010267],[81.436378,30.009662],[81.432083,30.010498],[81.412879,30.02045],[81.404617,30.022413],[81.400016,30.020956],[81.392463,30.016897],[81.389839,30.015153],[81.385589,30.010246],[81.380332,30.007923],[81.371734,30.011318],[81.36811,30.011009],[81.361534,30.008962],[81.359222,30.009241],[81.356903,30.010662],[81.351562,30.018383],[81.350234,30.019235],[81.344284,30.020923],[81.332031,30.026597],[81.323791,30.02626],[81.320487,30.027107],[81.31797,30.030656],[81.31594,30.032037],[81.304283,30.031307],[81.298439,30.033542],[81.292358,30.037553],[81.283432,30.04037],[81.281425,30.043226],[81.274482,30.045192],[81.272811,30.047199],[81.279357,30.06224],[81.28836,30.069332],[81.289871,30.083108],[81.290908,30.086547],[81.289779,30.099769],[81.290565,30.108951],[81.289634,30.112699],[81.284751,30.11734],[81.279899,30.124572],[81.261322,30.140838],[81.257751,30.145174],[81.257461,30.147764],[81.26213,30.151741],[81.276023,30.154193],[81.287582,30.154655],[81.302467,30.157672],[81.30587,30.164535],[81.307197,30.165088],[81.308837,30.164791],[81.310798,30.163049],[81.313323,30.154975],[81.316246,30.1515],[81.328445,30.151094],[81.333412,30.152479],[81.334747,30.153617],[81.335174,30.159929],[81.35292,30.17756],[81.357925,30.181243],[81.362579,30.183496],[81.370208,30.185716],[81.380958,30.198532],[81.394607,30.20615],[81.396965,30.209285],[81.398017,30.213003],[81.397132,30.220195],[81.390342,30.229753],[81.390724,30.23348],[81.392425,30.236911],[81.397132,30.242029],[81.394256,30.248668],[81.394294,30.251543],[81.396316,30.253816],[81.403976,30.258052],[81.410003,30.263442],[81.414085,30.271163],[81.416496,30.27774],[81.416229,30.281772],[81.411949,30.282966],[81.40464,30.280456],[81.401679,30.281347],[81.404067,30.286203],[81.40345,30.289373],[81.401519,30.292549],[81.404525,30.29482],[81.410499,30.296482],[81.418495,30.300416],[81.421516,30.303544],[81.42192,30.308423],[81.421295,30.311017],[81.417694,30.31307],[81.401893,30.317831],[81.398956,30.320161],[81.397361,30.324199],[81.398056,30.3262],[81.403762,30.33246],[81.405799,30.335889],[81.40586,30.339906],[81.401847,30.359201],[81.400245,30.362661],[81.397949,30.363842],[81.395683,30.367309],[81.397697,30.369009],[81.413246,30.369422],[81.417205,30.36881],[81.420524,30.369636],[81.423538,30.372188],[81.42456,30.373907],[81.424942,30.377632],[81.428642,30.381616],[81.428001,30.383066],[81.424697,30.383096],[81.421745,30.384563],[81.416191,30.389503],[81.400733,30.395412],[81.401771,30.398851],[81.404129,30.401411],[81.405502,30.405134],[81.405555,30.408575],[81.406593,30.411437],[81.409667,30.418018],[81.411338,30.419151],[81.429855,30.41809],[81.431808,30.415779],[81.434043,30.410867],[81.436378,30.411706],[81.438407,30.414846],[81.442733,30.416236],[81.445693,30.415346],[81.457794,30.405731],[81.467979,30.401023],[81.470916,30.398698],[81.478034,30.387989],[81.484893,30.382165],[81.489814,30.379816],[81.494445,30.37976],[81.505058,30.38137],[81.510673,30.380733],[81.516273,30.379518],[81.522521,30.376863],[81.531372,30.371877],[81.548881,30.370531],[81.554183,30.371049],[81.557861,30.37359],[81.551414,30.38401],[81.552284,30.396644],[81.554069,30.40467],[81.560081,30.408046],[81.561775,30.410036],[81.562141,30.412338],[81.559654,30.422418],[81.562034,30.426128],[81.564712,30.427825],[81.568031,30.428359],[81.571327,30.427463],[81.584465,30.421562],[81.598571,30.413639],[81.60717,30.413536],[81.614845,30.417175],[81.616889,30.4206],[81.621246,30.423707],[81.623291,30.427133],[81.618873,30.439828],[81.618927,30.443281],[81.621284,30.445549],[81.624267,30.445806],[81.632843,30.443693],[81.651603,30.437143],[81.664405,30.430662],[81.691429,30.423717],[81.706214,30.417501],[81.717681,30.411031],[81.726936,30.410047],[81.729881,30.408283],[81.731498,30.405971],[81.734306,30.396736],[81.746131,30.391693],[81.751365,30.388463],[81.771804,30.38418],[81.791374,30.386215],[81.80857,30.385704],[81.813171,30.383914],[81.821311,30.376617],[81.830215,30.375061],[81.850097,30.376226],[81.856117,30.37959],[81.860755,30.379817],[81.871582,30.374776],[81.875495,30.37185],[81.884567,30.361948],[81.895034,30.355764],[81.906211,30.352157],[81.925651,30.348142],[81.936553,30.347412],[81.938888,30.347953],[81.944274,30.352468],[81.946693,30.357614],[81.949691,30.358434],[81.953285,30.356367],[81.955535,30.353174],[81.959152,30.351972],[81.96109,30.349641],[81.957969,30.342782],[81.960571,30.340442],[81.968475,30.338603],[81.976982,30.334167],[81.984138,30.328027],[81.986709,30.324245],[81.99028,30.321031],[81.99356,30.319831],[81.997886,30.320917],[82.003921,30.32485],[82.009841,30.338851],[82.016891,30.343633],[82.020874,30.344154],[82.024818,30.342657],[82.031005,30.337955],[82.039978,30.339838],[82.043601,30.3392],[82.056404,30.334407],[82.059555,30.342121],[82.067642,30.348896],[82.067375,30.352066],[82.068405,30.35378],[82.080101,30.358772],[82.082099,30.359315],[82.085723,30.358686],[82.091827,30.34996],[82.095771,30.348749],[82.104354,30.347755],[82.108604,30.345384],[82.110847,30.342189],[82.111984,30.333538],[82.121658,30.32217],[82.119224,30.317035],[82.126594,30.305986],[82.127174,30.30253],[82.124481,30.300275],[82.119026,30.29317],[82.116897,30.286586],[82.113159,30.282051],[82.111083,30.278055],[82.115623,30.273954],[82.117835,30.269315],[82.119033,30.263839],[82.118644,30.260969],[82.115936,30.258426],[82.107582,30.25424],[82.105461,30.248241],[82.105712,30.244493],[82.10128,30.238525],[82.101882,30.235927],[82.104492,30.234159],[82.112236,30.225702],[82.116188,30.225057],[82.126808,30.226903],[82.129753,30.225708],[82.13198,30.221935],[82.133064,30.211271],[82.134956,30.206928],[82.140121,30.201669],[82.154441,30.191947],[82.158363,30.189867],[82.162963,30.18893],[82.178573,30.192127],[82.184188,30.192037],[82.186767,30.189113],[82.186035,30.18596],[82.188064,30.173845],[82.182929,30.16617],[82.183517,30.162704],[82.185798,30.161518],[82.192062,30.160839],[82.199913,30.15755],[82.203506,30.155761],[82.205757,30.153133],[82.205032,30.150556],[82.20195,30.145723],[82.198905,30.14261],[82.197509,30.139469],[82.195137,30.136922],[82.183105,30.130796],[82.175384,30.125457],[82.171737,30.124656],[82.169685,30.121526],[82.171295,30.119775],[82.174568,30.118572],[82.180183,30.118761],[82.184089,30.116111],[82.187286,30.111742],[82.180198,30.104957],[82.181953,30.095148],[82.181564,30.092567],[82.17852,30.089454],[82.175506,30.087776],[82.171539,30.087558],[82.168518,30.085302],[82.167465,30.082443],[82.170509,30.071466],[82.175651,30.065347],[82.193908,30.069929],[82.202766,30.067478],[82.209678,30.066495],[82.213966,30.066427],[82.219619,30.068346],[82.22982,30.067022],[82.236816,30.069484],[82.247863,30.0762],[82.250183,30.076446],[82.253425,30.074096],[82.261138,30.065328],[82.265396,30.063816],[82.278602,30.063877],[82.283187,30.062356],[82.285118,30.060308],[82.288459,30.048463],[82.293609,30.042909],[82.297828,30.040241],[82.305381,30.038383],[82.313667,30.039958],[82.321113,30.047595],[82.323799,30.049278],[82.326438,30.049226],[82.333641,30.046798],[82.343299,30.03713],[82.34645,30.031034],[82.356544,30.025669],[82.359764,30.022449],[82.361656,30.018966],[82.362815,30.012619],[82.365112,30.011997],[82.368118,30.013381],[82.379013,30.013757],[82.379379,30.015193],[82.377899,30.021837],[82.38002,30.027263],[82.381698,30.028377],[82.383331,30.027776],[82.38652,30.023401],[82.396133,30.024955],[82.398399,30.023187],[82.403511,30.016761],[82.420974,30.002918],[82.433502,29.989738],[82.445915,29.984897],[82.458946,29.978616],[82.463668,29.982555],[82.466941,29.981334],[82.476272,29.972528],[82.477706,29.96416],[82.479621,29.96182],[82.485832,29.959692],[82.490325,29.954998],[82.501426,29.950754],[82.503227,29.947959],[82.511474,29.949096],[82.521377,29.956266],[82.525009,29.961147],[82.528968,29.968896],[82.53128,29.969758],[82.544807,29.964857],[82.548759,29.961692],[82.550079,29.959682],[82.56195,29.95536],[82.563926,29.953065],[82.563926,29.946748],[82.565567,29.939279],[82.567543,29.934389],[82.576766,29.923461],[82.586982,29.920289],[82.58995,29.917415],[82.589942,29.910232],[82.591255,29.907653],[82.594551,29.905637],[82.602119,29.890975],[82.615615,29.880899],[82.622207,29.878595],[82.633743,29.876274],[82.639343,29.873964],[82.642967,29.870794],[82.643623,29.868787],[82.643287,29.865919],[82.641632,29.863908],[82.635696,29.860477],[82.63272,29.857034],[82.631729,29.85301],[82.624794,29.848148],[82.620834,29.843265],[82.620826,29.8404],[82.622146,29.838388],[82.62445,29.836942],[82.63433,29.833765],[82.641906,29.834609],[82.645866,29.836614],[82.667633,29.842884],[82.67884,29.843441],[82.681144,29.844579],[82.687751,29.851167],[82.692047,29.853462],[82.695999,29.854312],[82.700279,29.850856],[82.710464,29.838768],[82.71244,29.837606],[82.715408,29.837316],[82.721672,29.837871],[82.724632,29.837003],[82.725616,29.835565],[82.728553,29.824935],[82.734786,29.815151],[82.734451,29.812562],[82.730804,29.805107],[82.711006,29.793378],[82.701782,29.793125],[82.69915,29.792551],[82.697166,29.79055],[82.697486,29.785377],[82.696815,29.782506],[82.694831,29.779928],[82.690216,29.776777],[82.688896,29.774768],[82.689216,29.770462],[82.688217,29.765291],[82.689193,29.76271],[82.695777,29.760681],[82.700721,29.761526],[82.704345,29.762384],[82.706321,29.763809],[82.707977,29.766395],[82.711601,29.767532],[82.714561,29.76523],[82.717521,29.765506],[82.721488,29.769519],[82.724784,29.770364],[82.742233,29.768594],[82.746505,29.76629],[82.753746,29.765117],[82.757362,29.761087],[82.761596,29.746999],[82.764869,29.741247],[82.765846,29.73751],[82.762527,29.730049],[82.764831,29.728609],[82.768127,29.728885],[82.770751,29.727725],[82.776336,29.723686],[82.781936,29.723379],[82.786201,29.720207],[82.789817,29.718763],[82.798377,29.718729],[82.81221,29.720123],[82.816818,29.719818],[82.820098,29.717794],[82.820747,29.714056],[82.819419,29.710617],[82.815116,29.704603],[82.815101,29.701438],[82.816734,29.697696],[82.823287,29.690782],[82.827232,29.687896],[82.835136,29.689588],[82.84468,29.69042],[82.858154,29.684333],[82.862098,29.683746],[82.865394,29.684309],[82.876609,29.69087],[82.885169,29.690837],[82.888137,29.691688],[82.890113,29.693399],[82.8908,29.699432],[82.893768,29.700571],[82.908248,29.699071],[82.911872,29.70049],[82.915512,29.70421],[82.919784,29.703042],[82.926345,29.698135],[82.929641,29.698984],[82.9346,29.703842],[82.938194,29.696929],[82.943107,29.692024],[82.94606,29.690582],[82.945053,29.685991],[82.943397,29.683982],[82.943695,29.677944],[82.941368,29.673076],[82.945304,29.671331],[82.946937,29.668451],[82.950538,29.664703],[82.956436,29.660657],[82.960716,29.659769],[82.964332,29.660329],[82.971595,29.66403],[82.974571,29.666889],[82.985755,29.666553],[82.98838,29.664234],[82.990333,29.661066],[82.993621,29.660768],[82.996589,29.661615],[83.0065,29.667882],[83.00946,29.668153],[83.011421,29.665273],[83.012062,29.662109],[83.014671,29.658645],[83.017303,29.657777],[83.018608,29.65633],[83.019561,29.650003],[83.020866,29.648275],[83.026458,29.648822],[83.029434,29.651102],[83.03273,29.651372],[83.036338,29.650209],[83.037971,29.647039],[83.040847,29.632946],[83.042808,29.630922],[83.055931,29.625391],[83.062843,29.625352],[83.064804,29.623905],[83.067703,29.61413],[83.071945,29.608358],[83.080139,29.603427],[83.083412,29.602262],[83.088684,29.602516],[83.09066,29.603656],[83.090377,29.610553],[83.09893,29.609931],[83.105552,29.6165],[83.112777,29.615306],[83.115409,29.615581],[83.117401,29.617578],[83.118438,29.625614],[83.121406,29.625602],[83.130897,29.618648],[83.133529,29.618635],[83.13816,29.622341],[83.14112,29.622608],[83.144729,29.62144],[83.154594,29.620809],[83.158859,29.61848],[83.163429,29.613851],[83.163406,29.610984],[83.158721,29.599805],[83.158378,29.597215],[83.159675,29.594909],[83.16986,29.593698],[83.175437,29.591073],[83.184997,29.594469],[83.186668,29.598186],[83.186386,29.603939],[83.187057,29.605941],[83.190025,29.607072],[83.192329,29.606779],[83.19596,29.609336],[83.198905,29.607021],[83.217643,29.6046],[83.21862,29.603727],[83.218261,29.600282],[83.215576,29.593118],[83.21556,29.59053],[83.216857,29.588224],[83.222084,29.584161],[83.229942,29.579517],[83.237808,29.576305],[83.259178,29.575296],[83.266029,29.568637],[83.269302,29.567178],[83.275558,29.567705],[83.278182,29.566823],[83.280136,29.564516],[83.281425,29.561054],[83.281066,29.557897],[83.279411,29.55647],[83.273803,29.554502],[83.269859,29.554525],[83.259689,29.557468],[83.257049,29.556339],[83.25637,29.55347],[83.256675,29.550594],[83.254302,29.542276],[83.257225,29.537662],[83.261466,29.534473],[83.264694,29.526971],[83.266326,29.525241],[83.267608,29.522068],[83.267898,29.517179],[83.266883,29.513742],[83.266853,29.509712],[83.268798,29.506538],[83.275344,29.503622],[83.280563,29.499267],[83.284507,29.498954],[83.289779,29.500932],[83.295043,29.501756],[83.299957,29.499702],[83.306877,29.501949],[83.310173,29.502212],[83.315788,29.505912],[83.318428,29.506752],[83.329231,29.502651],[83.346565,29.492742],[83.348091,29.479799],[83.345077,29.474361],[83.344032,29.46747],[83.344665,29.464881],[83.351173,29.458505],[83.356033,29.451002],[83.365547,29.449485],[83.365837,29.445751],[83.36483,29.442884],[83.369338,29.433359],[83.370277,29.429046],[83.372886,29.427297],[83.379119,29.425807],[83.382049,29.423488],[83.400093,29.421327],[83.413894,29.421791],[83.417701,29.408538],[83.421272,29.404775],[83.426177,29.402437],[83.421531,29.397586],[83.420516,29.394718],[83.422058,29.384931],[83.418754,29.382659],[83.413154,29.380697],[83.412475,29.378398],[83.416336,29.370901],[83.415946,29.364578],[83.417831,29.356513],[83.422431,29.356473],[83.42472,29.355588],[83.426651,29.352413],[83.429908,29.349803],[83.43811,29.349157],[83.441047,29.347406],[83.444274,29.342775],[83.444198,29.335018],[83.445793,29.330986],[83.44577,29.328107],[83.44371,29.319215],[83.439743,29.316658],[83.440643,29.308322],[83.441284,29.307167],[83.445861,29.305685],[83.444854,29.303394],[83.445472,29.29994],[83.448089,29.299053],[83.450057,29.299331],[83.452018,29.298156],[83.451972,29.293565],[83.45359,29.291534],[83.455566,29.292091],[83.456169,29.28778],[83.457466,29.285749],[83.462356,29.283409],[83.463981,29.281675],[83.464584,29.276496],[83.466201,29.274465],[83.467834,29.27359],[83.471778,29.274414],[83.478057,29.278963],[83.481681,29.280366],[83.48561,29.279758],[83.491767,29.272804],[83.49105,29.267347],[83.491683,29.265327],[83.500167,29.261806],[83.50666,29.25571],[83.513877,29.255636],[83.513504,29.251911],[83.514793,29.249313],[83.518356,29.245536],[83.517311,29.240089],[83.522209,29.238025],[83.522171,29.234869],[83.517875,29.232032],[83.516204,29.229177],[83.517173,29.227731],[83.517738,29.219964],[83.519027,29.217653],[83.522293,29.216466],[83.531074,29.210634],[83.533317,29.206022],[83.537239,29.204545],[83.548362,29.20329],[83.550964,29.201536],[83.553588,29.201225],[83.561164,29.204893],[83.568359,29.203382],[83.570945,29.20049],[83.569869,29.191867],[83.575729,29.188655],[83.577667,29.18662],[83.578575,29.17971],[83.580513,29.177684],[83.591606,29.173261],[83.600479,29.175758],[83.606422,29.179157],[83.609375,29.1797],[83.611976,29.178234],[83.614555,29.174186],[83.62136,29.168081],[83.626525,29.161701],[83.631721,29.157909],[83.636634,29.158149],[83.640258,29.159259],[83.647506,29.162921],[83.65847,29.174604],[83.660766,29.177989],[83.665977,29.17509],[83.666625,29.173942],[83.667259,29.169637],[83.66558,29.161895],[83.66719,29.158445],[83.675346,29.155248],[83.679252,29.151502],[83.680213,29.148622],[83.679512,29.140586],[83.682723,29.129953],[83.681709,29.125085],[83.680397,29.123655],[83.678428,29.122226],[83.675483,29.121953],[83.672546,29.122261],[83.667984,29.124284],[83.659477,29.12289],[83.65718,29.121751],[83.656188,29.120031],[83.655166,29.111139],[83.652198,29.107421],[83.649909,29.107149],[83.647956,29.10802],[83.644721,29.114063],[83.643089,29.114067],[83.641105,29.109479],[83.637817,29.10634],[83.622428,29.100379],[83.621116,29.098661],[83.620773,29.09637],[83.621742,29.094356],[83.623367,29.09263],[83.627929,29.090311],[83.630195,29.086858],[83.630821,29.081977],[83.63533,29.068752],[83.634994,29.067039],[83.633346,29.065032],[83.624504,29.059904],[83.622505,29.053604],[83.622459,29.044134],[83.61753,29.038986],[83.617195,29.036695],[83.618484,29.033246],[83.616821,29.027515],[83.617462,29.025791],[83.620063,29.023763],[83.620704,29.021751],[83.618064,29.015451],[83.620971,29.009698],[83.61898,29.003391],[83.618942,28.996797],[83.616271,28.985042],[83.612335,28.981037],[83.608413,28.981344],[83.604194,28.984519],[83.601913,28.985103],[83.597007,28.98369],[83.59307,28.979396],[83.587127,28.965644],[83.578918,28.954776],[83.574325,28.950773],[83.563209,28.945077],[83.561569,28.943368],[83.556945,28.932771],[83.554649,28.929906],[83.529426,28.904747],[83.522865,28.897029],[83.507156,28.883312],[83.504531,28.880161],[83.502548,28.874139],[83.502868,28.871559],[83.506416,28.863508],[83.507041,28.858058],[83.504394,28.848026],[83.501121,28.844306],[83.498184,28.843742],[83.492004,28.846342],[83.487434,28.844924],[83.485794,28.842636],[83.486068,28.830009],[83.484741,28.824563],[83.48471,28.817672],[83.485992,28.812791],[83.488586,28.809053],[83.491462,28.796125],[83.490135,28.789823],[83.487518,28.786958],[83.481971,28.785253],[83.475456,28.784416],[83.466651,28.781579],[83.457824,28.774433],[83.450645,28.770727],[83.443809,28.770465],[83.43338,28.768774],[83.409912,28.761957],[83.394279,28.76172],[83.391021,28.760868],[83.384498,28.757158],[83.381561,28.754581],[83.368804,28.736825],[83.364562,28.733682],[83.36,28.732837],[83.339508,28.736612],[83.33625,28.736623],[83.319641,28.733791],[83.313781,28.73381],[83.306289,28.732389],[83.289352,28.726406],[83.277946,28.72126],[83.274696,28.721269],[83.266563,28.723011],[83.25875,28.723596],[83.254203,28.725616],[83.248359,28.731937],[83.244132,28.734525],[83.239906,28.7397],[83.235679,28.742576],[83.230796,28.742296],[83.228195,28.741149],[83.220046,28.734275],[83.212875,28.731424],[83.203773,28.734874],[83.196617,28.739479],[83.175796,28.746103],[83.170265,28.745252],[83.155944,28.746992],[83.149429,28.746417],[83.147476,28.745559],[83.143188,28.739896],[83.140045,28.742832],[83.135108,28.743431],[83.117401,28.740901],[83.113502,28.741268],[83.109809,28.744155],[83.106346,28.750953],[83.102844,28.762104],[83.099052,28.768836],[83.095558,28.77098],[83.08612,28.779867],[83.082977,28.787168],[83.078094,28.786621],[83.071372,28.782936],[83.068313,28.783351],[83.058311,28.785701],[83.052215,28.7882],[83.039115,28.795444],[83.034103,28.795757],[83.028564,28.794178],[83.021667,28.794218],[83.018173,28.796413],[83.015197,28.79976],[83.009483,28.801223],[83.000007,28.805631],[82.994338,28.804677],[82.981521,28.804342],[82.97763,28.807516],[82.967353,28.819442],[82.962234,28.82377],[82.955665,28.824321],[82.952888,28.827888],[82.948219,28.831174],[82.929916,28.82862],[82.926933,28.830875],[82.905471,28.833776],[82.9011,28.830524],[82.894844,28.82872],[82.889114,28.828571],[82.882545,28.829633],[82.880081,28.831766],[82.876838,28.833091],[82.874938,28.830806],[82.877136,28.82707],[82.877639,28.824542],[82.875869,28.821107],[82.867523,28.81776],[82.862586,28.8187],[82.854469,28.823553],[82.845619,28.823244],[82.841064,28.821878],[82.839965,28.824584],[82.843048,28.830818],[82.840324,28.832321],[82.834526,28.83114],[82.825424,28.832031],[82.822875,28.830842],[82.818527,28.832231],[82.815071,28.831384],[82.799873,28.822492],[82.783668,28.821805],[82.779434,28.819978],[82.775321,28.816326],[82.770759,28.813928],[82.765945,28.813606],[82.761589,28.815399],[82.758285,28.819423],[82.743606,28.844703],[82.740814,28.847923],[82.737762,28.849655],[82.724418,28.848377],[82.719802,28.849536],[82.71051,28.854955],[82.706214,28.855882],[82.701736,28.858587],[82.698242,28.866165],[82.698211,28.865121],[82.685165,28.860911],[82.673149,28.852191],[82.666625,28.853394],[82.658042,28.861212],[82.655639,28.866323],[82.650146,28.869631],[82.642593,28.866925],[82.6371,28.854897],[82.62989,28.853695],[82.626113,28.848282],[82.625083,28.844072],[82.62577,28.840764],[82.62371,28.835651],[82.61856,28.828733],[82.615127,28.826327],[82.617187,28.819108],[82.620277,28.814295],[82.620277,28.809482],[82.613239,28.806925],[82.612552,28.805571],[82.604141,28.799855],[82.603626,28.7979],[82.601222,28.797448],[82.597618,28.792935],[82.594871,28.79113],[82.591266,28.79128],[82.588691,28.788873],[82.589893,28.785714],[82.586288,28.781652],[82.580966,28.780298],[82.575645,28.775784],[82.570667,28.772925],[82.569293,28.771119],[82.567405,28.771119],[82.566547,28.76811],[82.563285,28.768862],[82.562084,28.768261],[82.56483,28.765101],[82.564144,28.759533],[82.566719,28.757877],[82.567062,28.752309],[82.565689,28.748246],[82.566032,28.744031],[82.568435,28.744784],[82.571182,28.743429],[82.573413,28.741172],[82.580108,28.741473],[82.585945,28.740118],[82.591609,28.740419],[82.595214,28.743429],[82.602252,28.743128],[82.602424,28.733345],[82.603454,28.727775],[82.605514,28.722808],[82.605342,28.715581],[82.612724,28.71242],[82.616844,28.708806],[82.614612,28.703386],[82.614097,28.698267],[82.614097,28.694653],[82.615985,28.691942],[82.616157,28.689533],[82.604484,28.687274],[82.600708,28.68366],[82.601051,28.677034],[82.599678,28.67131],[82.597961,28.668599],[82.590408,28.666792],[82.586975,28.664382],[82.582855,28.665286],[82.578392,28.664081],[82.573242,28.658357],[82.563972,28.651126],[82.559509,28.646004],[82.555389,28.643895],[82.547836,28.64721],[82.542686,28.646306],[82.537879,28.64721],[82.537536,28.64962],[82.534103,28.649921],[82.524833,28.655344],[82.5214,28.659562],[82.517623,28.661068],[82.513847,28.659562],[82.508354,28.660767],[82.502517,28.663177],[82.499771,28.668901],[82.494277,28.669804],[82.490844,28.671612],[82.485351,28.673118],[82.478828,28.67372],[82.474021,28.670407],[82.470588,28.67131],[82.465095,28.670407],[82.462348,28.672817],[82.460632,28.669503],[82.449989,28.67131],[82.440032,28.657754],[82.450675,28.655043],[82.453765,28.649319],[82.457542,28.651126],[82.461318,28.645703],[82.466125,28.645703],[82.470245,28.644197],[82.479171,28.645402],[82.485351,28.641183],[82.50801,28.630938],[82.508697,28.627623],[82.512474,28.627623],[82.51831,28.625815],[82.52964,28.624911],[82.540626,28.621898],[82.544403,28.623103],[82.543029,28.625815],[82.547149,28.627623],[82.551612,28.625815],[82.547492,28.623103],[82.546463,28.618582],[82.551956,28.61587],[82.554016,28.616171],[82.562255,28.610144],[82.567749,28.611349],[82.570838,28.610746],[82.578048,28.614363],[82.580451,28.611349],[82.579765,28.603211],[82.581138,28.6008],[82.580795,28.594771],[82.578735,28.590249],[82.581825,28.58633],[82.578392,28.584823],[82.575645,28.5803],[82.567405,28.577738],[82.56174,28.580602],[82.556591,28.5803],[82.554359,28.58226],[82.546119,28.575477],[82.544403,28.572763],[82.535648,28.570803],[82.531185,28.564923],[82.52964,28.561607],[82.529125,28.558742],[82.532558,28.556329],[82.526702,28.556558],[82.516311,28.552673],[82.509429,28.551309],[82.49691,28.552587],[82.493598,28.548927],[82.491378,28.537921],[82.485473,28.532939],[82.472488,28.528028],[82.463401,28.521045],[82.451469,28.520717],[82.445312,28.522331],[82.433959,28.522977],[82.422744,28.525852],[82.416687,28.528598],[82.417617,28.523912]]]}},{"type":"Feature","properties":{"id":"P7","name":"Sudurpashchim","name_ne":"\u0938\u0941\u0926\u0942\u0930\u092a\u0936\u094d\u091a\u093f\u092e","admin_level":1},"geometry":{"type":"Polygon","coordinates":[[[80.986618,28.934488],[80.991508,28.931341],[81.001594,28.927913],[81.018516,28.92019],[81.02275,28.916175],[81.02536,28.911594],[81.031227,28.904708],[81.040023,28.890094],[81.054351,28.873754],[81.055976,28.87289],[81.061828,28.872896],[81.072227,28.874336],[81.073532,28.873476],[81.074836,28.866018],[81.076469,28.864009],[81.078742,28.862005],[81.085899,28.859718],[81.090774,28.857143],[81.09468,28.853982],[81.100212,28.847106],[81.103782,28.844806],[81.108985,28.844808],[81.126205,28.849695],[81.12751,28.851415],[81.128479,28.856292],[81.130424,28.860887],[81.133026,28.865186],[81.140174,28.870071],[81.143424,28.870069],[81.14505,28.868637],[81.149932,28.854572],[81.155784,28.845106],[81.156761,28.84052],[81.156112,28.832481],[81.15644,28.83019],[81.158065,28.82847],[81.162292,28.82904],[81.169761,28.833919],[81.175285,28.833627],[81.17984,28.827316],[81.18341,28.824447],[81.191535,28.822151],[81.204208,28.816125],[81.208435,28.818414],[81.209083,28.819847],[81.206481,28.824443],[81.199989,28.82932],[81.198684,28.831327],[81.198036,28.837358],[81.201614,28.858018],[81.203567,28.860021],[81.208114,28.858587],[81.209739,28.848258],[81.211364,28.845386],[81.212989,28.843376],[81.227615,28.835046],[81.232482,28.829881],[81.234428,28.815246],[81.242225,28.808639],[81.242546,28.804052],[81.240272,28.801469],[81.233772,28.797744],[81.232139,28.795162],[81.231819,28.792295],[81.232788,28.788852],[81.235061,28.786834],[81.243179,28.783679],[81.247726,28.777933],[81.25193,28.758134],[81.254524,28.752962],[81.258094,28.749521],[81.259719,28.746646],[81.261016,28.742055],[81.260032,28.738035],[81.257431,28.734306],[81.256782,28.732017],[81.257751,28.730007],[81.260025,28.728565],[81.266517,28.726842],[81.271385,28.72397],[81.272354,28.716215],[81.271049,28.712486],[81.268775,28.709617],[81.267799,28.705316],[81.270713,28.701011],[81.28012,28.694108],[81.285614,28.677749],[81.28897,28.67032],[81.291114,28.662244],[81.291427,28.652202],[81.290443,28.649045],[81.286872,28.644166],[81.27713,28.636436],[81.275505,28.632703],[81.271606,28.630125],[81.265769,28.62841],[81.2583,28.624977],[81.252784,28.619817],[81.249855,28.615804],[81.247261,28.614082],[81.244018,28.61236],[81.23104,28.608358],[81.226821,28.605487],[81.223251,28.600904],[81.217086,28.59],[81.209289,28.573364],[81.200531,28.560745],[81.189826,28.552436],[81.185935,28.546409],[81.179122,28.538949],[81.173934,28.530057],[81.16616,28.519731],[81.150276,28.508262],[81.139907,28.49134],[81.113998,28.469829],[81.104606,28.464946],[81.093925,28.455192],[81.08583,28.452041],[81.082916,28.448312],[81.080657,28.439132],[81.076126,28.427656],[81.070625,28.417325],[81.063835,28.406991],[81.060798,28.397205],[81.050575,28.407554],[81.039894,28.412189],[81.038139,28.411869],[81.037246,28.409311],[81.037033,28.397447],[81.034332,28.398803],[81.029998,28.403114],[81.017997,28.41739],[81.03704,28.426843],[81.031196,28.437189],[81.020439,28.430992],[81.018226,28.430686],[81.015678,28.43313],[81.015419,28.436855],[81.018165,28.448846],[81.017219,28.450695],[81.003273,28.450962],[80.997093,28.446071],[80.994499,28.44267],[80.989982,28.4405],[80.982841,28.440147],[80.980941,28.439027],[80.980194,28.437267],[80.977233,28.434732],[80.966026,28.435926],[80.966674,28.439464],[80.968627,28.443511],[80.971145,28.446855],[80.980308,28.455028],[80.974739,28.45568],[80.970832,28.454931],[80.967689,28.453433],[80.963851,28.449077],[80.959266,28.446163],[80.954849,28.446119],[80.948913,28.455484],[80.938217,28.45615],[80.93518,28.457057],[80.934951,28.458667],[80.938064,28.462514],[80.944213,28.465517],[80.94535,28.467277],[80.943679,28.468563],[80.939193,28.467939],[80.928726,28.458929],[80.922035,28.458675],[80.918342,28.463027],[80.912002,28.460142],[80.902824,28.478025],[80.902008,28.483369],[80.907211,28.491947],[80.906196,28.4974],[80.899078,28.502777],[80.894958,28.508619],[80.888572,28.5114],[80.878921,28.512449],[80.872421,28.512201],[80.863616,28.509506],[80.861091,28.50599],[80.860671,28.503992],[80.865837,28.490232],[80.864929,28.490299],[80.859962,28.492378],[80.844551,28.494476],[80.842041,28.495767],[80.842247,28.500347],[80.840042,28.504737],[80.818717,28.519226],[80.810935,28.523567],[80.799064,28.524301],[80.789169,28.526781],[80.785972,28.529918],[80.784942,28.534803],[80.784996,28.542301],[80.78273,28.547029],[80.778877,28.549768],[80.769317,28.552873],[80.764869,28.563699],[80.761741,28.56764],[80.758331,28.569625],[80.741928,28.575794],[80.739181,28.574281],[80.738868,28.570507],[80.736198,28.570138],[80.728668,28.574756],[80.723937,28.575563],[80.713188,28.573238],[80.70829,28.57587],[80.702461,28.580989],[80.696342,28.584726],[80.692375,28.58867],[80.69503,28.597171],[80.694786,28.602899],[80.689811,28.604738],[80.683189,28.604824],[80.677963,28.607295],[80.67749,28.619781],[80.676116,28.623981],[80.671897,28.628614],[80.669868,28.632244],[80.669174,28.638555],[80.66687,28.645456],[80.655792,28.638484],[80.650581,28.637519],[80.644287,28.643091],[80.641387,28.644672],[80.635231,28.641078],[80.628189,28.639442],[80.621315,28.640214],[80.615631,28.642745],[80.610572,28.648065],[80.605537,28.655231],[80.598724,28.651409],[80.594818,28.65043],[80.597518,28.658296],[80.593765,28.659719],[80.588256,28.660465],[80.583808,28.663034],[80.583473,28.667453],[80.589126,28.682163],[80.567001,28.690086],[80.554039,28.692579],[80.550117,28.692441],[80.549751,28.691034],[80.53704,28.688465],[80.522697,28.679283],[80.5139,28.674686],[80.506401,28.66809],[80.503471,28.664072],[80.502815,28.660057],[80.505737,28.651435],[80.511245,28.62186],[80.513519,28.615537],[80.514816,28.607503],[80.517089,28.600326],[80.518707,28.587682],[80.518051,28.585105],[80.519676,28.581081],[80.523574,28.577058],[80.527153,28.575332],[80.531051,28.569877],[80.526809,28.558393],[80.523872,28.554952],[80.517036,28.552654],[80.514762,28.552949],[80.509895,28.565004],[80.506317,28.568458],[80.500137,28.569896],[80.49916,28.570758],[80.498512,28.575351],[80.496887,28.5788],[80.487777,28.581958],[80.483879,28.585117],[80.481269,28.585405],[80.47509,28.583972],[80.474113,28.585123],[80.474113,28.586849],[80.475746,28.591444],[80.475418,28.592876],[80.46891,28.598049],[80.465011,28.605228],[80.461761,28.615558],[80.458831,28.620733],[80.457527,28.622451],[80.448738,28.628772],[80.438323,28.633653],[80.4253,28.636806],[80.415534,28.634225],[80.409019,28.634222],[80.400878,28.633069],[80.387863,28.629049],[80.372558,28.627319],[80.368324,28.628459],[80.36116,28.632766],[80.35823,28.635635],[80.356925,28.642524],[80.355621,28.644815],[80.347473,28.652851],[80.343238,28.655717],[80.328582,28.662305],[80.322715,28.666324],[80.31977,28.679525],[80.319763,28.690435],[80.319107,28.692722],[80.316497,28.696451],[80.31356,28.698753],[80.304435,28.702184],[80.295639,28.707628],[80.290092,28.709629],[80.274459,28.71133],[80.261405,28.723367],[80.25814,28.727952],[80.259117,28.730249],[80.26432,28.736005],[80.263656,28.739732],[80.260063,28.748626],[80.25386,28.7555],[80.24929,28.756927],[80.242126,28.756341],[80.235275,28.759199],[80.222572,28.756311],[80.218338,28.756305],[80.211486,28.758298],[80.17591,28.780319],[80.154022,28.798927],[80.135711,28.817533],[80.120353,28.828401],[80.117088,28.830112],[80.10926,28.830665],[80.084121,28.826251],[80.075317,28.825933],[80.0727,28.828514],[80.067436,28.839113],[80.06253,28.842834],[80.061218,28.844833],[80.059883,28.850574],[80.060523,28.854589],[80.061492,28.856609],[80.066375,28.858921],[80.069305,28.861509],[80.071243,28.865251],[80.07154,28.872423],[80.067916,28.880733],[80.064971,28.88274],[80.06269,28.883016],[80.054542,28.880409],[80.051925,28.88183],[80.050926,28.885564],[80.051246,28.887855],[80.054817,28.892463],[80.053153,28.898771],[80.06031,28.904249],[80.061241,28.917163],[80.063507,28.920906],[80.066764,28.923501],[80.072494,28.939344],[80.093742,28.971221],[80.098297,28.976402],[80.101463,28.98302],[80.10765,28.988204],[80.110237,28.994821],[80.11473,29.015213],[80.120544,29.032453],[80.123435,29.045381],[80.127311,29.058015],[80.13346,29.075256],[80.140914,29.091934],[80.144813,29.098833],[80.149047,29.104005],[80.164039,29.117832],[80.170227,29.125883],[80.177421,29.12849],[80.180358,29.130222],[80.184593,29.13454],[80.188842,29.136268],[80.205558,29.128847],[80.209823,29.124845],[80.21376,29.122554],[80.218666,29.121419],[80.227828,29.121723],[80.232414,29.120876],[80.238311,29.118593],[80.243103,29.118026],[80.247009,29.124637],[80.247627,29.128194],[80.25415,29.134513],[80.259803,29.13729],[80.267532,29.139425],[80.27275,29.142307],[80.273399,29.143167],[80.273391,29.146322],[80.265197,29.155487],[80.260925,29.162647],[80.259933,29.166086],[80.260551,29.178133],[80.258895,29.18502],[80.256927,29.189029],[80.246757,29.199909],[80.245765,29.202486],[80.246429,29.210039],[80.248016,29.215398],[80.249961,29.218851],[80.251922,29.219715],[80.254547,29.217994],[80.258155,29.213132],[80.260795,29.207401],[80.2621,29.206542],[80.27388,29.205707],[80.27584,29.204853],[80.285675,29.195697],[80.291893,29.195426],[80.29483,29.196861],[80.296455,29.199163],[80.297737,29.210641],[80.295761,29.215517],[80.295089,29.222686],[80.292457,29.226404],[80.291145,29.229845],[80.291793,29.232145],[80.299949,29.239049],[80.30059,29.242778],[80.300254,29.247365],[80.298606,29.251951],[80.298583,29.259414],[80.299232,29.262569],[80.303459,29.272045],[80.304397,29.286682],[80.305046,29.288404],[80.311256,29.291578],[80.317123,29.300191],[80.318428,29.303928],[80.31678,29.306795],[80.31742,29.311666],[80.314132,29.316825],[80.309539,29.319976],[80.29676,29.324531],[80.293479,29.326532],[80.291839,29.328536],[80.288871,29.335708],[80.283279,29.342863],[80.279342,29.346298],[80.279327,29.350309],[80.277999,29.355476],[80.270431,29.367504],[80.271072,29.370656],[80.276947,29.377845],[80.277267,29.37957],[80.275619,29.383867],[80.27494,29.390748],[80.267715,29.396471],[80.253273,29.403318],[80.246704,29.40731],[80.242759,29.411319],[80.244384,29.41534],[80.243713,29.419067],[80.244361,29.42222],[80.246635,29.427103],[80.247924,29.433706],[80.247589,29.435424],[80.242652,29.441432],[80.244277,29.445167],[80.246894,29.446613],[80.25344,29.447496],[80.258682,29.449516],[80.263603,29.448669],[80.272125,29.449264],[80.273429,29.45013],[80.270797,29.453567],[80.27079,29.45471],[80.276687,29.456735],[80.278656,29.456171],[80.279319,29.452444],[80.283592,29.45016],[80.296371,29.451051],[80.300636,29.449916],[80.303253,29.451066],[80.301605,29.455083],[80.295684,29.460514],[80.29042,29.467388],[80.288757,29.472835],[80.289085,29.473985],[80.29071,29.477144],[80.29496,29.48146],[80.297569,29.486053],[80.29953,29.487781],[80.302482,29.488363],[80.306434,29.483785],[80.310371,29.482357],[80.312667,29.482364],[80.314628,29.483804],[80.315605,29.485527],[80.315925,29.488969],[80.315246,29.496139],[80.317855,29.499877],[80.330307,29.505929],[80.333244,29.509954],[80.33554,29.510826],[80.341445,29.510835],[80.344062,29.511991],[80.347663,29.515438],[80.350265,29.522909],[80.352554,29.525209],[80.357467,29.527795],[80.358116,29.53067],[80.354171,29.534681],[80.34497,29.538671],[80.344306,29.540391],[80.345283,29.544694],[80.344604,29.550436],[80.345588,29.55187],[80.356414,29.553619],[80.361984,29.555356],[80.363624,29.556789],[80.364929,29.560811],[80.366561,29.56254],[80.379043,29.559692],[80.381988,29.562566],[80.384269,29.569461],[80.391151,29.571767],[80.393775,29.574354],[80.394744,29.580097],[80.405555,29.588436],[80.409812,29.59275],[80.411773,29.598783],[80.410537,29.603202],[80.41207973366554,29.60365416338551],[80.408678,29.6032],[80.40739,29.609953],[80.405759,29.612229],[80.40606,29.61361],[80.407476,29.614132],[80.407862,29.615177],[80.407905,29.621146],[80.410094,29.624392],[80.41151,29.625921],[80.417218,29.62622],[80.420737,29.629428],[80.419836,29.632972],[80.41975,29.639462],[80.417604,29.640245],[80.414042,29.643789],[80.416244,29.65101],[80.414514,29.654083],[80.41098,29.653581],[80.409665,29.65412],[80.409107,29.656208],[80.406532,29.659043],[80.398764,29.659266],[80.397133,29.662846],[80.390353,29.664263],[80.389666,29.668552],[80.39031,29.670901],[80.389251,29.672471],[80.384988,29.673921],[80.383615,29.677501],[80.384817,29.685293],[80.380825,29.687791],[80.379281,29.700504],[80.377221,29.702927],[80.374345,29.710307],[80.374603,29.711947],[80.372071,29.715861],[80.3728,29.716942],[80.37559,29.718023],[80.376405,29.719364],[80.375461,29.720781],[80.368466,29.721526],[80.365848,29.725514],[80.365762,29.728458],[80.367221,29.731216],[80.369582,29.733228],[80.36971,29.734569],[80.364346,29.739973],[80.365333,29.741761],[80.36499,29.746643],[80.366663,29.749363],[80.369195,29.750741],[80.372028,29.749213],[80.380868,29.750667],[80.385975,29.750629],[80.38649,29.751747],[80.38516,29.753684],[80.384945,29.758304],[80.386962,29.759683],[80.390825,29.760614],[80.393314,29.758416],[80.396404,29.758193],[80.397562,29.759795],[80.395975,29.765457],[80.39855,29.767171],[80.399494,29.772945],[80.402669,29.77667],[80.403871,29.776558],[80.404386,29.777489],[80.404858,29.779538],[80.403485,29.781512],[80.404815,29.783188],[80.407218,29.784417],[80.406317,29.790079],[80.407648,29.791345],[80.407733,29.793393],[80.406618,29.794771],[80.408892,29.794473],[80.409665,29.792909],[80.413613,29.791643],[80.414729,29.79492],[80.417432,29.796149],[80.421423,29.796],[80.430264,29.799017],[80.430607,29.801177],[80.433011,29.802592],[80.43507,29.806204],[80.43653,29.806167],[80.441508,29.800209],[80.445928,29.798644],[80.448546,29.79898],[80.454983,29.802517],[80.464553,29.802294],[80.475625,29.798235],[80.480046,29.795404],[80.482664,29.796224],[80.493092,29.795144],[80.494036,29.795814],[80.494171,29.798928],[80.492191,29.801586],[80.494723,29.801959],[80.495495,29.804789],[80.498929,29.806651],[80.500087,29.808401],[80.499916,29.809258],[80.497684,29.810449],[80.498242,29.811603],[80.501675,29.817822],[80.504636,29.819274],[80.506825,29.82296],[80.520215,29.826236],[80.523819,29.82888],[80.523262,29.831634],[80.523777,29.832453],[80.528197,29.833459],[80.531716,29.838559],[80.536093,29.838745],[80.53605,29.840941],[80.538625,29.847269],[80.540556,29.847381],[80.54326,29.846227],[80.546135,29.84753],[80.548624,29.850284],[80.551714,29.8498],[80.552959,29.850619],[80.553329,29.852672],[80.551242,29.855979],[80.554246,29.859329],[80.554203,29.861562],[80.56107,29.865898],[80.561027,29.867014],[80.557615,29.868298],[80.556607,29.869991],[80.559804,29.874662],[80.562314,29.875666],[80.565683,29.878922],[80.570597,29.892243],[80.571863,29.89362],[80.571992,29.895201],[80.569996,29.901172],[80.57064,29.903293],[80.568945,29.907664],[80.573987,29.923324],[80.577614,29.927378],[80.578966,29.932213],[80.581305,29.936676],[80.584609,29.93993],[80.590703,29.949078],[80.593578,29.951699],[80.601131,29.957834],[80.604715,29.959414],[80.607225,29.958652],[80.609521,29.958968],[80.61553,29.961311],[80.61922,29.963709],[80.624392,29.963876],[80.628468,29.965196],[80.631558,29.965177],[80.637695,29.9633],[80.640549,29.959507],[80.642223,29.959377],[80.649085,29.955802],[80.656278,29.95512],[80.658938,29.956403],[80.665032,29.957165],[80.674409,29.957202],[80.675976,29.958559],[80.677306,29.958671],[80.680181,29.961645],[80.682456,29.962445],[80.683636,29.966553],[80.687434,29.970085],[80.688335,29.972278],[80.691211,29.975289],[80.692262,29.975457],[80.693678,29.977353],[80.695803,29.97778],[80.697047,29.979583],[80.700287,29.979918],[80.703871,29.984044],[80.709621,29.988449],[80.712754,29.98988],[80.715887,29.994042],[80.716187,29.995845],[80.720264,30.000863],[80.724406,29.99958],[80.729234,30.000231],[80.737924,29.999246],[80.744447,30.003854],[80.74932,30.008928],[80.753631,30.020168],[80.757322,30.024107],[80.757622,30.028008],[80.755133,30.030981],[80.75612,30.034622],[80.755691,30.040009],[80.757751,30.041346],[80.759038,30.043687],[80.758137,30.045024],[80.760712,30.04937],[80.773029,30.054088],[80.776419,30.054571],[80.779938,30.057431],[80.783329,30.061479],[80.786118,30.067125],[80.787491,30.067571],[80.789079,30.069502],[80.788564,30.071619],[80.789766,30.073439],[80.791139,30.073216],[80.794401,30.077747],[80.799593,30.0812],[80.800795,30.085099],[80.805387,30.08963],[80.813026,30.092674],[80.814185,30.093417],[80.813927,30.095311],[80.816674,30.096982],[80.819334,30.096759],[80.820536,30.099321],[80.826072,30.100063],[80.82766,30.09765],[80.829248,30.097093],[80.833196,30.097798],[80.835771,30.097056],[80.845341,30.102328],[80.846084,30.106505],[80.845428,30.109948],[80.841479,30.111944],[80.844655,30.116176],[80.846972,30.117698],[80.853924,30.119331],[80.854997,30.120519],[80.859589,30.121855],[80.862636,30.121447],[80.86903,30.125493],[80.874223,30.125901],[80.877487,30.127722],[80.879116,30.132434],[80.876412,30.136554],[80.87651,30.141222],[80.873794,30.144496],[80.871305,30.152623],[80.87191,30.157304],[80.871605,30.160415],[80.870704,30.161603],[80.866971,30.16446],[80.866241,30.166055],[80.863924,30.16728],[80.854911,30.177481],[80.85371,30.179262],[80.853881,30.181636],[80.842638,30.191282],[80.838088,30.196919],[80.8362,30.200926],[80.832767,30.203447],[80.832509,30.205451],[80.827102,30.208789],[80.825471,30.213907],[80.822296,30.217245],[80.818862,30.223623],[80.815687,30.225329],[80.812511,30.22518],[80.811395,30.228368],[80.803756,30.23267],[80.797233,30.237564],[80.786762,30.249725],[80.785388,30.255212],[80.781354,30.261661],[80.77732,30.265145],[80.776634,30.26737],[80.767192,30.278044],[80.762386,30.278933],[80.759811,30.286493],[80.761013,30.293904],[80.759124,30.297165],[80.759124,30.300278],[80.757837,30.303982],[80.754833,30.307096],[80.752515,30.308132],[80.749683,30.308132],[80.74316,30.306502],[80.736122,30.308577],[80.73389,30.310652],[80.734405,30.316135],[80.717239,30.325915],[80.715866,30.328434],[80.710201,30.330657],[80.707883,30.330509],[80.705909,30.331398],[80.705051,30.333175],[80.699214,30.333767],[80.697326,30.334657],[80.695266,30.333398],[80.69252,30.333324],[80.690116,30.332286],[80.689086,30.333324],[80.686683,30.332879],[80.683937,30.333472],[80.680332,30.337028],[80.677757,30.338213],[80.673637,30.338657],[80.672264,30.340139],[80.66574,30.343249],[80.66514,30.34725],[80.662994,30.34873],[80.662651,30.351248],[80.658874,30.353916],[80.660848,30.3551],[80.655097,30.37628],[80.653553,30.379539],[80.645141,30.386499],[80.638961,30.388275],[80.637588,30.390053],[80.637931,30.391682],[80.63673,30.393459],[80.636386,30.395828],[80.635528,30.397456],[80.63364,30.398344],[80.634326,30.401749],[80.626945,30.409745],[80.626773,30.414482],[80.629005,30.416555],[80.623683,30.421735],[80.622568,30.426547],[80.622825,30.430913],[80.620422,30.434612],[80.616731,30.4375],[80.612697,30.443937],[80.608921,30.445564],[80.604972,30.444825],[80.601024,30.446897],[80.596904,30.447785],[80.592613,30.447266],[80.590209,30.446009],[80.57785,30.445638],[80.571928,30.441422],[80.561542,30.430468],[80.55459,30.426103],[80.541543,30.420181],[80.536737,30.417072],[80.535106,30.41722],[80.533046,30.420478],[80.529785,30.423216],[80.524806,30.425363],[80.530042,30.433132],[80.530042,30.43787],[80.535793,30.4412],[80.539054,30.444602],[80.540685,30.44919],[80.547723,30.448525],[80.55253,30.451114],[80.553474,30.452742],[80.555706,30.452225],[80.55931,30.454297],[80.559482,30.455776],[80.565834,30.460214],[80.56549,30.464211],[80.574932,30.464949],[80.576305,30.464211],[80.581626,30.467761],[80.593557,30.468871],[80.595874,30.468204],[80.597934,30.469684],[80.598835,30.471422],[80.606646,30.47146],[80.608663,30.464505],[80.613427,30.459364],[80.615315,30.459032],[80.623898,30.462878],[80.62746,30.457477],[80.632224,30.455332],[80.637073,30.450264],[80.64115,30.450893],[80.645785,30.448339],[80.646858,30.446563],[80.658617,30.442161],[80.659518,30.440608],[80.666728,30.436279],[80.670118,30.432503],[80.678014,30.428655],[80.678529,30.427731],[80.677456,30.423808],[80.679516,30.421809],[80.68355,30.42155],[80.686168,30.420329],[80.687456,30.418627],[80.687627,30.41563],[80.688915,30.414889],[80.692219,30.414111],[80.693163,30.413075],[80.699644,30.413594],[80.703549,30.417443],[80.706553,30.417591],[80.716037,30.413446],[80.719342,30.409264],[80.720543,30.408968],[80.729598,30.401084],[80.734105,30.40064],[80.735177,30.398307],[80.73831,30.396049],[80.741314,30.391497],[80.74552,30.387795],[80.749425,30.386905],[80.750584,30.384056],[80.750284,30.379909],[80.759167,30.375948],[80.760626,30.37254],[80.764102,30.373208],[80.765347,30.372355],[80.76775,30.367431],[80.770239,30.366542],[80.775218,30.361952],[80.777921,30.355211],[80.785388,30.353509],[80.784702,30.347693],[80.787792,30.340435],[80.801868,30.333175],[80.80101,30.32473],[80.802211,30.323248],[80.813541,30.32384],[80.820064,30.321915],[80.823669,30.316728],[80.827102,30.31495],[80.829162,30.315246],[80.833454,30.313319],[80.842723,30.316876],[80.851306,30.316357],[80.856628,30.314505],[80.860233,30.314356],[80.873107,30.305317],[80.873794,30.301316],[80.880146,30.301167],[80.885467,30.299982],[80.890102,30.302057],[80.903663,30.302945],[80.907268,30.303982],[80.90907,30.301834],[80.907096,30.298202],[80.90875973603355,30.294180739348157],[80.911645,30.29183],[80.914692,30.28679],[80.92688,30.283232],[80.928726,30.279712],[80.930442,30.278452],[80.930657,30.27645],[80.929884,30.275524],[80.925593,30.27304],[80.925765,30.269075],[80.92688,30.267073],[80.92997,30.265552],[80.935935,30.263329],[80.937395,30.263884],[80.938725,30.26622],[80.946278,30.269185],[80.951128,30.270187],[80.964045,30.269889],[80.980997,30.270667],[80.985245,30.268704],[80.98958,30.268333],[81.002326,30.264811],[81.008591,30.260142],[81.008934,30.256916],[81.011381,30.254359],[81.019449,30.251985],[81.022453,30.249132],[81.030478,30.247537],[81.03095,30.246945],[81.02815,30.24016],[81.028332,30.238695],[81.029888,30.237175],[81.029716,30.235756],[81.02683,30.230446],[81.026315,30.227554],[81.027002,30.226367],[81.030006,30.225922],[81.029748,30.219544],[81.035585,30.217911],[81.036186,30.21665],[81.040477,30.214797],[81.042537,30.211681],[81.044683,30.210643],[81.045455,30.181932],[81.046112,30.180494],[81.052062,30.178758],[81.058662,30.172711],[81.062614,30.167815],[81.065887,30.158899],[81.068534,30.157452],[81.078453,30.155706],[81.082077,30.152818],[81.085037,30.147354],[81.084014,30.139025],[81.082336,30.133566],[81.079673,30.128982],[81.079666,30.126965],[81.08625,30.117469],[81.087554,30.114019],[81.087539,30.110282],[81.085533,30.103386],[81.087837,30.100798],[81.098754,30.101912],[81.10305,30.100754],[81.10733,30.096717],[81.111267,30.089523],[81.110588,30.084639],[81.108917,30.080911],[81.104591,30.074316],[81.099258,30.063697],[81.097274,30.061691],[81.094268,30.054227],[81.092948,30.054807],[81.093338,30.053665],[81.103645,30.045703],[81.109672,30.037431],[81.120262,30.033775],[81.122947,30.029781],[81.125663,30.022333],[81.128669,30.018911],[81.136596,30.016962],[81.140884,30.016992],[81.152465,30.013061],[81.158737,30.012531],[81.172576,30.0132],[81.177505,30.014671],[81.186431,30.012149],[81.1884,30.013029],[81.192619,30.019374],[81.197219,30.021135],[81.201835,30.021446],[81.206794,30.019758],[81.209785,30.017486],[81.212806,30.01148],[81.216796,30.008342],[81.219779,30.006925],[81.224395,30.006958],[81.243133,30.011968],[81.246749,30.013711],[81.252632,30.018632],[81.253593,30.021799],[81.251586,30.02523],[81.248924,30.027229],[81.23999,30.030897],[81.241935,30.033782],[81.266265,30.042266],[81.272811,30.047199],[81.274482,30.045192],[81.281425,30.043226],[81.283432,30.04037],[81.292358,30.037553],[81.298439,30.033542],[81.304283,30.031307],[81.31594,30.032037],[81.31797,30.030656],[81.320487,30.027107],[81.323791,30.02626],[81.332031,30.026597],[81.344284,30.020923],[81.350234,30.019235],[81.351562,30.018383],[81.356903,30.010662],[81.359222,30.009241],[81.361534,30.008962],[81.36811,30.011009],[81.371734,30.011318],[81.380332,30.007923],[81.385589,30.010246],[81.389839,30.015153],[81.392463,30.016897],[81.400016,30.020956],[81.404617,30.022413],[81.412879,30.02045],[81.432083,30.010498],[81.436378,30.009662],[81.443626,30.010267],[81.446273,30.009424],[81.445617,30.008272],[81.451255,30.004566],[81.457527,30.003444],[81.460838,30.002027],[81.466156,29.996309],[81.464889,29.988258],[81.465568,29.985963],[81.472557,29.976526],[81.473236,29.974519],[81.473579,29.972507],[81.468734,29.95841],[81.465782,29.956384],[81.457557,29.95376],[81.455596,29.952308],[81.456291,29.947431],[81.459945,29.942857],[81.45935,29.934234],[81.463836,29.926015],[81.465095,29.921995],[81.462776,29.917034],[81.461364,29.907358],[81.456314,29.900127],[81.459808,29.897899],[81.464775,29.892677],[81.467727,29.890991],[81.475196,29.889722],[81.483871,29.890199],[81.494918,29.888732],[81.501815,29.891345],[81.517555,29.90233],[81.518264,29.904649],[81.514511,29.911621],[81.514053,29.915224],[81.517097,29.922149],[81.521369,29.92447],[81.533859,29.926374],[81.543304,29.926509],[81.549102,29.925052],[81.554672,29.925285],[81.559936,29.926519],[81.571723,29.93416],[81.585212,29.938526],[81.587852,29.937957],[81.590843,29.933948],[81.594146,29.932237],[81.601722,29.932838],[81.604026,29.933994],[81.61058,29.939765],[81.613868,29.941215],[81.616432,29.941514],[81.620651,29.940109],[81.631813,29.940225],[81.644927,29.947774],[81.648994,29.947036],[81.651306,29.945093],[81.654075,29.944299],[81.669578,29.941127],[81.674186,29.941431],[81.688323,29.949802],[81.693603,29.947809],[81.69725,29.94466],[81.698242,29.943223],[81.699272,29.934898],[81.703575,29.930604],[81.710517,29.926885],[81.715515,29.915405],[81.716506,29.913976],[81.719154,29.912544],[81.72245,29.912269],[81.727058,29.913427],[81.732002,29.913158],[81.740585,29.910024],[81.745605,29.908836],[81.748313,29.909172],[81.755043,29.907289],[81.764343,29.910717],[81.770576,29.910736],[81.7826,29.912425],[81.794639,29.909004],[81.798606,29.905567],[81.800262,29.902696],[81.799942,29.900396],[81.796989,29.897514],[81.799331,29.887466],[81.799377,29.875974],[81.79776,29.866769],[81.79515,29.85901],[81.795181,29.851247],[81.792572,29.845785],[81.786323,29.841747],[81.775794,29.839427],[81.768875,29.839982],[81.759635,29.844848],[81.755027,29.843971],[81.754371,29.843107],[81.755905,29.838872],[81.755592,29.8336],[81.757255,29.828712],[81.756942,29.825267],[81.754005,29.818649],[81.748092,29.815467],[81.739799,29.801887],[81.739425,29.799156],[81.739936,29.796913],[81.741149,29.795942],[81.74295,29.786396],[81.742454,29.783433],[81.739044,29.776733],[81.733375,29.770586],[81.732833,29.760244],[81.729972,29.746948],[81.730545,29.731128],[81.717903,29.722362],[81.714782,29.715106],[81.711883,29.703674],[81.711486,29.696416],[81.704544,29.685501],[81.702934,29.681587],[81.701782,29.67147],[81.705459,29.653285],[81.704933,29.64602],[81.706001,29.642053],[81.710624,29.636034],[81.716903,29.625711],[81.722831,29.621408],[81.725807,29.618257],[81.732055,29.615112],[81.742927,29.605951],[81.746871,29.606243],[81.75312,29.604537],[81.762969,29.605422],[81.771842,29.605161],[81.776443,29.603731],[81.77938,29.601903],[81.779251,29.599407],[81.78852,29.595472],[81.791206,29.59354],[81.794586,29.588241],[81.799858,29.576452],[81.799972,29.554046],[81.794006,29.5391],[81.792465,29.528854],[81.790786,29.526298],[81.785285,29.52246],[81.781898,29.507843],[81.783264,29.507284],[81.794723,29.489873],[81.80484,29.47104],[81.807792,29.454898],[81.807319,29.447719],[81.808723,29.436201],[81.805908,29.426462],[81.804878,29.424179],[81.802536,29.421916],[81.799438,29.414482],[81.795356,29.40736],[81.789306,29.399682],[81.786926,29.39541],[81.779914,29.388902],[81.775177,29.381492],[81.774093,29.376333],[81.762702,29.363853],[81.754585,29.351032],[81.74662,29.345684],[81.745231,29.341674],[81.745529,29.340236],[81.747779,29.337902],[81.748039,29.334741],[81.74504,29.332191],[81.723106,29.332223],[81.714866,29.329465],[81.703056,29.328483],[81.698448,29.32711],[81.692131,29.322311],[81.68618,29.319227],[81.682922,29.320133],[81.661262,29.317564],[81.655418,29.32023],[81.646072,29.328113],[81.643524,29.331604],[81.645812,29.349103],[81.644927,29.354003],[81.643676,29.357177],[81.641105,29.36009],[81.629478,29.368869],[81.616058,29.369337],[81.603233,29.36634],[81.598281,29.364391],[81.587463,29.363672],[81.580551,29.361751],[81.576896,29.358928],[81.57389,29.355518],[81.570487,29.348663],[81.567504,29.346694],[81.561408,29.353668],[81.558166,29.355434],[81.554847,29.352895],[81.545677,29.334329],[81.533081,29.325582],[81.524726,29.315917],[81.509231,29.309787],[81.507209,29.306371],[81.504432,29.297496],[81.497413,29.288957],[81.489097,29.281023],[81.475196,29.272001],[81.470909,29.27004],[81.469581,29.268615],[81.470199,29.266597],[81.473442,29.264833],[81.491722,29.262599],[81.493972,29.260559],[81.494903,29.257671],[81.494476,29.251926],[81.495056,29.247322],[81.498863,29.240671],[81.499443,29.236345],[81.498085,29.233489],[81.488754,29.22355],[81.487388,29.220405],[81.486206,29.208641],[81.483093,29.199201],[81.484336,29.195156],[81.488807,29.189064],[81.490669,29.183586],[81.490608,29.180133],[81.48854,29.174133],[81.488502,29.171827],[81.497192,29.163963],[81.498039,29.156768],[81.499282,29.153018],[81.502182,29.15068],[81.505775,29.150341],[81.519523,29.151897],[81.525726,29.151529],[81.531547,29.148004],[81.537208,29.135854],[81.541717,29.132066],[81.560562,29.126352],[81.566459,29.12714],[81.568389,29.126066],[81.564079,29.123262],[81.55233,29.118118],[81.540885,29.107242],[81.535331,29.103809],[81.527824,29.101818],[81.522933,29.099538],[81.516067,29.092657],[81.511169,29.089511],[81.497802,29.087539],[81.485397,29.081247],[81.477897,29.079254],[81.473655,29.077251],[81.470062,29.073528],[81.467445,29.06636],[81.451782,29.056625],[81.448844,29.053478],[81.440673,29.042587],[81.43544,29.033699],[81.427276,29.023372],[81.416847,29.017366],[81.416191,29.015933],[81.415855,29.011344],[81.418441,29.002729],[81.417785,28.999855],[81.413543,28.995563],[81.413871,28.994127],[81.422317,28.984926],[81.424263,28.981765],[81.425224,28.973442],[81.42424,28.969709],[81.425209,28.965976],[81.434623,28.956201],[81.437553,28.955331],[81.442764,28.956476],[81.445037,28.953022],[81.445983,28.942977],[81.448257,28.938379],[81.455078,28.933485],[81.458,28.930318],[81.469367,28.923412],[81.47293,28.917085],[81.479095,28.910469],[81.48233,28.902135],[81.484596,28.898403],[81.491729,28.891492],[81.498229,28.888607],[81.506683,28.886863],[81.509925,28.885419],[81.516403,28.8745],[81.526771,28.863559],[81.533248,28.855222],[81.53778,28.847455],[81.540336,28.835105],[81.551971,28.815261],[81.555503,28.80377],[81.559051,28.795719],[81.578819,28.780162],[81.583023,28.774118],[81.584297,28.768945],[81.584281,28.763488],[81.581321,28.755174],[81.578063,28.753746],[81.56929,28.753204],[81.544578,28.746387],[81.533203,28.745269],[81.524108,28.74645],[81.522491,28.748464],[81.522819,28.7499],[81.533561,28.756469],[81.534225,28.759908],[81.531005,28.769107],[81.52777,28.772848],[81.518692,28.777179],[81.517395,28.778621],[81.51741,28.784358],[81.519065,28.792106],[81.523307,28.798978],[81.522674,28.803293],[81.517158,28.806463],[81.51229,28.8082],[81.506454,28.812519],[81.499656,28.821723],[81.4906,28.83839],[81.488655,28.84012],[81.477615,28.843881],[81.471771,28.847621],[81.466896,28.849645],[81.464302,28.85223],[81.464309,28.853672],[81.467575,28.860549],[81.46305,28.870889],[81.46273,28.873191],[81.463722,28.880075],[81.466339,28.883802],[81.467323,28.886671],[81.467323,28.888391],[81.466026,28.890409],[81.462455,28.892711],[81.443603,28.897344],[81.438079,28.901374],[81.431915,28.907411],[81.425079,28.908002],[81.415657,28.911176],[81.411102,28.91032],[81.394821,28.905464],[81.385047,28.897447],[81.373001,28.890577],[81.366821,28.888868],[81.354133,28.888597],[81.349906,28.889175],[81.342109,28.891765],[81.339508,28.894931],[81.335296,28.904117],[81.333671,28.905841],[81.328468,28.905559],[81.32521,28.907285],[81.320343,28.916191],[81.318717,28.917625],[81.311569,28.919645],[81.307014,28.922801],[81.303436,28.923666],[81.286842,28.921098],[81.28424,28.919664],[81.2761,28.91279],[81.270889,28.90504],[81.268943,28.90332],[81.264389,28.901891],[81.258857,28.903617],[81.251708,28.910793],[81.24813,28.911945],[81.245529,28.910799],[81.240318,28.904767],[81.233161,28.903623],[81.211051,28.903923],[81.19609,28.911964],[81.183731,28.913969],[81.16909,28.919706],[81.165512,28.921998],[81.159332,28.92831],[81.148918,28.935482],[81.143707,28.943229],[81.135574,28.947528],[81.126457,28.956995],[81.117996,28.962448],[81.111808,28.96359],[81.097496,28.961862],[81.091316,28.963859],[81.076347,28.964998],[81.061698,28.969291],[81.052261,28.974157],[81.050308,28.974439],[81.048675,28.974151],[81.045104,28.969842],[81.030807,28.960647],[81.023338,28.952033],[81.021713,28.951745],[81.008697,28.954603],[80.999916,28.952293],[80.988555,28.943962],[80.984329,28.939939],[80.984336,28.937356],[80.986618,28.934488]],[[80.431106,29.61574],[80.431114,29.613735],[80.4311060039671,29.61574000524915],[80.431106,29.61574]],[[80.507919,29.641399],[80.50792599218441,29.640534965782987],[80.507926,29.640535],[80.507919,29.641399]],[[81.07184600265555,29.817229983311538],[81.071846,29.817229],[81.072166,29.815219],[81.07184600265555,29.817229983311538]],[[81.071861,29.822118],[81.07154,29.823841],[81.07122,29.825284],[81.07154,29.82384],[81.071861,29.822118]],[[81.07122,29.825284],[81.067924,29.82673],[81.06694,29.82673],[81.062988,29.82847],[81.064636,29.827597],[81.06694,29.826729],[81.067924,29.826729],[81.07122,29.825284]],[[81.06134,29.829042],[81.059692,29.829914],[81.057388,29.831069],[81.059692,29.829913],[81.06134,29.829042]],[[81.054107,29.833379],[81.050811,29.835687],[81.048187,29.837125],[81.050811,29.835686],[81.054107,29.833379]],[[81.040641,29.849214],[81.040321,29.850946],[81.040641,29.849213],[81.040641,29.849214]],[[81.0400000044719,29.85353196397404],[81.04,29.853531],[81.040321,29.850946],[81.0400000044719,29.85353196397404]],[[81.040016,29.856981],[81.039695,29.858991],[81.04001599549198,29.85698002824178],[81.040016,29.856981]],[[81.03773412011289,29.864167716745047],[81.037734,29.864167],[81.038711,29.861864],[81.03773412011289,29.864167716745047]],[[81.041061,29.871627],[81.039772,29.879392],[81.04106088396648,29.871626699081734],[81.041061,29.871627]],[[81.041763,29.883407],[81.040779,29.885135],[81.0417628343514,29.88340629106344],[81.041763,29.883407]],[[81.040779,29.885135],[81.036178,29.889741],[81.03421,29.893199],[81.036178,29.88974],[81.038475,29.887154],[81.040779,29.885135]],[[81.032577,29.896366],[81.031593,29.898948],[81.030281,29.901256],[81.031593,29.898947],[81.032577,29.896366]],[[81.02996,29.903842],[81.029312,29.906135],[81.030281,29.901256],[81.02996,29.903842]],[[81.027999,29.909019],[81.026351,29.910457],[81.020095,29.913349],[81.026351,29.910456],[81.027999,29.909018],[81.029312,29.906135],[81.027999,29.909019]],[[81.010223,29.921991],[81.016807,29.915646],[81.018447,29.914499],[81.010223,29.921991]],[[81.010223,29.921991],[81.004959,29.927179],[81.003326,29.930622],[81.004959,29.927178],[81.006607,29.925154],[81.010223,29.921991]],[[81.021255,29.962761],[81.02191086436709,29.96017353508838],[81.020599,29.9642],[81.021255,29.962761]],[[81.020629,29.97368],[81.019317,29.976274],[81.018005,29.977996],[81.019317,29.976273],[81.020629,29.97368]],[[80.906925,30.297757],[80.906925,30.296831],[80.90871298118223,30.294248276334642],[80.906925,30.297757]]]}}]}